Datum,sh_to_wh_ratio
2013-01-01T00:00:00,0.3434782608695652
2013-01-01T01:00:00,0.3496503496503496
2013-01-01T02:00:00,0.3951367781155015
2013-01-01T03:00:00,0.44140625
2013-01-01T04:00:00,0.3807829181494662
2013-01-01T05:00:00,0.4870689655172414
2013-01-01T06:00:00,0.5141509433962265
2013-01-01T07:00:00,0.4782608695652174
2013-01-01T08:00:00,0.5181347150259067
2013-01-01T09:00:00,0.4973262032085561
2013-01-01T10:00:00,0.5174418604651163
2013-01-01T11:00:00,0.5555555555555556
2013-01-01T12:00:00,0.5508982035928144
2013-01-01T13:00:00,0.5823529411764706
2013-01-01T14:00:00,0.5852272727272727
2013-01-01T15:00:00,0.5483870967741935
2013-01-01T16:00:00,0.517948717948718
2013-01-01T17:00:00,0.53
2013-01-01T18:00:00,0.4754901960784313
2013-01-01T19:00:00,0.4972972972972973
2013-01-01T20:00:00,0.4968152866242038
2013-01-01T21:00:00,0.5548387096774193
2013-01-01T22:00:00,0.5056818181818182
2013-01-01T23:00:00,0.5054945054945055
2013-01-02T00:00:00,0.5306122448979592
2013-01-02T01:00:00,0.4808510638297872
2013-01-02T02:00:00,0.3538961038961039
2013-01-02T03:00:00,0.3724928366762177
2013-01-02T04:00:00,0.3950276243093923
2013-01-02T05:00:00,0.5111111111111111
2013-01-02T06:00:00,0.5136054421768708
2013-01-02T07:00:00,0.4982078853046595
2013-01-02T08:00:00,0.4941634241245136
2013-01-02T09:00:00,0.5
2013-01-02T10:00:00,0.5535714285714286
2013-01-02T11:00:00,0.5694444444444444
2013-01-02T12:00:00,0.5747663551401869
2013-01-02T13:00:00,0.6103286384976526
2013-01-02T14:00:00,0.6018518518518519
2013-01-02T15:00:00,0.5990990990990991
2013-01-02T16:00:00,0.5454545454545454
2013-01-02T17:00:00,0.5148936170212766
2013-01-02T18:00:00,0.5251141552511416
2013-01-02T19:00:00,0.4871794871794872
2013-01-02T20:00:00,0.5365853658536586
2013-01-02T21:00:00,0.6162790697674418
2013-01-02T22:00:00,0.5654450261780105
2013-01-02T23:00:00,0.5656565656565656
2013-01-03T00:00:00,0.5868544600938967
2013-01-03T01:00:00,0.5291828793774319
2013-01-03T02:00:00,0.4161676646706587
2013-01-03T03:00:00,0.4274611398963731
2013-01-03T04:00:00,0.4511278195488722
2013-01-03T05:00:00,0.5516304347826086
2013-01-03T06:00:00,0.5473372781065089
2013-01-03T07:00:00,0.5297805642633229
2013-01-03T08:00:00,0.5302013422818792
2013-01-03T09:00:00,0.5335689045936396
2013-01-03T10:00:00,0.5923076923076923
2013-01-03T11:00:00,0.6224899598393574
2013-01-03T12:00:00,0.6296296296296297
2013-01-03T13:00:00,0.6694915254237288
2013-01-03T14:00:00,0.6570247933884298
2013-01-03T15:00:00,0.6375
2013-01-03T16:00:00,0.592
2013-01-03T17:00:00,0.5776892430278885
2013-01-03T18:00:00,0.5854700854700855
2013-01-03T19:00:00,0.5436893203883495
2013-01-03T20:00:00,0.5965909090909091
2013-01-03T21:00:00,0.644808743169399
2013-01-03T22:00:00,0.5960591133004927
2013-01-03T23:00:00,0.5971563981042654
2013-01-04T00:00:00,0.6167400881057269
2013-01-04T01:00:00,0.5588235294117647
2013-01-04T02:00:00,0.4488636363636364
2013-01-04T03:00:00,0.4619164619164619
2013-01-04T04:00:00,0.4845605700712589
2013-01-04T05:00:00,0.5784061696658098
2013-01-04T06:00:00,0.5766016713091922
2013-01-04T07:00:00,0.56047197640118
2013-01-04T08:00:00,0.5619047619047619
2013-01-04T09:00:00,0.5633333333333334
2013-01-04T10:00:00,0.6195652173913043
2013-01-04T11:00:00,0.650375939849624
2013-01-04T12:00:00,0.6590038314176245
2013-01-04T13:00:00,0.6956521739130435
2013-01-04T14:00:00,0.6821705426356589
2013-01-04T15:00:00,0.6640625
2013-01-04T16:00:00,0.6203007518796992
2013-01-04T17:00:00,0.6052631578947368
2013-01-04T18:00:00,0.6129032258064516
2013-01-04T19:00:00,0.5707762557077626
2013-01-04T20:00:00,0.6256684491978609
2013-01-04T21:00:00,0.6649746192893401
2013-01-04T22:00:00,0.6175115207373272
2013-01-04T23:00:00,0.6177777777777778
2013-01-05T00:00:00,0.6333333333333333
2013-01-05T01:00:00,0.5754385964912281
2013-01-05T02:00:00,0.4715447154471545
2013-01-05T03:00:00,0.4812206572769953
2013-01-05T04:00:00,0.5022727272727273
2013-01-05T05:00:00,0.5935960591133005
2013-01-05T06:00:00,0.5941644562334217
2013-01-05T07:00:00,0.5798319327731093
2013-01-05T08:00:00,0.5808383233532934
2013-01-05T09:00:00,0.583596214511041
2013-01-05T10:00:00,0.6394557823129252
2013-01-05T11:00:00,0.6678445229681979
2013-01-05T12:00:00,0.6762589928057554
2013-01-05T13:00:00,0.7121771217712177
2013-01-05T14:00:00,0.6992753623188406
2013-01-05T15:00:00,0.6813186813186813
2013-01-05T16:00:00,0.6370106761565836
2013-01-05T17:00:00,0.624113475177305
2013-01-05T18:00:00,0.6297709923664122
2013-01-05T19:00:00,0.5948275862068966
2013-01-05T20:00:00,0.645
2013-01-05T21:00:00,0.6619718309859155
2013-01-05T22:00:00,0.6375545851528385
2013-01-05T23:00:00,0.6398305084745762
2013-01-06T00:00:00,0.6544715447154471
2013-01-06T01:00:00,0.608540925266904
2013-01-06T02:00:00,0.5081521739130435
2013-01-06T03:00:00,0.5393518518518519
2013-01-06T04:00:00,0.5359477124183006
2013-01-06T05:00:00,0.6061320754716981
2013-01-06T06:00:00,0.6105527638190955
2013-01-06T07:00:00,0.616
2013-01-06T08:00:00,0.6221590909090909
2013-01-06T09:00:00,0.6186186186186187
2013-01-06T10:00:00,0.6549520766773163
2013-01-06T11:00:00,0.6993243243243243
2013-01-06T12:00:00,0.7084745762711865
2013-01-06T13:00:00,0.7456445993031359
2013-01-06T14:00:00,0.7133105802047781
2013-01-06T15:00:00,0.6949152542372882
2013-01-06T16:00:00,0.6381578947368421
2013-01-06T17:00:00,0.6321070234113713
2013-01-06T18:00:00,0.6289752650176679
2013-01-06T19:00:00,0.6224899598393574
2013-01-06T20:00:00,0.6713615023474179
2013-01-06T21:00:00,0.6053811659192825
2013-01-06T22:00:00,0.6
2013-01-06T23:00:00,0.6854460093896714
2013-01-07T00:00:00,0.6455696202531646
2013-01-07T01:00:00,0.6133828996282528
2013-01-07T02:00:00,0.6184615384615385
2013-01-07T03:00:00,0.5469879518072289
2013-01-07T04:00:00,0.5284360189573459
2013-01-07T05:00:00,0.6099476439790575
2013-01-07T06:00:00,0.6324786324786325
2013-01-07T07:00:00,0.5742857142857143
2013-01-07T08:00:00,0.6571428571428571
2013-01-07T09:00:00,0.6418918918918919
2013-01-07T10:00:00,0.6766917293233082
2013-01-07T11:00:00,0.5704225352112676
2013-01-07T12:00:00,0.6057347670250897
2013-01-07T13:00:00,0.6557971014492754
2013-01-07T14:00:00,0.7238805970149254
2013-01-07T15:00:00,0.706959706959707
2013-01-07T16:00:00,0.6865671641791045
2013-01-07T17:00:00,0.688212927756654
2013-01-07T18:00:00,0.6541353383458647
2013-01-07T19:00:00,0.6527196652719666
2013-01-07T20:00:00,0.7009803921568627
2013-01-07T21:00:00,0.6561085972850679
2013-01-07T22:00:00,0.6072874493927125
2013-01-07T23:00:00,0.5604838709677419
2013-01-08T00:00:00,0.4966666666666666
2013-01-08T01:00:00,0.4904109589041096
2013-01-08T02:00:00,0.5295508274231678
2013-01-08T03:00:00,0.5925925925925926
2013-01-08T04:00:00,0.5258855585831063
2013-01-08T05:00:00,0.6349693251533742
2013-01-08T06:00:00,0.6611842105263158
2013-01-08T07:00:00,0.6338983050847458
2013-01-08T08:00:00,0.6702127659574468
2013-01-08T09:00:00,0.6531365313653137
2013-01-08T10:00:00,0.6770428015564203
2013-01-08T11:00:00,0.7054263565891473
2013-01-08T12:00:00,0.7093023255813954
2013-01-08T13:00:00,0.7248062015503876
2013-01-08T14:00:00,0.7316176470588235
2013-01-08T15:00:00,0.7021276595744681
2013-01-08T16:00:00,0.6690140845070423
2013-01-08T17:00:00,0.6724738675958188
2013-01-08T18:00:00,0.6284722222222222
2013-01-08T19:00:00,0.63671875
2013-01-08T20:00:00,0.6609442060085837
2013-01-08T21:00:00,0.676056338028169
2013-01-08T22:00:00,0.6266094420600858
2013-01-08T23:00:00,0.6265560165975104
2013-01-09T00:00:00,0.6434108527131783
2013-01-09T01:00:00,0.5919732441471572
2013-01-09T02:00:00,0.4910485933503836
2013-01-09T03:00:00,0.504524886877828
2013-01-09T04:00:00,0.5176211453744494
2013-01-09T05:00:00,0.6206896551724138
2013-01-09T06:00:00,0.6276041666666666
2013-01-09T07:00:00,0.6195652173913043
2013-01-09T08:00:00,0.6209912536443148
2013-01-09T09:00:00,0.6207951070336392
2013-01-09T10:00:00,0.6721311475409836
2013-01-09T11:00:00,0.6868686868686869
2013-01-09T12:00:00,0.6915254237288135
2013-01-09T13:00:00,0.7167235494880546
2013-01-09T14:00:00,0.7114093959731543
2013-01-09T15:00:00,0.7033333333333334
2013-01-09T16:00:00,0.6579804560260586
2013-01-09T17:00:00,0.625
2013-01-09T18:00:00,0.6350877192982456
2013-01-09T19:00:00,0.6078431372549019
2013-01-09T20:00:00,0.6545454545454545
2013-01-09T21:00:00,0.6732673267326733
2013-01-09T22:00:00,0.6261261261261262
2013-01-09T23:00:00,0.6244541484716157
2013-01-10T00:00:00,0.6408163265306123
2013-01-10T01:00:00,0.5813148788927336
2013-01-10T02:00:00,0.48
2013-01-10T03:00:00,0.4884259259259259
2013-01-10T04:00:00,0.5089686098654709
2013-01-10T05:00:00,0.5985401459854015
2013-01-10T06:00:00,0.6005221932114883
2013-01-10T07:00:00,0.5867768595041323
2013-01-10T08:00:00,0.5882352941176471
2013-01-10T09:00:00,0.5913312693498453
2013-01-10T10:00:00,0.6466666666666666
2013-01-10T11:00:00,0.6736111111111112
2013-01-10T12:00:00,0.6842105263157895
2013-01-10T13:00:00,0.7194244604316546
2013-01-10T14:00:00,0.7056737588652482
2013-01-10T15:00:00,0.6881720430107527
2013-01-10T16:00:00,0.6433566433566433
2013-01-10T17:00:00,0.6293706293706294
2013-01-10T18:00:00,0.6367041198501873
2013-01-10T19:00:00,0.6016949152542372
2013-01-10T20:00:00,0.6536585365853659
2013-01-10T21:00:00,0.6596858638743456
2013-01-10T22:00:00,0.6113744075829384
2013-01-10T23:00:00,0.6118721461187214
2013-01-11T00:00:00,0.6282051282051282
2013-01-11T01:00:00,0.5683453237410072
2013-01-11T02:00:00,0.4640883977900552
2013-01-11T03:00:00,0.4748201438848921
2013-01-11T04:00:00,0.4965197215777262
2013-01-11T05:00:00,0.5869017632241813
2013-01-11T06:00:00,0.5880758807588076
2013-01-11T07:00:00,0.5730659025787965
2013-01-11T08:00:00,0.5766871165644172
2013-01-11T09:00:00,0.5774193548387097
2013-01-11T10:00:00,0.6328671328671329
2013-01-11T11:00:00,0.6618181818181819
2013-01-11T12:00:00,0.6715867158671587
2013-01-11T13:00:00,0.7083333333333334
2013-01-11T14:00:00,0.6940298507462687
2013-01-11T15:00:00,0.6766917293233082
2013-01-11T16:00:00,0.6313868613138686
2013-01-11T17:00:00,0.6181818181818182
2013-01-11T18:00:00,0.625
2013-01-11T19:00:00,0.5859030837004405
2013-01-11T20:00:00,0.6410256410256411
2013-01-11T21:00:00,0.6580310880829016
2013-01-11T22:00:00,0.6103286384976526
2013-01-11T23:00:00,0.6090909090909091
2013-01-12T00:00:00,0.625531914893617
2013-01-12T01:00:00,0.5663082437275986
2013-01-12T02:00:00,0.4628099173553719
2013-01-12T03:00:00,0.4712918660287082
2013-01-12T04:00:00,0.4930555555555556
2013-01-12T05:00:00,0.585427135678392
2013-01-12T06:00:00,0.5864864864864865
2013-01-12T07:00:00,0.5714285714285714
2013-01-12T08:00:00,0.573170731707317
2013-01-12T09:00:00,0.5755627009646302
2013-01-12T10:00:00,0.6319444444444444
2013-01-12T11:00:00,0.6606498194945848
2013-01-12T12:00:00,0.6691176470588235
2013-01-12T13:00:00,0.7056603773584905
2013-01-12T14:00:00,0.6925925925925925
2013-01-12T15:00:00,0.6741573033707865
2013-01-12T16:00:00,0.6290909090909091
2013-01-12T17:00:00,0.6159420289855072
2013-01-12T18:00:00,0.622568093385214
2013-01-12T19:00:00,0.5859030837004405
2013-01-12T20:00:00,0.6377551020408163
2013-01-12T21:00:00,0.6587677725118484
2013-01-12T22:00:00,0.6343612334801763
2013-01-12T23:00:00,0.6367521367521367
2013-01-13T00:00:00,0.6516393442622951
2013-01-13T01:00:00,0.6057347670250897
2013-01-13T02:00:00,0.505464480874317
2013-01-13T03:00:00,0.5382830626450116
2013-01-13T04:00:00,0.5339168490153173
2013-01-13T05:00:00,0.6061320754716981
2013-01-13T06:00:00,0.6095717884130982
2013-01-13T07:00:00,0.6149732620320856
2013-01-13T08:00:00,0.62
2013-01-13T09:00:00,0.6174698795180723
2013-01-13T10:00:00,0.6527331189710611
2013-01-13T11:00:00,0.6983050847457627
2013-01-13T12:00:00,0.7054794520547946
2013-01-13T13:00:00,0.7429577464788732
2013-01-13T14:00:00,0.711340206185567
2013-01-13T15:00:00,0.6928327645051194
2013-01-13T16:00:00,0.636963696369637
2013-01-13T17:00:00,0.6308724832214765
2013-01-13T18:00:00,0.6276595744680851
2013-01-13T19:00:00,0.6194331983805668
2013-01-13T20:00:00,0.6698113207547169
2013-01-13T21:00:00,0.6363636363636364
2013-01-13T22:00:00,0.6302521008403361
2013-01-13T23:00:00,0.7112068965517241
2013-01-14T00:00:00,0.6705882352941176
2013-01-14T01:00:00,0.6363636363636364
2013-01-14T02:00:00,0.6436781609195402
2013-01-14T03:00:00,0.5736961451247166
2013-01-14T04:00:00,0.5538116591928252
2013-01-14T05:00:00,0.6320987654320988
2013-01-14T06:00:00,0.6550802139037433
2013-01-14T07:00:00,0.6016042780748663
2013-01-14T08:00:00,0.6814159292035398
2013-01-14T09:00:00,0.6666666666666666
2013-01-14T10:00:00,0.7034482758620689
2013-01-14T11:00:00,0.6051779935275081
2013-01-14T12:00:00,0.6357615894039735
2013-01-14T13:00:00,0.6833333333333333
2013-01-14T14:00:00,0.7465753424657534
2013-01-14T15:00:00,0.7288135593220338
2013-01-14T16:00:00,0.7103448275862069
2013-01-14T17:00:00,0.7092198581560284
2013-01-14T18:00:00,0.6783216783216783
2013-01-14T19:00:00,0.67578125
2013-01-14T20:00:00,0.7252252252252253
2013-01-14T21:00:00,0.7164179104477612
2013-01-14T22:00:00,0.6655172413793103
2013-01-14T23:00:00,0.6292517006802721
2013-01-15T00:00:00,0.5660919540229885
2013-01-15T01:00:00,0.5507246376811594
2013-01-15T02:00:00,0.5896907216494846
2013-01-15T03:00:00,0.655421686746988
2013-01-15T04:00:00,0.5972222222222222
2013-01-15T05:00:00,0.6964285714285714
2013-01-15T06:00:00,0.7185792349726776
2013-01-15T07:00:00,0.6966292134831461
2013-01-15T08:00:00,0.7304347826086957
2013-01-15T09:00:00,0.7151515151515152
2013-01-15T10:00:00,0.7381703470031545
2013-01-15T11:00:00,0.7587301587301587
2013-01-15T12:00:00,0.7663551401869159
2013-01-15T13:00:00,0.7760252365930599
2013-01-15T14:00:00,0.7807807807807807
2013-01-15T15:00:00,0.7536656891495601
2013-01-15T16:00:00,0.7251461988304093
2013-01-15T17:00:00,0.7243401759530792
2013-01-15T18:00:00,0.6871345029239766
2013-01-15T19:00:00,0.6920529801324503
2013-01-15T20:00:00,0.7168458781362007
2013-01-15T21:00:00,0.7544483985765125
2013-01-15T22:00:00,0.7128712871287128
2013-01-15T23:00:00,0.7106109324758842
2013-01-16T00:00:00,0.7203647416413373
2013-01-16T01:00:00,0.667574931880109
2013-01-16T02:00:00,0.5862785862785863
2013-01-16T03:00:00,0.5996343692870201
2013-01-16T04:00:00,0.6117021276595744
2013-01-16T05:00:00,0.7015503875968992
2013-01-16T06:00:00,0.7105263157894737
2013-01-16T07:00:00,0.7021276595744681
2013-01-16T08:00:00,0.7065462753950339
2013-01-16T09:00:00,0.7082352941176471
2013-01-16T10:00:00,0.7506234413965087
2013-01-16T11:00:00,0.7603092783505154
2013-01-16T12:00:00,0.7630208333333334
2013-01-16T13:00:00,0.7810026385224275
2013-01-16T14:00:00,0.7789203084832905
2013-01-16T15:00:00,0.7712082262210797
2013-01-16T16:00:00,0.732824427480916
2013-01-16T17:00:00,0.7007874015748031
2013-01-16T18:00:00,0.7111111111111111
2013-01-16T19:00:00,0.6960486322188449
2013-01-16T20:00:00,0.7370242214532872
2013-01-16T21:00:00,0.7651245551601423
2013-01-16T22:00:00,0.7260726072607261
2013-01-16T23:00:00,0.7225806451612903
2013-01-17T00:00:00,0.7317073170731707
2013-01-17T01:00:00,0.6684931506849315
2013-01-17T02:00:00,0.592901878914405
2013-01-17T03:00:00,0.5996376811594203
2013-01-17T04:00:00,0.6151142355008787
2013-01-17T05:00:00,0.6933085501858736
2013-01-17T06:00:00,0.6964285714285714
2013-01-17T07:00:00,0.6868475991649269
2013-01-17T08:00:00,0.6936542669584245
2013-01-17T09:00:00,0.696551724137931
2013-01-17T10:00:00,0.7389162561576355
2013-01-17T11:00:00,0.7614213197969543
2013-01-17T12:00:00,0.7709923664122137
2013-01-17T13:00:00,0.7958115183246073
2013-01-17T14:00:00,0.7855297157622739
2013-01-17T15:00:00,0.7716535433070866
2013-01-17T16:00:00,0.7364341085271318
2013-01-17T17:00:00,0.7195767195767195
2013-01-17T18:00:00,0.7228571428571429
2013-01-17T19:00:00,0.70625
2013-01-17T20:00:00,0.7508771929824561
2013-01-17T21:00:00,0.7601476014760148
2013-01-17T22:00:00,0.7201365187713311
2013-01-17T23:00:00,0.717607973421927
2013-01-18T00:00:00,0.7272727272727273
2013-01-18T01:00:00,0.6638655462184874
2013-01-18T02:00:00,0.5854700854700855
2013-01-18T03:00:00,0.5921787709497207
2013-01-18T04:00:00,0.609009009009009
2013-01-18T05:00:00,0.6852207293666027
2013-01-18T06:00:00,0.689161554192229
2013-01-18T07:00:00,0.6802575107296137
2013-01-18T08:00:00,0.6870748299319728
2013-01-18T09:00:00,0.6888361045130641
2013-01-18T10:00:00,0.733502538071066
2013-01-18T11:00:00,0.7559055118110236
2013-01-18T12:00:00,0.7657894736842106
2013-01-18T13:00:00,0.7924528301886793
2013-01-18T14:00:00,0.7813333333333333
2013-01-18T15:00:00,0.7669376693766937
2013-01-18T16:00:00,0.7299465240641712
2013-01-18T17:00:00,0.7138964577656676
2013-01-18T18:00:00,0.718475073313783
2013-01-18T19:00:00,0.6977491961414791
2013-01-18T20:00:00,0.7454545454545455
2013-01-18T21:00:00,0.7238493723849372
2013-01-18T22:00:00,0.6819923371647509
2013-01-18T23:00:00,0.6802973977695167
2013-01-19T00:00:00,0.6912280701754386
2013-01-19T01:00:00,0.6288343558282209
2013-01-19T02:00:00,0.5411764705882353
2013-01-19T03:00:00,0.5452674897119342
2013-01-19T04:00:00,0.562874251497006
2013-01-19T05:00:00,0.6413043478260869
2013-01-19T06:00:00,0.6490825688073395
2013-01-19T07:00:00,0.6402877697841727
2013-01-19T08:00:00,0.6428571428571429
2013-01-19T09:00:00,0.6451612903225806
2013-01-19T10:00:00,0.6962750716332379
2013-01-19T11:00:00,0.7210682492581603
2013-01-19T12:00:00,0.7321428571428571
2013-01-19T13:00:00,0.7643504531722054
2013-01-19T14:00:00,0.7492447129909365
2013-01-19T15:00:00,0.7331288343558282
2013-01-19T16:00:00,0.6909090909090909
2013-01-19T17:00:00,0.6778115501519757
2013-01-19T18:00:00,0.6830065359477124
2013-01-19T19:00:00,0.656934306569343
2013-01-19T20:00:00,0.7053941908713693
2013-01-19T21:00:00,0.6923076923076923
2013-01-19T22:00:00,0.6693227091633466
2013-01-19T23:00:00,0.6718146718146718
2013-01-20T00:00:00,0.6828358208955224
2013-01-20T01:00:00,0.636963696369637
2013-01-20T02:00:00,0.5452261306532663
2013-01-20T03:00:00,0.5720430107526882
2013-01-20T04:00:00,0.5670731707317073
2013-01-20T05:00:00,0.6313465783664459
2013-01-20T06:00:00,0.6386946386946387
2013-01-20T07:00:00,0.645320197044335
2013-01-20T08:00:00,0.6518324607329843
2013-01-20T09:00:00,0.6481994459833795
2013-01-20T10:00:00,0.6823529411764706
2013-01-20T11:00:00,0.7244582043343654
2013-01-20T12:00:00,0.7337461300309598
2013-01-20T13:00:00,0.7697160883280757
2013-01-20T14:00:00,0.7391304347826086
2013-01-20T15:00:00,0.7204968944099379
2013-01-20T16:00:00,0.6666666666666666
2013-01-20T17:00:00,0.6604938271604939
2013-01-20T18:00:00,0.6568627450980392
2013-01-20T19:00:00,0.6518518518518519
2013-01-20T20:00:00,0.6995708154506438
2013-01-20T21:00:00,0.6239316239316239
2013-01-20T22:00:00,0.6173913043478261
2013-01-20T23:00:00,0.7008928571428571
2013-01-21T00:00:00,0.659919028340081
2013-01-21T01:00:00,0.6272401433691757
2013-01-21T02:00:00,0.6331360946745562
2013-01-21T03:00:00,0.5627906976744186
2013-01-21T04:00:00,0.542528735632184
2013-01-21T05:00:00,0.6227848101265823
2013-01-21T06:00:00,0.6446280991735537
2013-01-21T07:00:00,0.5895316804407713
2013-01-21T08:00:00,0.6717325227963525
2013-01-21T09:00:00,0.6558441558441559
2013-01-21T10:00:00,0.6928571428571428
2013-01-21T11:00:00,0.5906040268456376
2013-01-21T12:00:00,0.6232876712328768
2013-01-21T13:00:00,0.6724137931034483
2013-01-21T14:00:00,0.7375886524822695
2013-01-21T15:00:00,0.7202797202797203
2013-01-21T16:00:00,0.7
2013-01-21T17:00:00,0.6996336996336996
2013-01-21T18:00:00,0.6690647482014388
2013-01-21T19:00:00,0.6653225806451613
2013-01-21T20:00:00,0.7162790697674418
2013-01-21T21:00:00,0.6576576576576577
2013-01-21T22:00:00,0.6056910569105691
2013-01-21T23:00:00,0.5587044534412956
2013-01-22T00:00:00,0.4949832775919732
2013-01-22T01:00:00,0.489010989010989
2013-01-22T02:00:00,0.5273159144893111
2013-01-22T03:00:00,0.5914285714285714
2013-01-22T04:00:00,0.5245901639344263
2013-01-22T05:00:00,0.6349693251533742
2013-01-22T06:00:00,0.6611842105263158
2013-01-22T07:00:00,0.6338983050847458
2013-01-22T08:00:00,0.6702127659574468
2013-01-22T09:00:00,0.6531365313653137
2013-01-22T10:00:00,0.6782945736434108
2013-01-22T11:00:00,0.7065637065637066
2013-01-22T12:00:00,0.7115384615384616
2013-01-22T13:00:00,0.7248062015503876
2013-01-22T14:00:00,0.7326007326007326
2013-01-22T15:00:00,0.7021276595744681
2013-01-22T16:00:00,0.6701754385964912
2013-01-22T17:00:00,0.6724738675958188
2013-01-22T18:00:00,0.6284722222222222
2013-01-22T19:00:00,0.6352941176470588
2013-01-22T20:00:00,0.6609442060085837
2013-01-22T21:00:00,0.6919642857142857
2013-01-22T22:00:00,0.6419753086419753
2013-01-22T23:00:00,0.6414342629482072
2013-01-23T00:00:00,0.6579925650557621
2013-01-23T01:00:00,0.6038961038961039
2013-01-23T02:00:00,0.5074257425742574
2013-01-23T03:00:00,0.5207877461706784
2013-01-23T04:00:00,0.532051282051282
2013-01-23T05:00:00,0.6324582338902148
2013-01-23T06:00:00,0.6407035175879398
2013-01-23T07:00:00,0.6335078534031413
2013-01-23T08:00:00,0.6368715083798883
2013-01-23T09:00:00,0.6352941176470588
2013-01-23T10:00:00,0.6875
2013-01-23T11:00:00,0.7009646302250804
2013-01-23T12:00:00,0.707395498392283
2013-01-23T13:00:00,0.7296416938110749
2013-01-23T14:00:00,0.7252396166134185
2013-01-23T15:00:00,0.7165605095541401
2013-01-23T16:00:00,0.670846394984326
2013-01-23T17:00:00,0.6369426751592356
2013-01-23T18:00:00,0.6474576271186441
2013-01-23T19:00:00,0.6212121212121212
2013-01-23T20:00:00,0.6695652173913044
2013-01-23T21:00:00,0.7226890756302521
2013-01-23T22:00:00,0.6807692307692308
2013-01-23T23:00:00,0.6791044776119403
2013-01-24T00:00:00,0.6901408450704225
2013-01-24T01:00:00,0.6276923076923077
2013-01-24T02:00:00,0.5400943396226415
2013-01-24T03:00:00,0.5443298969072164
2013-01-24T04:00:00,0.562874251497006
2013-01-24T05:00:00,0.6405228758169934
2013-01-24T06:00:00,0.6490825688073395
2013-01-24T07:00:00,0.6394230769230769
2013-01-24T08:00:00,0.6419437340153452
2013-01-24T09:00:00,0.6451612903225806
2013-01-24T10:00:00,0.6954022988505747
2013-01-24T11:00:00,0.7202380952380952
2013-01-24T12:00:00,0.7313432835820896
2013-01-24T13:00:00,0.7636363636363637
2013-01-24T14:00:00,0.7484848484848485
2013-01-24T15:00:00,0.7323076923076923
2013-01-24T16:00:00,0.6899696048632219
2013-01-24T17:00:00,0.676829268292683
2013-01-24T18:00:00,0.6819672131147541
2013-01-24T19:00:00,0.656934306569343
2013-01-24T20:00:00,0.7041666666666667
2013-01-24T21:00:00,0.7450980392156863
2013-01-24T22:00:00,0.7028985507246377
2013-01-24T23:00:00,0.7017543859649122
2013-01-25T00:00:00,0.7119205298013245
2013-01-25T01:00:00,0.6491228070175439
2013-01-25T02:00:00,0.5659955257270693
2013-01-25T03:00:00,0.572265625
2013-01-25T04:00:00,0.5890151515151515
2013-01-25T05:00:00,0.6653061224489796
2013-01-25T06:00:00,0.67170626349892
2013-01-25T07:00:00,0.6621315192743764
2013-01-25T08:00:00,0.6674698795180722
2013-01-25T09:00:00,0.6700251889168766
2013-01-25T10:00:00,0.7169811320754716
2013-01-25T11:00:00,0.7402234636871509
2013-01-25T12:00:00,0.7513966480446927
2013-01-25T13:00:00,0.7806267806267806
2013-01-25T14:00:00,0.7670454545454546
2013-01-25T15:00:00,0.7521613832853026
2013-01-25T16:00:00,0.7130681818181818
2013-01-25T17:00:00,0.6982758620689655
2013-01-25T18:00:00,0.7027863777089783
2013-01-25T19:00:00,0.678082191780822
2013-01-25T20:00:00,0.7276264591439688
2013-01-25T21:00:00,0.7555555555555555
2013-01-25T22:00:00,0.7157534246575342
2013-01-25T23:00:00,0.7123745819397993
2013-01-26T00:00:00,0.722397476340694
2013-01-26T01:00:00,0.6591549295774648
2013-01-26T02:00:00,0.5806451612903226
2013-01-26T03:00:00,0.5869158878504673
2013-01-26T04:00:00,0.6032608695652174
2013-01-26T05:00:00,0.6814671814671814
2013-01-26T06:00:00,0.6858316221765913
2013-01-26T07:00:00,0.6760259179265659
2013-01-26T08:00:00,0.6818181818181818
2013-01-26T09:00:00,0.6842105263157895
2013-01-26T10:00:00,0.7289002557544757
2013-01-26T11:00:00,0.7519788918205804
2013-01-26T12:00:00,0.7619047619047619
2013-01-26T13:00:00,0.7886178861788617
2013-01-26T14:00:00,0.7774798927613941
2013-01-26T15:00:00,0.7629427792915532
2013-01-26T16:00:00,0.7258064516129032
2013-01-26T17:00:00,0.7095890410958904
2013-01-26T18:00:00,0.7138643067846607
2013-01-26T19:00:00,0.6948051948051948
2013-01-26T20:00:00,0.73992673992674
2013-01-26T21:00:00,0.7303370786516854
2013-01-26T22:00:00,0.7046263345195729
2013-01-26T23:00:00,0.7068965517241379
2013-01-27T00:00:00,0.717607973421927
2013-01-27T01:00:00,0.6696696696696697
2013-01-27T02:00:00,0.58675799086758
2013-01-27T03:00:00,0.6143410852713178
2013-01-27T04:00:00,0.6077348066298343
2013-01-27T05:00:00,0.6744639376218323
2013-01-27T06:00:00,0.6790890269151139
2013-01-27T07:00:00,0.6842105263157895
2013-01-27T08:00:00,0.6921296296296297
2013-01-27T09:00:00,0.691747572815534
2013-01-27T10:00:00,0.7209302325581395
2013-01-27T11:00:00,0.7601078167115903
2013-01-27T12:00:00,0.7669376693766937
2013-01-27T13:00:00,0.7972222222222223
2013-01-27T14:00:00,0.7698630136986301
2013-01-27T15:00:00,0.7540983606557377
2013-01-27T16:00:00,0.7050938337801609
2013-01-27T17:00:00,0.6961325966850829
2013-01-27T18:00:00,0.6911764705882353
2013-01-27T19:00:00,0.6918032786885245
2013-01-27T20:00:00,0.7397769516728625
2013-01-27T21:00:00,0.6834532374100719
2013-01-27T22:00:00,0.6823104693140795
2013-01-27T23:00:00,0.75
2013-01-28T00:00:00,0.7123287671232876
2013-01-28T01:00:00,0.6780185758513931
2013-01-28T02:00:00,0.6876574307304786
2013-01-28T03:00:00,0.6209677419354839
2013-01-28T04:00:00,0.6074950690335306
2013-01-28T05:00:00,0.6753812636165577
2013-01-28T06:00:00,0.6993006993006993
2013-01-28T07:00:00,0.6510538641686182
2013-01-28T08:00:00,0.7237851662404092
2013-01-28T09:00:00,0.7142857142857143
2013-01-28T10:00:00,0.75
2013-01-28T11:00:00,0.6629834254143646
2013-01-28T12:00:00,0.6848137535816619
2013-01-28T13:00:00,0.7254335260115607
2013-01-28T14:00:00,0.7804154302670623
2013-01-28T15:00:00,0.7640117994100295
2013-01-28T16:00:00,0.7492537313432835
2013-01-28T17:00:00,0.7492354740061162
2013-01-28T18:00:00,0.7177914110429447
2013-01-28T19:00:00,0.7186440677966102
2013-01-28T20:00:00,0.7653846153846153
2013-01-28T21:00:00,0.7414965986394558
2013-01-28T22:00:00,0.6949685534591195
2013-01-28T23:00:00,0.6635802469135802
2013-01-29T00:00:00,0.5962566844919787
2013-01-29T01:00:00,0.5654205607476636
2013-01-29T02:00:00,0.6135922330097088
2013-01-29T03:00:00,0.6829268292682927
2013-01-29T04:00:00,0.6313559322033898
2013-01-29T05:00:00,0.7232558139534884
2013-01-29T06:00:00,0.7437810945273632
2013-01-29T07:00:00,0.7244897959183674
2013-01-29T08:00:00,0.7571801566579635
2013-01-29T09:00:00,0.7431693989071039
2013-01-29T10:00:00,0.7648725212464589
2013-01-29T11:00:00,0.7803468208092486
2013-01-29T12:00:00,0.7869318181818182
2013-01-29T13:00:00,0.7977207977207977
2013-01-29T14:00:00,0.8
2013-01-29T15:00:00,0.7723577235772358
2013-01-29T16:00:00,0.7466307277628033
2013-01-29T17:00:00,0.7445652173913043
2013-01-29T18:00:00,0.7108108108108108
2013-01-29T19:00:00,0.7190332326283988
2013-01-29T20:00:00,0.7366666666666667
2013-01-29T21:00:00,0.7737704918032787
2013-01-29T22:00:00,0.7339449541284404
2013-01-29T23:00:00,0.7313432835820896
2013-01-30T00:00:00,0.7401129943502824
2013-01-30T01:00:00,0.6863753213367609
2013-01-30T02:00:00,0.6090373280943026
2013-01-30T03:00:00,0.6224137931034482
2013-01-30T04:00:00,0.635
2013-01-30T05:00:00,0.7210144927536232
2013-01-30T06:00:00,0.7291666666666666
2013-01-30T07:00:00,0.72
2013-01-30T08:00:00,0.7263157894736842
2013-01-30T09:00:00,0.7286652078774617
2013-01-30T10:00:00,0.7679814385150812
2013-01-30T11:00:00,0.7764423076923077
2013-01-30T12:00:00,0.7785888077858881
2013-01-30T13:00:00,0.7950617283950617
2013-01-30T14:00:00,0.7937649880095923
2013-01-30T15:00:00,0.7860576923076923
2013-01-30T16:00:00,0.7505938242280285
2013-01-30T17:00:00,0.7199017199017199
2013-01-30T18:00:00,0.7298701298701299
2013-01-30T19:00:00,0.7214484679665738
2013-01-30T20:00:00,0.759493670886076
2013-01-30T21:00:00,0.796923076923077
2013-01-30T22:00:00,0.7594202898550725
2013-01-30T23:00:00,0.7556818181818182
2013-01-31T00:00:00,0.7647058823529411
2013-01-31T01:00:00,0.7019704433497537
2013-01-31T02:00:00,0.6313799621928167
2013-01-31T03:00:00,0.6400651465798045
2013-01-31T04:00:00,0.6512738853503185
2013-01-31T05:00:00,0.7236180904522613
2013-01-31T06:00:00,0.7248201438848921
2013-01-31T07:00:00,0.7164461247637051
2013-01-31T08:00:00,0.7244094488188977
2013-01-31T09:00:00,0.7272727272727273
2013-01-31T10:00:00,0.7660044150110376
2013-01-31T11:00:00,0.7878103837471784
2013-01-31T12:00:00,0.7972972972972973
2013-01-31T13:00:00,0.8181818181818182
2013-01-31T14:00:00,0.8100686498855835
2013-01-31T15:00:00,0.7967289719626168
2013-01-31T16:00:00,0.7665903890160183
2013-01-31T17:00:00,0.75
2013-01-31T18:00:00,0.7550505050505051
2013-01-31T19:00:00,0.7479892761394102
2013-01-31T20:00:00,0.7874251497005988
2013-01-31T21:00:00,0.8121387283236994
2013-01-31T22:00:00,0.7747252747252747
2013-01-31T23:00:00,0.77088948787062
2013-02-01T00:00:00,0.779746835443038
2013-02-01T01:00:00,0.7176470588235294
2013-02-01T02:00:00,0.6459854014598541
2013-02-01T03:00:00,0.6572769953051644
2013-02-01T04:00:00,0.6656394453004623
2013-02-01T05:00:00,0.7333333333333333
2013-02-01T06:00:00,0.7338003502626971
2013-02-01T07:00:00,0.7261029411764706
2013-02-01T08:00:00,0.7366412213740458
2013-02-01T09:00:00,0.738
2013-02-01T10:00:00,0.7756410256410257
2013-02-01T11:00:00,0.7973856209150327
2013-02-01T12:00:00,0.8081896551724138
2013-02-01T13:00:00,0.8277404921700223
2013-02-01T14:00:00,0.8197802197802198
2013-02-01T15:00:00,0.8067415730337079
2013-02-01T16:00:00,0.778021978021978
2013-02-01T17:00:00,0.7624434389140271
2013-02-01T18:00:00,0.7697841726618705
2013-02-01T19:00:00,0.7661691542288557
2013-02-01T20:00:00,0.8044692737430168
2013-02-01T21:00:00,0.824468085106383
2013-02-01T22:00:00,0.7893401015228426
2013-02-01T23:00:00,0.785
2013-02-02T00:00:00,0.7939110070257611
2013-02-02T01:00:00,0.7328918322295805
2013-02-02T02:00:00,0.6608695652173913
2013-02-02T03:00:00,0.6730769230769231
2013-02-02T04:00:00,0.6793557833089312
2013-02-02T05:00:00,0.7441860465116279
2013-02-02T06:00:00,0.7445742904841403
2013-02-02T07:00:00,0.7368421052631579
2013-02-02T08:00:00,0.7463768115942029
2013-02-02T09:00:00,0.7480916030534351
2013-02-02T10:00:00,0.7849898580121704
2013-02-02T11:00:00,0.8061855670103093
2013-02-02T12:00:00,0.8170731707317073
2013-02-02T13:00:00,0.8361344537815126
2013-02-02T14:00:00,0.8285123966942148
2013-02-02T15:00:00,0.815677966101695
2013-02-02T16:00:00,0.7883817427385892
2013-02-02T17:00:00,0.774468085106383
2013-02-02T18:00:00,0.7834821428571429
2013-02-02T19:00:00,0.7839080459770115
2013-02-02T20:00:00,0.8184143222506394
2013-02-02T21:00:00,0.817258883248731
2013-02-02T22:00:00,0.7914572864321608
2013-02-02T23:00:00,0.7896039603960396
2013-02-03T00:00:00,0.7985781990521327
2013-02-03T01:00:00,0.7477064220183486
2013-02-03T02:00:00,0.6750448833034112
2013-02-03T03:00:00,0.7043090638930164
2013-02-03T04:00:00,0.691304347826087
2013-02-03T05:00:00,0.7438650306748467
2013-02-03T06:00:00,0.7471451876019576
2013-02-03T07:00:00,0.7495652173913043
2013-02-03T08:00:00,0.759493670886076
2013-02-03T09:00:00,0.7571701720841301
2013-02-03T10:00:00,0.7848605577689243
2013-02-03T11:00:00,0.821285140562249
2013-02-03T12:00:00,0.8269617706237424
2013-02-03T13:00:00,0.8479166666666667
2013-02-03T14:00:00,0.8271604938271605
2013-02-03T15:00:00,0.8163265306122449
2013-02-03T16:00:00,0.78
2013-02-03T17:00:00,0.772256728778468
2013-02-03T18:00:00,0.7761194029850746
2013-02-03T19:00:00,0.7892376681614349
2013-02-03T20:00:00,0.8241206030150754
2013-02-03T21:00:00,0.772020725388601
2013-02-03T22:00:00,0.7731958762886598
2013-02-03T23:00:00,0.8184281842818428
2013-02-04T00:00:00,0.7884130982367759
2013-02-04T01:00:00,0.7469586374695864
2013-02-04T02:00:00,0.7592233009708738
2013-02-04T03:00:00,0.7151515151515152
2013-02-04T04:00:00,0.685126582278481
2013-02-04T05:00:00,0.7457337883959044
2013-02-04T06:00:00,0.7675675675675676
2013-02-04T07:00:00,0.7245841035120147
2013-02-04T08:00:00,0.7894736842105263
2013-02-04T09:00:00,0.7845528455284553
2013-02-04T10:00:00,0.8154506437768241
2013-02-04T11:00:00,0.7494866529774127
2013-02-04T12:00:00,0.7713097713097713
2013-02-04T13:00:00,0.7939262472885033
2013-02-04T14:00:00,0.835920177383592
2013-02-04T15:00:00,0.8222222222222222
2013-02-04T16:00:00,0.8153846153846154
2013-02-04T17:00:00,0.8185840707964602
2013-02-04T18:00:00,0.7960088691796009
2013-02-04T19:00:00,0.8105022831050228
2013-02-04T20:00:00,0.8407310704960835
2013-02-04T21:00:00,0.8159806295399515
2013-02-04T22:00:00,0.7723004694835681
2013-02-04T23:00:00,0.753393665158371
2013-02-05T00:00:00,0.6841004184100419
2013-02-05T01:00:00,0.6287425149700598
2013-02-05T02:00:00,0.667779632721202
2013-02-05T03:00:00,0.75
2013-02-05T04:00:00,0.7005163511187608
2013-02-05T05:00:00,0.7702702702702703
2013-02-05T06:00:00,0.7927565392354124
2013-02-05T07:00:00,0.7777777777777778
2013-02-05T08:00:00,0.8132530120481928
2013-02-05T09:00:00,0.8029350104821803
2013-02-05T10:00:00,0.8218884120171673
2013-02-05T11:00:00,0.8333333333333334
2013-02-05T12:00:00,0.8373101952277657
2013-02-05T13:00:00,0.8456521739130435
2013-02-05T14:00:00,0.8456659619450317
2013-02-05T15:00:00,0.825
2013-02-05T16:00:00,0.8089430894308943
2013-02-05T17:00:00,0.8065843621399177
2013-02-05T18:00:00,0.7876984126984127
2013-02-05T19:00:00,0.7973856209150327
2013-02-05T20:00:00,0.819634703196347
2013-02-05T21:00:00,0.8304668304668305
2013-02-05T22:00:00,0.7972027972027972
2013-02-05T23:00:00,0.7935779816513762
2013-02-06T00:00:00,0.8034188034188035
2013-02-06T01:00:00,0.7515274949083504
2013-02-06T02:00:00,0.6764227642276422
2013-02-06T03:00:00,0.6962552011095701
2013-02-06T04:00:00,0.7
2013-02-06T05:00:00,0.7738619676945668
2013-02-06T06:00:00,0.7762128325508607
2013-02-06T07:00:00,0.7682119205298014
2013-02-06T08:00:00,0.7781569965870307
2013-02-06T09:00:00,0.7777777777777778
2013-02-06T10:00:00,0.8123827392120075
2013-02-06T11:00:00,0.8231939163498099
2013-02-06T12:00:00,0.8286252354048964
2013-02-06T13:00:00,0.8403846153846154
2013-02-06T14:00:00,0.8365019011406845
2013-02-06T15:00:00,0.826171875
2013-02-06T16:00:00,0.7957198443579766
2013-02-06T17:00:00,0.7747035573122529
2013-02-06T18:00:00,0.7903225806451613
2013-02-06T19:00:00,0.7916666666666666
2013-02-06T20:00:00,0.8240740740740741
2013-02-06T21:00:00,0.8382352941176471
2013-02-06T22:00:00,0.8065268065268065
2013-02-06T23:00:00,0.8022988505747126
2013-02-07T00:00:00,0.810752688172043
2013-02-07T01:00:00,0.7520491803278688
2013-02-07T02:00:00,0.6798029556650246
2013-02-07T03:00:00,0.6939058171745153
2013-02-07T04:00:00,0.6991758241758241
2013-02-07T05:00:00,0.7615606936416185
2013-02-07T06:00:00,0.7613104524180967
2013-02-07T07:00:00,0.7536945812807881
2013-02-07T08:00:00,0.7623089983022071
2013-02-07T09:00:00,0.7630161579892281
2013-02-07T10:00:00,0.7992424242424242
2013-02-07T11:00:00,0.8192307692307692
2013-02-07T12:00:00,0.8295454545454546
2013-02-07T13:00:00,0.8473581213307241
2013-02-07T14:00:00,0.8397683397683398
2013-02-07T15:00:00,0.8273809523809523
2013-02-07T16:00:00,0.8
2013-02-07T17:00:00,0.788
2013-02-07T18:00:00,0.7991718426501035
2013-02-07T19:00:00,0.7974137931034483
2013-02-07T20:00:00,0.8329411764705882
2013-02-07T21:00:00,0.8298429319371727
2013-02-07T22:00:00,0.7955112219451371
2013-02-07T23:00:00,0.7911547911547911
2013-02-08T00:00:00,0.7995391705069125
2013-02-08T01:00:00,0.738562091503268
2013-02-08T02:00:00,0.6660929432013769
2013-02-08T03:00:00,0.6788856304985337
2013-02-08T04:00:00,0.6859623733719248
2013-02-08T05:00:00,0.7492354740061162
2013-02-08T06:00:00,0.7491749174917491
2013-02-08T07:00:00,0.7417677642980935
2013-02-08T08:00:00,0.7522441651705566
2013-02-08T09:00:00,0.7528301886792453
2013-02-08T10:00:00,0.7895791583166333
2013-02-08T11:00:00,0.810204081632653
2013-02-08T12:00:00,0.821285140562249
2013-02-08T13:00:00,0.83991683991684
2013-02-08T14:00:00,0.8319672131147541
2013-02-08T15:00:00,0.8197064989517819
2013-02-08T16:00:00,0.7921810699588477
2013-02-08T17:00:00,0.7789473684210526
2013-02-08T18:00:00,0.789010989010989
2013-02-08T19:00:00,0.7863636363636364
2013-02-08T20:00:00,0.8236775818639799
2013-02-08T21:00:00,0.8221024258760108
2013-02-08T22:00:00,0.7871794871794872
2013-02-08T23:00:00,0.7828282828282829
2013-02-09T00:00:00,0.7914691943127962
2013-02-09T01:00:00,0.7305122494432071
2013-02-09T02:00:00,0.6590909090909091
2013-02-09T03:00:00,0.6706408345752608
2013-02-09T04:00:00,0.6779411764705883
2013-02-09T05:00:00,0.7433903576982893
2013-02-09T06:00:00,0.7437185929648241
2013-02-09T07:00:00,0.7363796133567663
2013-02-09T08:00:00,0.7454545454545455
2013-02-09T09:00:00,0.7471264367816092
2013-02-09T10:00:00,0.7841140529531568
2013-02-09T11:00:00,0.8053830227743272
2013-02-09T12:00:00,0.8159509202453987
2013-02-09T13:00:00,0.8347457627118644
2013-02-09T14:00:00,0.8270833333333333
2013-02-09T15:00:00,0.814498933901919
2013-02-09T16:00:00,0.7866108786610879
2013-02-09T17:00:00,0.7725321888412017
2013-02-09T18:00:00,0.7815315315315315
2013-02-09T19:00:00,0.780373831775701
2013-02-09T20:00:00,0.8155844155844156
2013-02-09T21:00:00,0.8085106382978723
2013-02-09T22:00:00,0.7821522309711286
2013-02-09T23:00:00,0.7803617571059431
2013-02-10T00:00:00,0.7896039603960396
2013-02-10T01:00:00,0.7380952380952381
2013-02-10T02:00:00,0.6648148148148149
2013-02-10T03:00:00,0.6933744221879815
2013-02-10T04:00:00,0.6806596701649176
2013-02-10T05:00:00,0.7357594936708861
2013-02-10T06:00:00,0.7390572390572391
2013-02-10T07:00:00,0.7419354838709677
2013-02-10T08:00:00,0.7523277467411545
2013-02-10T09:00:00,0.75
2013-02-10T10:00:00,0.777319587628866
2013-02-10T11:00:00,0.8145833333333333
2013-02-10T12:00:00,0.8200836820083682
2013-02-10T13:00:00,0.841991341991342
2013-02-10T14:00:00,0.8205128205128205
2013-02-10T15:00:00,0.8097251585623678
2013-02-10T16:00:00,0.7717842323651453
2013-02-10T17:00:00,0.7634408602150538
2013-02-10T18:00:00,0.7666666666666667
2013-02-10T19:00:00,0.7788235294117647
2013-02-10T20:00:00,0.8157894736842105
2013-02-10T21:00:00,0.7621621621621621
2013-02-10T22:00:00,0.7628032345013477
2013-02-10T23:00:00,0.8101983002832861
2013-02-11T00:00:00,0.7789473684210526
2013-02-11T01:00:00,0.7373737373737373
2013-02-11T02:00:00,0.7505030181086519
2013-02-11T03:00:00,0.7025316455696202
2013-02-11T04:00:00,0.6748366013071896
2013-02-11T05:00:00,0.7367491166077739
2013-02-11T06:00:00,0.7584269662921348
2013-02-11T07:00:00,0.7134615384615385
2013-02-11T08:00:00,0.7804878048780488
2013-02-11T09:00:00,0.7754237288135594
2013-02-11T10:00:00,0.8067415730337079
2013-02-11T11:00:00,0.7381974248927039
2013-02-11T12:00:00,0.7603485838779956
2013-02-11T13:00:00,0.7850678733031674
2013-02-11T14:00:00,0.8290993071593533
2013-02-11T15:00:00,0.8148148148148148
2013-02-11T16:00:00,0.8073394495412844
2013-02-11T17:00:00,0.8097447795823666
2013-02-11T18:00:00,0.7865429234338747
2013-02-11T19:00:00,0.8004807692307693
2013-02-11T20:00:00,0.8328767123287671
2013-02-11T21:00:00,0.8041237113402062
2013-02-11T22:00:00,0.7599009900990099
2013-02-11T23:00:00,0.7379807692307693
2013-02-12T00:00:00,0.6681318681318681
2013-02-12T01:00:00,0.6157024793388429
2013-02-12T02:00:00,0.6592465753424658
2013-02-12T03:00:00,0.7366482504604052
2013-02-12T04:00:00,0.6870503597122302
2013-02-12T05:00:00,0.7610441767068273
2013-02-12T06:00:00,0.7822410147991543
2013-02-12T07:00:00,0.7662337662337663
2013-02-12T08:00:00,0.8017057569296375
2013-02-12T09:00:00,0.7906458797327395
2013-02-12T10:00:00,0.8105022831050228
2013-02-12T11:00:00,0.8228438228438228
2013-02-12T12:00:00,0.8279816513761468
2013-02-12T13:00:00,0.8367816091954023
2013-02-12T14:00:00,0.8370535714285714
2013-02-12T15:00:00,0.8149779735682819
2013-02-12T16:00:00,0.7974137931034483
2013-02-12T17:00:00,0.7956521739130434
2013-02-12T18:00:00,0.7747368421052632
2013-02-12T19:00:00,0.7847222222222222
2013-02-12T20:00:00,0.8063725490196079
2013-02-12T21:00:00,0.8011527377521613
2013-02-12T22:00:00,0.7629427792915532
2013-02-12T23:00:00,0.76
2013-02-13T00:00:00,0.7694235588972431
2013-02-13T01:00:00,0.7156177156177156
2013-02-13T02:00:00,0.6388384754990926
2013-02-13T03:00:00,0.6551181102362205
2013-02-13T04:00:00,0.6630769230769231
2013-02-13T05:00:00,0.7433333333333333
2013-02-13T06:00:00,0.7486818980667839
2013-02-13T07:00:00,0.7407407407407407
2013-02-13T08:00:00,0.749034749034749
2013-02-13T09:00:00,0.75
2013-02-13T10:00:00,0.7872340425531915
2013-02-13T11:00:00,0.7969432314410481
2013-02-13T12:00:00,0.8013100436681223
2013-02-13T13:00:00,0.8151447661469933
2013-02-13T14:00:00,0.8130434782608695
2013-02-13T15:00:00,0.8043956043956044
2013-02-13T16:00:00,0.7712418300653595
2013-02-13T17:00:00,0.7449664429530202
2013-02-13T18:00:00,0.7581395348837209
2013-02-13T19:00:00,0.7566909975669099
2013-02-13T20:00:00,0.790633608815427
2013-02-13T21:00:00,0.7850162866449512
2013-02-13T22:00:00,0.7469512195121951
2013-02-13T23:00:00,0.7440476190476191
2013-02-14T00:00:00,0.7528089887640449
2013-02-14T01:00:00,0.6897435897435897
2013-02-14T02:00:00,0.6168958742632613
2013-02-14T03:00:00,0.6247877758913413
2013-02-14T04:00:00,0.6374172185430463
2013-02-14T05:00:00,0.7115384615384616
2013-02-14T06:00:00,0.7134831460674157
2013-02-14T07:00:00,0.7047244094488189
2013-02-14T08:00:00,0.7125256673511293
2013-02-14T09:00:00,0.714902807775378
2013-02-14T10:00:00,0.7557603686635944
2013-02-14T11:00:00,0.7772511848341233
2013-02-14T12:00:00,0.7872340425531915
2013-02-14T13:00:00,0.8097560975609757
2013-02-14T14:00:00,0.8009592326139089
2013-02-14T15:00:00,0.7872860635696821
2013-02-14T16:00:00,0.7548076923076923
2013-02-14T17:00:00,0.7382716049382716
2013-02-14T18:00:00,0.7433862433862434
2013-02-14T19:00:00,0.7329545454545454
2013-02-14T20:00:00,0.7738853503184714
2013-02-14T21:00:00,0.7556390977443609
2013-02-14T22:00:00,0.7152777777777778
2013-02-14T23:00:00,0.7128378378378378
2013-02-15T00:00:00,0.7229299363057324
2013-02-15T01:00:00,0.6590909090909091
2013-02-15T02:00:00,0.5800865800865801
2013-02-15T03:00:00,0.5867924528301887
2013-02-15T04:00:00,0.603290676416819
2013-02-15T05:00:00,0.6796875
2013-02-15T06:00:00,0.683991683991684
2013-02-15T07:00:00,0.6753812636165577
2013-02-15T08:00:00,0.6820276497695853
2013-02-15T09:00:00,0.6835748792270532
2013-02-15T10:00:00,0.7286821705426356
2013-02-15T11:00:00,0.752
2013-02-15T12:00:00,0.7620320855614974
2013-02-15T13:00:00,0.7890410958904109
2013-02-15T14:00:00,0.7771739130434783
2013-02-15T15:00:00,0.7630853994490359
2013-02-15T16:00:00,0.7255434782608695
2013-02-15T17:00:00,0.7099447513812155
2013-02-15T18:00:00,0.7134328358208956
2013-02-15T19:00:00,0.6918032786885245
2013-02-15T20:00:00,0.7407407407407407
2013-02-15T21:00:00,0.7421875
2013-02-15T22:00:00,0.7014388489208633
2013-02-15T23:00:00,0.6993006993006993
2013-02-16T00:00:00,0.7095709570957096
2013-02-16T01:00:00,0.6472303206997084
2013-02-16T02:00:00,0.5647321428571429
2013-02-16T03:00:00,0.5700389105058365
2013-02-16T04:00:00,0.5867924528301887
2013-02-16T05:00:00,0.6639511201629328
2013-02-16T06:00:00,0.6702586206896551
2013-02-16T07:00:00,0.6606334841628959
2013-02-16T08:00:00,0.6650717703349283
2013-02-16T09:00:00,0.6675062972292192
2013-02-16T10:00:00,0.7150537634408602
2013-02-16T11:00:00,0.7388888888888889
2013-02-16T12:00:00,0.7493036211699164
2013-02-16T13:00:00,0.7784090909090909
2013-02-16T14:00:00,0.7655367231638418
2013-02-16T15:00:00,0.7507163323782235
2013-02-16T16:00:00,0.7110481586402266
2013-02-16T17:00:00,0.6962750716332379
2013-02-16T18:00:00,0.7006172839506173
2013-02-16T19:00:00,0.678082191780822
2013-02-16T20:00:00,0.7248062015503876
2013-02-16T21:00:00,0.6923076923076923
2013-02-16T22:00:00,0.6693227091633466
2013-02-16T23:00:00,0.6718146718146718
2013-02-17T00:00:00,0.6828358208955224
2013-02-17T01:00:00,0.636963696369637
2013-02-17T02:00:00,0.5452261306532663
2013-02-17T03:00:00,0.572961373390558
2013-02-17T04:00:00,0.5670731707317073
2013-02-17T05:00:00,0.6321585903083701
2013-02-17T06:00:00,0.6395348837209303
2013-02-17T07:00:00,0.6461916461916462
2013-02-17T08:00:00,0.6518324607329843
2013-02-17T09:00:00,0.649171270718232
2013-02-17T10:00:00,0.6832844574780058
2013-02-17T11:00:00,0.7253086419753086
2013-02-17T12:00:00,0.7337461300309598
2013-02-17T13:00:00,0.7697160883280757
2013-02-17T14:00:00,0.7391304347826086
2013-02-17T15:00:00,0.7204968944099379
2013-02-17T16:00:00,0.6676737160120846
2013-02-17T17:00:00,0.6604938271604939
2013-02-17T18:00:00,0.6568627450980392
2013-02-17T19:00:00,0.6531365313653137
2013-02-17T20:00:00,0.7008547008547008
2013-02-17T21:00:00,0.6123348017621145
2013-02-17T22:00:00,0.6071428571428571
2013-02-17T23:00:00,0.6912442396313364
2013-02-18T00:00:00,0.6514522821576764
2013-02-18T01:00:00,0.6190476190476191
2013-02-18T02:00:00,0.6242424242424243
2013-02-18T03:00:00,0.5534441805225653
2013-02-18T04:00:00,0.5350467289719626
2013-02-18T05:00:00,0.615979381443299
2013-02-18T06:00:00,0.6376404494382022
2013-02-18T07:00:00,0.5802816901408451
2013-02-18T08:00:00,0.6635514018691588
2013-02-18T09:00:00,0.6478405315614618
2013-02-18T10:00:00,0.6826568265682657
2013-02-18T11:00:00,0.5793103448275863
2013-02-18T12:00:00,0.6126760563380281
2013-02-18T13:00:00,0.6619217081850534
2013-02-18T14:00:00,0.7289377289377289
2013-02-18T15:00:00,0.7122302158273381
2013-02-18T16:00:00,0.6923076923076923
2013-02-18T17:00:00,0.6928838951310862
2013-02-18T18:00:00,0.6605166051660517
2013-02-18T19:00:00,0.6570247933884298
2013-02-18T20:00:00,0.7081339712918661
2013-02-18T21:00:00,0.680672268907563
2013-02-18T22:00:00,0.624031007751938
2013-02-18T23:00:00,0.5855513307984791
2013-02-19T00:00:00,0.5206349206349207
2013-02-19T01:00:00,0.515625
2013-02-19T02:00:00,0.5507900677200903
2013-02-19T03:00:00,0.6155913978494624
2013-02-19T04:00:00,0.5515463917525774
2013-02-19T05:00:00,0.66
2013-02-19T06:00:00,0.6840490797546013
2013-02-19T07:00:00,0.6593059936908517
2013-02-19T08:00:00,0.6950819672131148
2013-02-19T09:00:00,0.678082191780822
2013-02-19T10:00:00,0.7025089605734767
2013-02-19T11:00:00,0.7285714285714285
2013-02-19T12:00:00,0.7359154929577465
2013-02-19T13:00:00,0.7455197132616488
2013-02-19T14:00:00,0.752542372881356
2013-02-19T15:00:00,0.7245901639344262
2013-02-19T16:00:00,0.6928104575163399
2013-02-19T17:00:00,0.6928104575163399
2013-02-19T18:00:00,0.6514657980456026
2013-02-19T19:00:00,0.654275092936803
2013-02-19T20:00:00,0.6865079365079365
2013-02-19T21:00:00,0.7272727272727273
2013-02-19T22:00:00,0.6813186813186813
2013-02-19T23:00:00,0.6797153024911032
2013-02-20T00:00:00,0.6943521594684385
2013-02-20T01:00:00,0.6422287390029325
2013-02-20T02:00:00,0.5548098434004475
2013-02-20T03:00:00,0.5663366336633663
2013-02-20T04:00:00,0.5764023210831721
2013-02-20T05:00:00,0.6716417910447762
2013-02-20T06:00:00,0.680089485458613
2013-02-20T07:00:00,0.6728971962616822
2013-02-20T08:00:00,0.6766169154228856
2013-02-20T09:00:00,0.675392670157068
2013-02-20T10:00:00,0.7237569060773481
2013-02-20T11:00:00,0.7357954545454546
2013-02-20T12:00:00,0.7407407407407407
2013-02-20T13:00:00,0.760806916426513
2013-02-20T14:00:00,0.7570621468926554
2013-02-20T15:00:00,0.748587570621469
2013-02-20T16:00:00,0.7067039106145251
2013-02-20T17:00:00,0.6742857142857143
2013-02-20T18:00:00,0.6848484848484848
2013-02-20T19:00:00,0.6621621621621622
2013-02-20T20:00:00,0.7076923076923077
2013-02-20T21:00:00,0.7411764705882353
2013-02-20T22:00:00,0.7003610108303249
2013-02-20T23:00:00,0.6982456140350877
2013-02-21T00:00:00,0.7086092715231788
2013-02-21T01:00:00,0.6461988304093568
2013-02-21T02:00:00,0.5637583892617449
2013-02-21T03:00:00,0.568359375
2013-02-21T04:00:00,0.5852272727272727
2013-02-21T05:00:00,0.6632653061224489
2013-02-21T06:00:00,0.6695464362850972
2013-02-21T07:00:00,0.6598639455782312
2013-02-21T08:00:00,0.6642685851318945
2013-02-21T09:00:00,0.6666666666666666
2013-02-21T10:00:00,0.7142857142857143
2013-02-21T11:00:00,0.7381615598885793
2013-02-21T12:00:00,0.7486033519553073
2013-02-21T13:00:00,0.7777777777777778
2013-02-21T14:00:00,0.7648725212464589
2013-02-21T15:00:00,0.7492795389048992
2013-02-21T16:00:00,0.7102272727272727
2013-02-21T17:00:00,0.6954022988505747
2013-02-21T18:00:00,0.7006172839506173
2013-02-21T19:00:00,0.678082191780822
2013-02-21T20:00:00,0.7248062015503876
2013-02-21T21:00:00,0.7245762711864406
2013-02-21T22:00:00,0.6809338521400778
2013-02-21T23:00:00,0.6792452830188679
2013-02-22T00:00:00,0.6903914590747331
2013-02-22T01:00:00,0.6261682242990654
2013-02-22T02:00:00,0.5380952380952381
2013-02-22T03:00:00,0.54375
2013-02-22T04:00:00,0.5616161616161616
2013-02-22T05:00:00,0.6411378555798687
2013-02-22T06:00:00,0.6481481481481481
2013-02-22T07:00:00,0.6383495145631068
2013-02-22T08:00:00,0.6434108527131783
2013-02-22T09:00:00,0.6459459459459459
2013-02-22T10:00:00,0.6956521739130435
2013-02-22T11:00:00,0.7207207207207207
2013-02-22T12:00:00,0.7319277108433735
2013-02-22T13:00:00,0.7638036809815951
2013-02-22T14:00:00,0.7492354740061162
2013-02-22T15:00:00,0.7337461300309598
2013-02-22T16:00:00,0.691131498470948
2013-02-22T17:00:00,0.676923076923077
2013-02-22T18:00:00,0.6810631229235881
2013-02-22T19:00:00,0.6556776556776557
2013-02-22T20:00:00,0.7071129707112971
2013-02-22T21:00:00,0.6915887850467289
2013-02-22T22:00:00,0.6468085106382979
2013-02-22T23:00:00,0.6446280991735537
2013-02-23T00:00:00,0.6589147286821705
2013-02-23T01:00:00,0.5993377483443708
2013-02-23T02:00:00,0.5025510204081632
2013-02-23T03:00:00,0.5099778270509978
2013-02-23T04:00:00,0.5290322580645161
2013-02-23T05:00:00,0.6153846153846154
2013-02-23T06:00:00,0.6184538653366584
2013-02-23T07:00:00,0.6062992125984252
2013-02-23T08:00:00,0.6089385474860335
2013-02-23T09:00:00,0.611764705882353
2013-02-23T10:00:00,0.6645569620253164
2013-02-23T11:00:00,0.6907894736842105
2013-02-23T12:00:00,0.7009966777408638
2013-02-23T13:00:00,0.735593220338983
2013-02-23T14:00:00,0.7214765100671141
2013-02-23T15:00:00,0.7040816326530612
2013-02-23T16:00:00,0.6611295681063123
2013-02-23T17:00:00,0.6478405315614618
2013-02-23T18:00:00,0.6535714285714286
2013-02-23T19:00:00,0.6224899598393574
2013-02-23T20:00:00,0.6728110599078341
2013-02-23T21:00:00,0.6065573770491803
2013-02-23T22:00:00,0.5808080808080808
2013-02-23T23:00:00,0.5833333333333334
2013-02-24T00:00:00,0.6009389671361502
2013-02-24T01:00:00,0.5582329317269076
2013-02-24T02:00:00,0.4447852760736196
2013-02-24T03:00:00,0.4831168831168831
2013-02-24T04:00:00,0.4817518248175183
2013-02-24T05:00:00,0.56282722513089
2013-02-24T06:00:00,0.5621468926553672
2013-02-24T07:00:00,0.5649546827794562
2013-02-24T08:00:00,0.56957928802589
2013-02-24T09:00:00,0.5665529010238908
2013-02-24T10:00:00,0.6043956043956044
2013-02-24T11:00:00,0.6550387596899225
2013-02-24T12:00:00,0.6614173228346457
2013-02-24T13:00:00,0.7020408163265306
2013-02-24T14:00:00,0.6666666666666666
2013-02-24T15:00:00,0.6484375
2013-02-24T16:00:00,0.5880149812734082
2013-02-24T17:00:00,0.5833333333333334
2013-02-24T18:00:00,0.58
2013-02-24T19:00:00,0.5668202764976958
2013-02-24T20:00:00,0.6216216216216216
2013-02-24T21:00:00,0.5343915343915344
2013-02-24T22:00:00,0.5392670157068062
2013-02-24T23:00:00,0.6256983240223464
2013-02-25T00:00:00,0.5922330097087378
2013-02-25T01:00:00,0.5702479338842975
2013-02-25T02:00:00,0.5679442508710801
2013-02-25T03:00:00,0.4905149051490515
2013-02-25T04:00:00,0.4790575916230366
2013-02-25T05:00:00,0.5668604651162791
2013-02-25T06:00:00,0.5878594249201278
2013-02-25T07:00:00,0.517799352750809
2013-02-25T08:00:00,0.6058394160583942
2013-02-25T09:00:00,0.5938697318007663
2013-02-25T10:00:00,0.6143497757847534
2013-02-25T11:00:00,0.4979423868312757
2013-02-25T12:00:00,0.5378151260504201
2013-02-25T13:00:00,0.592274678111588
2013-02-25T14:00:00,0.6711111111111111
2013-02-25T15:00:00,0.6595744680851063
2013-02-25T16:00:00,0.6347826086956522
2013-02-25T17:00:00,0.645021645021645
2013-02-25T18:00:00,0.6017316017316018
2013-02-25T19:00:00,0.6066350710900474
2013-02-25T20:00:00,0.6494252873563219
2013-02-25T21:00:00,0.6363636363636364
2013-02-25T22:00:00,0.5941422594142259
2013-02-25T23:00:00,0.540084388185654
2013-02-26T00:00:00,0.4756944444444444
2013-02-26T01:00:00,0.4700854700854701
2013-02-26T02:00:00,0.5122549019607843
2013-02-26T03:00:00,0.573134328358209
2013-02-26T04:00:00,0.5056818181818182
2013-02-26T05:00:00,0.6136363636363636
2013-02-26T06:00:00,0.6423611111111112
2013-02-26T07:00:00,0.6129032258064516
2013-02-26T08:00:00,0.650375939849624
2013-02-26T09:00:00,0.6313725490196078
2013-02-26T10:00:00,0.6556016597510373
2013-02-26T11:00:00,0.6859504132231405
2013-02-26T12:00:00,0.6875
2013-02-26T13:00:00,0.7078189300411523
2013-02-26T14:00:00,0.71484375
2013-02-26T15:00:00,0.6830188679245283
2013-02-26T16:00:00,0.6505576208178439
2013-02-26T17:00:00,0.656934306569343
2013-02-26T18:00:00,0.6094890510948905
2013-02-26T19:00:00,0.6219512195121951
2013-02-26T20:00:00,0.6409090909090909
2013-02-26T21:00:00,0.6834862385321101
2013-02-26T22:00:00,0.634453781512605
2013-02-26T23:00:00,0.6341463414634146
2013-02-27T00:00:00,0.6515151515151515
2013-02-27T01:00:00,0.5973597359735974
2013-02-27T02:00:00,0.5
2013-02-27T03:00:00,0.5133333333333333
2013-02-27T04:00:00,0.5249457700650759
2013-02-27T05:00:00,0.6271186440677966
2013-02-27T06:00:00,0.6352040816326531
2013-02-27T07:00:00,0.6266666666666667
2013-02-27T08:00:00,0.6296296296296297
2013-02-27T09:00:00,0.6287425149700598
2013-02-27T10:00:00,0.6805111821086262
2013-02-27T11:00:00,0.694078947368421
2013-02-27T12:00:00,0.6996699669966997
2013-02-27T13:00:00,0.7233333333333334
2013-02-27T14:00:00,0.7189542483660131
2013-02-27T15:00:00,0.7100977198697068
2013-02-27T16:00:00,0.6645367412140575
2013-02-27T17:00:00,0.6310679611650486
2013-02-27T18:00:00,0.6413793103448275
2013-02-27T19:00:00,0.6138996138996139
2013-02-27T20:00:00,0.6622222222222223
2013-02-27T21:00:00,0.6649746192893401
2013-02-27T22:00:00,0.6175115207373272
2013-02-27T23:00:00,0.6160714285714286
2013-02-28T00:00:00,0.6333333333333333
2013-02-28T01:00:00,0.573943661971831
2013-02-28T02:00:00,0.4715447154471545
2013-02-28T03:00:00,0.48
2013-02-28T04:00:00,0.5011389521640092
2013-02-28T05:00:00,0.5915841584158416
2013-02-28T06:00:00,0.5930851063829787
2013-02-28T07:00:00,0.5786516853932584
2013-02-28T08:00:00,0.5808383233532934
2013-02-28T09:00:00,0.583596214511041
2013-02-28T10:00:00,0.6382252559726962
2013-02-28T11:00:00,0.6666666666666666
2013-02-28T12:00:00,0.6762589928057554
2013-02-28T13:00:00,0.7121771217712177
2013-02-28T14:00:00,0.6981818181818182
2013-02-28T15:00:00,0.6801470588235294
2013-02-28T16:00:00,0.6357142857142857
2013-02-28T17:00:00,0.6227758007117438
2013-02-28T18:00:00,0.6283524904214559
2013-02-28T19:00:00,0.5948275862068966
2013-02-28T20:00:00,0.645
2013-02-28T21:00:00,0.6153846153846154
2013-02-28T22:00:00,0.5638297872340425
2013-02-28T23:00:00,0.5641025641025641
2013-03-01T00:00:00,0.5857142857142857
2013-03-01T01:00:00,0.5275590551181102
2013-03-01T02:00:00,0.4121212121212121
2013-03-01T03:00:00,0.4267015706806283
2013-03-01T04:00:00,0.4492385786802031
2013-03-01T05:00:00,0.5482093663911846
2013-03-01T06:00:00,0.5449101796407185
2013-03-01T07:00:00,0.526984126984127
2013-03-01T08:00:00,0.5306122448979592
2013-03-01T09:00:00,0.5321428571428571
2013-03-01T10:00:00,0.58984375
2013-03-01T11:00:00,0.6219512195121951
2013-03-01T12:00:00,0.6307053941908713
2013-03-01T13:00:00,0.6695278969957081
2013-03-01T14:00:00,0.6569037656903766
2013-03-01T15:00:00,0.6371308016877637
2013-03-01T16:00:00,0.5910931174089069
2013-03-01T17:00:00,0.5766129032258065
2013-03-01T18:00:00,0.5844155844155844
2013-03-01T19:00:00,0.5392156862745098
2013-03-01T20:00:00,0.5953757225433526
2013-03-01T21:00:00,0.5925925925925926
2013-03-01T22:00:00,0.5414364640883977
2013-03-01T23:00:00,0.5425531914893617
2013-03-02T00:00:00,0.5643564356435643
2013-03-02T01:00:00,0.5040983606557377
2013-03-02T02:00:00,0.3887147335423197
2013-03-02T03:00:00,0.4010840108401084
2013-03-02T04:00:00,0.4251968503937008
2013-03-02T05:00:00,0.5272206303724928
2013-03-02T06:00:00,0.5233644859813084
2013-03-02T07:00:00,0.504950495049505
2013-03-02T08:00:00,0.5053003533568905
2013-03-02T09:00:00,0.5092936802973977
2013-03-02T10:00:00,0.5691056910569106
2013-03-02T11:00:00,0.6016949152542372
2013-03-02T12:00:00,0.6086956521739131
2013-03-02T13:00:00,0.6486486486486487
2013-03-02T14:00:00,0.6359649122807017
2013-03-02T15:00:00,0.6167400881057269
2013-03-02T16:00:00,0.569620253164557
2013-03-02T17:00:00,0.5546218487394958
2013-03-02T18:00:00,0.5610859728506787
2013-03-02T19:00:00,0.517948717948718
2013-03-02T20:00:00,0.572289156626506
2013-03-02T21:00:00,0.5662650602409639
2013-03-02T22:00:00,0.5388888888888889
2013-03-02T23:00:00,0.543010752688172
2013-03-03T00:00:00,0.5663265306122449
2013-03-03T01:00:00,0.5238095238095238
2013-03-03T02:00:00,0.4006622516556291
2013-03-03T03:00:00,0.4456824512534819
2013-03-03T04:00:00,0.4467532467532467
2013-03-03T05:00:00,0.5335195530726257
2013-03-03T06:00:00,0.5303030303030303
2013-03-03T07:00:00,0.5309446254071661
2013-03-03T08:00:00,0.5333333333333333
2013-03-03T09:00:00,0.5313653136531366
2013-03-03T10:00:00,0.5697211155378487
2013-03-03T11:00:00,0.6228813559322034
2013-03-03T12:00:00,0.6277056277056277
2013-03-03T13:00:00,0.669683257918552
2013-03-03T14:00:00,0.6347826086956522
2013-03-03T15:00:00,0.6153846153846154
2013-03-03T16:00:00,0.5546558704453441
2013-03-03T17:00:00,0.5491803278688525
2013-03-03T18:00:00,0.5454545454545454
2013-03-03T19:00:00,0.53
2013-03-03T20:00:00,0.5857988165680473
2013-03-03T21:00:00,0.5191256830601093
2013-03-03T22:00:00,0.5243243243243243
2013-03-03T23:00:00,0.6104651162790697
2013-03-04T00:00:00,0.5778894472361809
2013-03-04T01:00:00,0.5536480686695279
2013-03-04T02:00:00,0.5523465703971119
2013-03-04T03:00:00,0.4733893557422969
2013-03-04T04:00:00,0.4621621621621622
2013-03-04T05:00:00,0.5512048192771084
2013-03-04T06:00:00,0.5728476821192053
2013-03-04T07:00:00,0.5016722408026756
2013-03-04T08:00:00,0.5909090909090909
2013-03-04T09:00:00,0.5776892430278885
2013-03-04T10:00:00,0.6018518518518519
2013-03-04T11:00:00,0.4808510638297872
2013-03-04T12:00:00,0.5217391304347826
2013-03-04T13:00:00,0.5777777777777777
2013-03-04T14:00:00,0.6589861751152074
2013-03-04T15:00:00,0.6460176991150443
2013-03-04T16:00:00,0.6216216216216216
2013-03-04T17:00:00,0.6306306306306306
2013-03-04T18:00:00,0.5874439461883408
2013-03-04T19:00:00,0.5911330049261084
2013-03-04T20:00:00,0.6347305389221557
2013-03-04T21:00:00,0.6
2013-03-04T22:00:00,0.5650224215246636
2013-03-04T23:00:00,0.502283105022831
2013-03-05T00:00:00,0.4365671641791045
2013-03-05T01:00:00,0.4311926605504587
2013-03-05T02:00:00,0.4763157894736842
2013-03-05T03:00:00,0.5372168284789643
2013-03-05T04:00:00,0.4662576687116564
2013-03-05T05:00:00,0.575
2013-03-05T06:00:00,0.6068702290076335
2013-03-05T07:00:00,0.5748031496062992
2013-03-05T08:00:00,0.6125
2013-03-05T09:00:00,0.5930735930735931
2013-03-05T10:00:00,0.6175115207373272
2013-03-05T11:00:00,0.6497695852534562
2013-03-05T12:00:00,0.647887323943662
2013-03-05T13:00:00,0.6757990867579908
2013-03-05T14:00:00,0.6826086956521739
2013-03-05T15:00:00,0.6470588235294118
2013-03-05T16:00:00,0.6147540983606558
2013-03-05T17:00:00,0.624
2013-03-05T18:00:00,0.5737051792828686
2013-03-05T19:00:00,0.5921052631578947
2013-03-05T20:00:00,0.6030150753768844
2013-03-05T21:00:00,0.6600985221674877
2013-03-05T22:00:00,0.6116071428571429
2013-03-05T23:00:00,0.6120689655172413
2013-03-06T00:00:00,0.6305220883534136
2013-03-06T01:00:00,0.5778546712802768
2013-03-06T02:00:00,0.4735449735449735
2013-03-06T03:00:00,0.4883177570093458
2013-03-06T04:00:00,0.5022727272727273
2013-03-06T05:00:00,0.6071428571428571
2013-03-06T06:00:00,0.6135135135135135
2013-03-06T07:00:00,0.6045197740112994
2013-03-06T08:00:00,0.6048632218844985
2013-03-06T09:00:00,0.6050955414012739
2013-03-06T10:00:00,0.6575342465753424
2013-03-06T11:00:00,0.6725352112676056
2013-03-06T12:00:00,0.6773049645390071
2013-03-06T13:00:00,0.7035714285714286
2013-03-06T14:00:00,0.6982456140350877
2013-03-06T15:00:00,0.6909722222222222
2013-03-06T16:00:00,0.6440677966101694
2013-03-06T17:00:00,0.6122448979591837
2013-03-06T18:00:00,0.6218181818181818
2013-03-06T19:00:00,0.5918367346938775
2013-03-06T20:00:00,0.6398104265402843
2013-03-06T21:00:00,0.695852534562212
2013-03-06T22:00:00,0.6512605042016807
2013-03-06T23:00:00,0.6489795918367347
2013-03-07T00:00:00,0.6628352490421456
2013-03-07T01:00:00,0.6006600660066007
2013-03-07T02:00:00,0.5063291139240507
2013-03-07T03:00:00,0.5121412803532008
2013-03-07T04:00:00,0.5310492505353319
2013-03-07T05:00:00,0.6153846153846154
2013-03-07T06:00:00,0.6212871287128713
2013-03-07T07:00:00,0.609375
2013-03-07T08:00:00,0.6111111111111112
2013-03-07T09:00:00,0.6140350877192983
2013-03-07T10:00:00,0.6677115987460815
2013-03-07T11:00:00,0.6938110749185668
2013-03-07T12:00:00,0.7049180327868853
2013-03-07T13:00:00,0.7391304347826086
2013-03-07T14:00:00,0.7242524916943521
2013-03-07T15:00:00,0.7070707070707071
2013-03-07T16:00:00,0.6633663366336634
2013-03-07T17:00:00,0.6501650165016502
2013-03-07T18:00:00,0.6560283687943262
2013-03-07T19:00:00,0.6254980079681275
2013-03-07T20:00:00,0.6757990867579908
2013-03-07T21:00:00,0.7085201793721974
2013-03-07T22:00:00,0.6639344262295082
2013-03-07T23:00:00,0.6613545816733067
2013-03-08T00:00:00,0.6741573033707865
2013-03-08T01:00:00,0.6103896103896104
2013-03-08T02:00:00,0.516209476309227
2013-03-08T03:00:00,0.5228758169934641
2013-03-08T04:00:00,0.5412262156448203
2013-03-08T05:00:00,0.6221198156682027
2013-03-08T06:00:00,0.6292682926829268
2013-03-08T07:00:00,0.6198979591836735
2013-03-08T08:00:00,0.6239782016348774
2013-03-08T09:00:00,0.6257142857142857
2013-03-08T10:00:00,0.6779141104294478
2013-03-08T11:00:00,0.7038216560509554
2013-03-08T12:00:00,0.7156549520766773
2013-03-08T13:00:00,0.75
2013-03-08T14:00:00,0.7337662337662337
2013-03-08T15:00:00,0.7180327868852459
2013-03-08T16:00:00,0.6731391585760518
2013-03-08T17:00:00,0.6601941747572816
2013-03-08T18:00:00,0.6655052264808362
2013-03-08T19:00:00,0.6356589147286822
2013-03-08T20:00:00,0.6888888888888889
2013-03-08T21:00:00,0.7053571428571429
2013-03-08T22:00:00,0.6612244897959184
2013-03-08T23:00:00,0.6587301587301587
2013-03-09T00:00:00,0.6704119850187266
2013-03-09T01:00:00,0.6071428571428571
2013-03-09T02:00:00,0.5161290322580645
2013-03-09T03:00:00,0.5206073752711496
2013-03-09T04:00:00,0.5389473684210526
2013-03-09T05:00:00,0.619815668202765
2013-03-09T06:00:00,0.6286407766990292
2013-03-09T07:00:00,0.6183206106870229
2013-03-09T08:00:00,0.6205962059620597
2013-03-09T09:00:00,0.6239316239316239
2013-03-09T10:00:00,0.6758409785932722
2013-03-09T11:00:00,0.7025316455696202
2013-03-09T12:00:00,0.7142857142857143
2013-03-09T13:00:00,0.7483870967741936
2013-03-09T14:00:00,0.7322580645161291
2013-03-09T15:00:00,0.7156862745098039
2013-03-09T16:00:00,0.6709677419354839
2013-03-09T17:00:00,0.6580645161290323
2013-03-09T18:00:00,0.6631944444444444
2013-03-09T19:00:00,0.6356589147286822
2013-03-09T20:00:00,0.6858407079646017
2013-03-09T21:00:00,0.6666666666666666
2013-03-09T22:00:00,0.6422413793103449
2013-03-09T23:00:00,0.6443514644351465
2013-03-10T00:00:00,0.6586345381526104
2013-03-10T01:00:00,0.6126760563380281
2013-03-10T02:00:00,0.514745308310992
2013-03-10T03:00:00,0.545662100456621
2013-03-10T04:00:00,0.5419354838709678
2013-03-10T05:00:00,0.6116279069767442
2013-03-10T06:00:00,0.6163366336633663
2013-03-10T07:00:00,0.6220472440944882
2013-03-10T08:00:00,0.6274509803921569
2013-03-10T09:00:00,0.6242603550295858
2013-03-10T10:00:00,0.6593059936908517
2013-03-10T11:00:00,0.7043189368770764
2013-03-10T12:00:00,0.7123745819397993
2013-03-10T13:00:00,0.75
2013-03-10T14:00:00,0.7171717171717171
2013-03-10T15:00:00,0.6989966555183946
2013-03-10T16:00:00,0.6440129449838188
2013-03-10T17:00:00,0.6381578947368421
2013-03-10T18:00:00,0.6341463414634146
2013-03-10T19:00:00,0.626984126984127
2013-03-10T20:00:00,0.6774193548387096
2013-03-10T21:00:00,0.5665024630541872
2013-03-10T22:00:00,0.5665024630541872
2013-03-10T23:00:00,0.6528497409326425
2013-03-11T00:00:00,0.6164383561643836
2013-03-11T01:00:00,0.5889328063241107
2013-03-11T02:00:00,0.5907590759075908
2013-03-11T03:00:00,0.5154639175257731
2013-03-11T04:00:00,0.5012531328320802
2013-03-11T05:00:00,0.5861111111111111
2013-03-11T06:00:00,0.6067073170731707
2013-03-11T07:00:00,0.5429447852760736
2013-03-11T08:00:00,0.6288659793814433
2013-03-11T09:00:00,0.6145454545454545
2013-03-11T10:00:00,0.6431535269709544
2013-03-11T11:00:00,0.5307692307692308
2013-03-11T12:00:00,0.5686274509803921
2013-03-11T13:00:00,0.6215139442231076
2013-03-11T14:00:00,0.6954732510288066
2013-03-11T15:00:00,0.68
2013-03-11T16:00:00,0.6585365853658537
2013-03-11T17:00:00,0.6639344262295082
2013-03-11T18:00:00,0.6260162601626016
2013-03-11T19:00:00,0.6261261261261262
2013-03-11T20:00:00,0.6720430107526881
2013-03-11T21:00:00,0.6
2013-03-11T22:00:00,0.5630630630630631
2013-03-11T23:00:00,0.5
2013-03-12T00:00:00,0.4365671641791045
2013-03-12T01:00:00,0.4294478527607362
2013-03-12T02:00:00,0.474934036939314
2013-03-12T03:00:00,0.5357142857142857
2013-03-12T04:00:00,0.4646153846153846
2013-03-12T05:00:00,0.575
2013-03-12T06:00:00,0.6068702290076335
2013-03-12T07:00:00,0.5731225296442688
2013-03-12T08:00:00,0.6125
2013-03-12T09:00:00,0.5930735930735931
2013-03-12T10:00:00,0.6175115207373272
2013-03-12T11:00:00,0.6497695852534562
2013-03-12T12:00:00,0.647887323943662
2013-03-12T13:00:00,0.6757990867579908
2013-03-12T14:00:00,0.6826086956521739
2013-03-12T15:00:00,0.6470588235294118
2013-03-12T16:00:00,0.6131687242798354
2013-03-12T17:00:00,0.624
2013-03-12T18:00:00,0.572
2013-03-12T19:00:00,0.5903083700440529
2013-03-12T20:00:00,0.601010101010101
2013-03-12T21:00:00,0.6011560693641619
2013-03-12T22:00:00,0.5538461538461539
2013-03-12T23:00:00,0.5544554455445545
2013-03-13T00:00:00,0.5779816513761468
2013-03-13T01:00:00,0.528957528957529
2013-03-13T02:00:00,0.4094955489614243
2013-03-13T03:00:00,0.4267015706806283
2013-03-13T04:00:00,0.446969696969697
2013-03-13T05:00:00,0.5587392550143266
2013-03-13T06:00:00,0.5613496932515337
2013-03-13T07:00:00,0.5483870967741935
2013-03-13T08:00:00,0.543859649122807
2013-03-13T09:00:00,0.5490909090909091
2013-03-13T10:00:00,0.6
2013-03-13T11:00:00,0.6172839506172839
2013-03-13T12:00:00,0.6208333333333333
2013-03-13T13:00:00,0.6541666666666667
2013-03-13T14:00:00,0.6460905349794238
2013-03-13T15:00:00,0.642570281124498
2013-03-13T16:00:00,0.5930232558139535
2013-03-13T17:00:00,0.5632183908045977
2013-03-13T18:00:00,0.5720164609053497
2013-03-13T19:00:00,0.5370370370370371
2013-03-13T20:00:00,0.5846994535519126
2013-03-13T21:00:00,0.6140350877192983
2013-03-13T22:00:00,0.5631578947368421
2013-03-13T23:00:00,0.5634517766497462
2013-03-14T00:00:00,0.5829383886255924
2013-03-14T01:00:00,0.5254901960784314
2013-03-14T02:00:00,0.4126506024096386
2013-03-14T03:00:00,0.4244791666666667
2013-03-14T04:00:00,0.4483627204030227
2013-03-14T05:00:00,0.5491803278688525
2013-03-14T06:00:00,0.5446428571428571
2013-03-14T07:00:00,0.526813880126183
2013-03-14T08:00:00,0.5286195286195287
2013-03-14T09:00:00,0.5302491103202847
2013-03-14T10:00:00,0.5891472868217055
2013-03-14T11:00:00,0.6209677419354839
2013-03-14T12:00:00,0.628099173553719
2013-03-14T13:00:00,0.6666666666666666
2013-03-14T14:00:00,0.6541666666666667
2013-03-14T15:00:00,0.6359832635983264
2013-03-14T16:00:00,0.5887096774193549
2013-03-14T17:00:00,0.5742971887550201
2013-03-14T18:00:00,0.5818965517241379
2013-03-14T19:00:00,0.5414634146341464
2013-03-14T20:00:00,0.5942857142857143
2013-03-14T21:00:00,0.6264367816091954
2013-03-14T22:00:00,0.5773195876288659
2013-03-14T23:00:00,0.5771144278606966
2013-03-15T00:00:00,0.5972222222222222
2013-03-15T01:00:00,0.5402298850574713
2013-03-15T02:00:00,0.4260355029585799
2013-03-15T03:00:00,0.4398976982097187
2013-03-15T04:00:00,0.4641975308641975
2013-03-15T05:00:00,0.5614973262032086
2013-03-15T06:00:00,0.5568513119533528
2013-03-15T07:00:00,0.5401234567901234
2013-03-15T08:00:00,0.543046357615894
2013-03-15T09:00:00,0.5435540069686411
2013-03-15T10:00:00,0.6022727272727273
2013-03-15T11:00:00,0.6324110671936759
2013-03-15T12:00:00,0.6411290322580645
2013-03-15T13:00:00,0.6791666666666667
2013-03-15T14:00:00,0.6666666666666666
2013-03-15T15:00:00,0.6475409836065574
2013-03-15T16:00:00,0.6023622047244095
2013-03-15T17:00:00,0.5882352941176471
2013-03-15T18:00:00,0.5949367088607594
2013-03-15T19:00:00,0.5502392344497608
2013-03-15T20:00:00,0.6067415730337079
2013-03-15T21:00:00,0.6184971098265896
2013-03-15T22:00:00,0.5677083333333334
2013-03-15T23:00:00,0.5678391959798995
2013-03-16T00:00:00,0.5887850467289719
2013-03-16T01:00:00,0.5310077519379846
2013-03-16T02:00:00,0.417910447761194
2013-03-16T03:00:00,0.4304123711340206
2013-03-16T04:00:00,0.4538653366583541
2013-03-16T05:00:00,0.5528455284552846
2013-03-16T06:00:00,0.55
2013-03-16T07:00:00,0.5327102803738317
2013-03-16T08:00:00,0.5333333333333333
2013-03-16T09:00:00,0.5352112676056338
2013-03-16T10:00:00,0.5938697318007663
2013-03-16T11:00:00,0.624
2013-03-16T12:00:00,0.6326530612244898
2013-03-16T13:00:00,0.6708860759493671
2013-03-16T14:00:00,0.6584362139917695
2013-03-16T15:00:00,0.6390041493775933
2013-03-16T16:00:00,0.5936254980079682
2013-03-16T17:00:00,0.5793650793650794
2013-03-16T18:00:00,0.5872340425531914
2013-03-16T19:00:00,0.5458937198067633
2013-03-16T20:00:00,0.5988700564971752
2013-03-16T21:00:00,0.52
2013-03-16T22:00:00,0.4939024390243902
2013-03-16T23:00:00,0.4940476190476191
2013-03-17T00:00:00,0.519774011299435
2013-03-17T01:00:00,0.4761904761904762
2013-03-17T02:00:00,0.3512544802867383
2013-03-17T03:00:00,0.3987915407854985
2013-03-17T04:00:00,0.4
2013-03-17T05:00:00,0.4877300613496933
2013-03-17T06:00:00,0.4833333333333333
2013-03-17T07:00:00,0.4838709677419355
2013-03-17T08:00:00,0.4864864864864865
2013-03-17T09:00:00,0.483739837398374
2013-03-17T10:00:00,0.5221238938053098
2013-03-17T11:00:00,0.5801886792452831
2013-03-17T12:00:00,0.5845410628019324
2013-03-17T13:00:00,0.6294416243654822
2013-03-17T14:00:00,0.5902439024390244
2013-03-17T15:00:00,0.5714285714285714
2013-03-17T16:00:00,0.5067264573991032
2013-03-17T17:00:00,0.502262443438914
2013-03-17T18:00:00,0.5
2013-03-17T19:00:00,0.4835164835164835
2013-03-17T20:00:00,0.5394736842105263
2013-03-17T21:00:00,0.4172185430463576
2013-03-17T22:00:00,0.4133333333333333
2013-03-17T23:00:00,0.5144927536231884
2013-03-18T00:00:00,0.4716981132075472
2013-03-18T01:00:00,0.4526315789473684
2013-03-18T02:00:00,0.4464285714285715
2013-03-18T03:00:00,0.367003367003367
2013-03-18T04:00:00,0.3621794871794872
2013-03-18T05:00:00,0.4562043795620438
2013-03-18T06:00:00,0.475609756097561
2013-03-18T07:00:00,0.3991935483870968
2013-03-18T08:00:00,0.4905660377358491
2013-03-18T09:00:00,0.4752475247524752
2013-03-18T10:00:00,0.4970760233918128
2013-03-18T11:00:00,0.3678756476683938
2013-03-18T12:00:00,0.4054054054054054
2013-03-18T13:00:00,0.4571428571428571
2013-03-18T14:00:00,0.5487804878048781
2013-03-18T15:00:00,0.5402298850574713
2013-03-18T16:00:00,0.52
2013-03-18T17:00:00,0.5287356321839081
2013-03-18T18:00:00,0.4860335195530726
2013-03-18T19:00:00,0.4876543209876543
2013-03-18T20:00:00,0.5378787878787878
2013-03-18T21:00:00,0.5096774193548387
2013-03-18T22:00:00,0.478494623655914
2013-03-18T23:00:00,0.4076086956521739
2013-03-19T00:00:00,0.3434782608695652
2013-03-19T01:00:00,0.3404255319148936
2013-03-19T02:00:00,0.3895705521472393
2013-03-19T03:00:00,0.4478764478764479
2013-03-19T04:00:00,0.3741007194244604
2013-03-19T05:00:00,0.4870689655172414
2013-03-19T06:00:00,0.5231481481481481
2013-03-19T07:00:00,0.4832535885167464
2013-03-19T08:00:00,0.5255102040816326
2013-03-19T09:00:00,0.5026455026455027
2013-03-19T10:00:00,0.5284090909090909
2013-03-19T11:00:00,0.5657142857142857
2013-03-19T12:00:00,0.5588235294117647
2013-03-19T13:00:00,0.5965909090909091
2013-03-19T14:00:00,0.6032608695652174
2013-03-19T15:00:00,0.5625
2013-03-19T16:00:00,0.5276381909547738
2013-03-19T17:00:00,0.5414634146341464
2013-03-19T18:00:00,0.4855769230769231
2013-03-19T19:00:00,0.5105263157894737
2013-03-19T20:00:00,0.5123456790123457
2013-03-19T21:00:00,0.591715976331361
2013-03-19T22:00:00,0.5445026178010471
2013-03-19T23:00:00,0.5454545454545454
2013-03-20T00:00:00,0.568075117370892
2013-03-20T01:00:00,0.5196850393700787
2013-03-20T02:00:00,0.3987915407854985
2013-03-20T03:00:00,0.416
2013-03-20T04:00:00,0.4370179948586118
2013-03-20T05:00:00,0.5497076023391813
2013-03-20T06:00:00,0.5517241379310345
2013-03-20T07:00:00,0.5394736842105263
2013-03-20T08:00:00,0.5340501792114696
2013-03-20T09:00:00,0.5390334572490706
2013-03-20T10:00:00,0.5901639344262295
2013-03-20T11:00:00,0.6075949367088608
2013-03-20T12:00:00,0.6111111111111112
2013-03-20T13:00:00,0.6452991452991453
2013-03-20T14:00:00,0.6371308016877637
2013-03-20T15:00:00,0.6337448559670782
2013-03-20T16:00:00,0.5833333333333334
2013-03-20T17:00:00,0.5546875
2013-03-20T18:00:00,0.5630252100840336
2013-03-20T19:00:00,0.5283018867924528
2013-03-20T20:00:00,0.5730337078651685
2013-03-20T21:00:00,0.6184971098265896
2013-03-20T22:00:00,0.5677083333333334
2013-03-20T23:00:00,0.5678391959798995
2013-03-21T00:00:00,0.5906976744186047
2013-03-21T01:00:00,0.5328185328185329
2013-03-21T02:00:00,0.4196428571428572
2013-03-21T03:00:00,0.4318766066838046
2013-03-21T04:00:00,0.4552238805970149
2013-03-21T05:00:00,0.555256064690027
2013-03-21T06:00:00,0.5513196480938416
2013-03-21T07:00:00,0.5341614906832298
2013-03-21T08:00:00,0.5348837209302325
2013-03-21T09:00:00,0.5368421052631579
2013-03-21T10:00:00,0.5954198473282443
2013-03-21T11:00:00,0.6254980079681275
2013-03-21T12:00:00,0.6341463414634146
2013-03-21T13:00:00,0.6722689075630253
2013-03-21T14:00:00,0.6598360655737705
2013-03-21T15:00:00,0.640495867768595
2013-03-21T16:00:00,0.5952380952380952
2013-03-21T17:00:00,0.5810276679841897
2013-03-21T18:00:00,0.5889830508474576
2013-03-21T19:00:00,0.5458937198067633
2013-03-21T20:00:00,0.5988700564971752
2013-03-21T21:00:00,0.5911949685534591
2013-03-21T22:00:00,0.536723163841808
2013-03-21T23:00:00,0.5380434782608695
2013-03-22T00:00:00,0.5606060606060606
2013-03-22T01:00:00,0.5
2013-03-22T02:00:00,0.3821656050955414
2013-03-22T03:00:00,0.3966942148760331
2013-03-22T04:00:00,0.4213333333333333
2013-03-22T05:00:00,0.5232558139534884
2013-03-22T06:00:00,0.5189873417721519
2013-03-22T07:00:00,0.5
2013-03-22T08:00:00,0.5035971223021583
2013-03-22T09:00:00,0.5037878787878788
2013-03-22T10:00:00,0.5643153526970954
2013-03-22T11:00:00,0.5974025974025974
2013-03-22T12:00:00,0.6061946902654868
2013-03-22T13:00:00,0.6467889908256881
2013-03-22T14:00:00,0.6339285714285714
2013-03-22T15:00:00,0.6143497757847534
2013-03-22T16:00:00,0.5665236051502146
2013-03-22T17:00:00,0.5512820512820513
2013-03-22T18:00:00,0.5596330275229358
2013-03-22T19:00:00,0.5104166666666666
2013-03-22T20:00:00,0.5705521472392638
2013-03-22T21:00:00,0.5448275862068965
2013-03-22T22:00:00,0.4907975460122699
2013-03-22T23:00:00,0.4941176470588236
2013-03-23T00:00:00,0.5164835164835165
2013-03-23T01:00:00,0.454954954954955
2013-03-23T02:00:00,0.3389830508474576
2013-03-23T03:00:00,0.3556851311953353
2013-03-23T04:00:00,0.3778409090909091
2013-03-23T05:00:00,0.4811320754716981
2013-03-23T06:00:00,0.476027397260274
2013-03-23T07:00:00,0.4565217391304348
2013-03-23T08:00:00,0.4552529182879377
2013-03-23T09:00:00,0.4567901234567901
2013-03-23T10:00:00,0.5203619909502263
2013-03-23T11:00:00,0.5523809523809524
2013-03-23T12:00:00,0.5609756097560976
2013-03-23T13:00:00,0.6040609137055838
2013-03-23T14:00:00,0.5891089108910891
2013-03-23T15:00:00,0.5693069306930693
2013-03-23T16:00:00,0.5211267605633803
2013-03-23T17:00:00,0.5046728971962616
2013-03-23T18:00:00,0.515
2013-03-23T19:00:00,0.4719101123595505
2013-03-23T20:00:00,0.5234899328859061
2013-03-23T21:00:00,0.4626865671641791
2013-03-23T22:00:00,0.4429530201342282
2013-03-23T23:00:00,0.4407894736842105
2013-03-24T00:00:00,0.46875
2013-03-24T01:00:00,0.4270833333333333
2013-03-24T02:00:00,0.3038461538461538
2013-03-24T03:00:00,0.3601286173633441
2013-03-24T04:00:00,0.3564954682779456
2013-03-24T05:00:00,0.4377104377104377
2013-03-24T06:00:00,0.4343065693430657
2013-03-24T07:00:00,0.4308300395256917
2013-03-24T08:00:00,0.4291845493562232
2013-03-24T09:00:00,0.4304932735426009
2013-03-24T10:00:00,0.4653465346534654
2013-03-24T11:00:00,0.518918918918919
2013-03-24T12:00:00,0.5222222222222223
2013-03-24T13:00:00,0.5705882352941176
2013-03-24T14:00:00,0.5307262569832403
2013-03-24T15:00:00,0.5108695652173914
2013-03-24T16:00:00,0.4527363184079602
2013-03-24T17:00:00,0.4444444444444444
2013-03-24T18:00:00,0.450261780104712
2013-03-24T19:00:00,0.4337349397590362
2013-03-24T20:00:00,0.4814814814814815
2013-03-24T21:00:00,0.3931034482758621
2013-03-24T22:00:00,0.3846153846153846
2013-03-24T23:00:00,0.4885496183206107
2013-03-25T00:00:00,0.44
2013-03-25T01:00:00,0.425414364640884
2013-03-25T02:00:00,0.4178403755868544
2013-03-25T03:00:00,0.3380281690140845
2013-03-25T04:00:00,0.3366666666666667
2013-03-25T05:00:00,0.4291187739463602
2013-03-25T06:00:00,0.4463519313304721
2013-03-25T07:00:00,0.3713080168776371
2013-03-25T08:00:00,0.46
2013-03-25T09:00:00,0.4479166666666667
2013-03-25T10:00:00,0.4658385093167702
2013-03-25T11:00:00,0.3369565217391304
2013-03-25T12:00:00,0.3714285714285714
2013-03-25T13:00:00,0.4207317073170732
2013-03-25T14:00:00,0.5163398692810458
2013-03-25T15:00:00,0.50920245398773
2013-03-25T16:00:00,0.4909090909090909
2013-03-25T17:00:00,0.4969325153374233
2013-03-25T18:00:00,0.4588235294117647
2013-03-25T19:00:00,0.457516339869281
2013-03-25T20:00:00,0.5080645161290323
2013-03-25T21:00:00,0.4370370370370371
2013-03-25T22:00:00,0.4012345679012346
2013-03-25T23:00:00,0.2976744186046512
2013-03-26T00:00:00,0.3111111111111111
2013-03-26T01:00:00,0.3538961038961039
2013-03-26T02:00:00,0.3914893617021277
2013-03-26T03:00:00,0.3409090909090909
2013-03-26T04:00:00,0.4413145539906103
2013-03-26T05:00:00,0.4635416666666667
2013-03-26T06:00:00,0.4285714285714285
2013-03-26T07:00:00,0.4685714285714286
2013-03-26T08:00:00,0.4470588235294118
2013-03-26T09:00:00,0.467948717948718
2013-03-26T10:00:00,0.5064935064935064
2013-03-26T11:00:00,0.5
2013-03-26T12:00:00,0.5328947368421053
2013-03-26T13:00:00,0.532051282051282
2013-03-26T14:00:00,0.4970059880239521
2013-03-26T15:00:00,0.4689265536723164
2013-03-26T16:00:00,0.4777777777777778
2013-03-26T17:00:00,0.4247311827956989
2013-03-26T18:00:00,0.4431137724550898
2013-03-26T19:00:00,0.4436619718309859
2013-03-26T20:00:00,0.4963503649635037
2013-03-26T21:00:00,0.4493670886075949
2013-03-26T22:00:00,0.4545454545454545
2013-03-26T23:00:00,0.480225988700565
2013-03-27T00:00:00,0.4299065420560748
2013-03-27T01:00:00,0.3090277777777778
2013-03-27T02:00:00,0.3363636363636364
2013-03-27T03:00:00,0.3539823008849557
2013-03-27T04:00:00,0.4634146341463415
2013-03-27T05:00:00,0.4644194756554307
2013-03-27T06:00:00,0.4466403162055336
2013-03-27T07:00:00,0.4396551724137931
2013-03-27T08:00:00,0.4414414414414414
2013-03-27T09:00:00,0.4974874371859296
2013-03-27T10:00:00,0.5105263157894737
2013-03-27T11:00:00,0.5185185185185185
2013-03-27T12:00:00,0.5489130434782609
2013-03-27T13:00:00,0.5425531914893617
2013-03-27T14:00:00,0.538860103626943
2013-03-27T15:00:00,0.4902912621359223
2013-03-27T16:00:00,0.4597156398104265
2013-03-27T17:00:00,0.4747474747474748
2013-03-27T18:00:00,0.4382022471910113
2013-03-27T19:00:00,0.4794520547945205
2013-03-27T20:00:00,0.5037593984962406
2013-03-27T21:00:00,0.4503311258278146
2013-03-27T22:00:00,0.4522292993630573
2013-03-27T23:00:00,0.4761904761904762
2013-03-28T00:00:00,0.4182692307692308
2013-03-28T01:00:00,0.3035714285714285
2013-03-28T02:00:00,0.326219512195122
2013-03-28T03:00:00,0.3482142857142857
2013-03-28T04:00:00,0.4444444444444444
2013-03-28T05:00:00,0.4395604395604396
2013-03-28T06:00:00,0.4163424124513619
2013-03-28T07:00:00,0.4142259414225942
2013-03-28T08:00:00,0.4133333333333333
2013-03-28T09:00:00,0.4752475247524752
2013-03-28T10:00:00,0.5052631578947369
2013-03-28T11:00:00,0.5135135135135135
2013-03-28T12:00:00,0.559322033898305
2013-03-28T13:00:00,0.5414364640883977
2013-03-28T14:00:00,0.5245901639344263
2013-03-28T15:00:00,0.4795918367346939
2013-03-28T16:00:00,0.4619289340101523
2013-03-28T17:00:00,0.478494623655914
2013-03-28T18:00:00,0.4337349397590362
2013-03-28T19:00:00,0.4779411764705883
2013-03-28T20:00:00,0.4583333333333333
2013-03-28T21:00:00,0.4057971014492754
2013-03-28T22:00:00,0.4178082191780822
2013-03-28T23:00:00,0.4387096774193548
2013-03-29T00:00:00,0.3846153846153846
2013-03-29T01:00:00,0.2761194029850746
2013-03-29T02:00:00,0.3113207547169811
2013-03-29T03:00:00,0.3260869565217391
2013-03-29T04:00:00,0.4100719424460432
2013-03-29T05:00:00,0.40625
2013-03-29T06:00:00,0.3791666666666667
2013-03-29T07:00:00,0.3755656108597285
2013-03-29T08:00:00,0.3701923076923077
2013-03-29T09:00:00,0.4324324324324325
2013-03-29T10:00:00,0.456140350877193
2013-03-29T11:00:00,0.463855421686747
2013-03-29T12:00:00,0.5095541401273885
2013-03-29T13:00:00,0.4875
2013-03-29T14:00:00,0.475609756097561
2013-03-29T15:00:00,0.4388888888888889
2013-03-29T16:00:00,0.4198895027624309
2013-03-29T17:00:00,0.4418604651162791
2013-03-29T18:00:00,0.4012738853503185
2013-03-29T19:00:00,0.4308943089430894
2013-03-29T20:00:00,0.5111111111111111
2013-03-29T21:00:00,0.457516339869281
2013-03-29T22:00:00,0.4591194968553459
2013-03-29T23:00:00,0.4823529411764706
2013-03-30T00:00:00,0.4238095238095238
2013-03-30T01:00:00,0.3085106382978723
2013-03-30T02:00:00,0.3303030303030303
2013-03-30T03:00:00,0.3520710059171598
2013-03-30T04:00:00,0.45
2013-03-30T05:00:00,0.4456521739130435
2013-03-30T06:00:00,0.4230769230769231
2013-03-30T07:00:00,0.4214876033057851
2013-03-30T08:00:00,0.4210526315789473
2013-03-30T09:00:00,0.4854368932038835
2013-03-30T10:00:00,0.5154639175257731
2013-03-30T11:00:00,0.5238095238095238
2013-03-30T12:00:00,0.5666666666666667
2013-03-30T13:00:00,0.5513513513513514
2013-03-30T14:00:00,0.532258064516129
2013-03-30T15:00:00,0.4874371859296482
2013-03-30T16:00:00,0.47
2013-03-30T17:00:00,0.4840425531914894
2013-03-30T18:00:00,0.4404761904761905
2013-03-30T19:00:00,0.4855072463768116
2013-03-30T20:00:00,0.5135135135135135
2013-03-30T21:00:00,0.484472049689441
2013-03-30T22:00:00,0.4879518072289157
2013-03-30T23:00:00,0.5114942528735632
2013-03-31T00:00:00,0.4685990338164251
2013-03-31T01:00:00,0.3418181818181818
2013-03-31T02:00:00,0.3895705521472393
2013-03-31T03:00:00,0.3896848137535817
2013-03-31T04:00:00,0.4797507788161994
2013-03-31T05:00:00,0.4763513513513514
2013-03-31T06:00:00,0.4744525547445255
2013-03-31T07:00:00,0.4784313725490196
2013-03-31T08:00:00,0.475206611570248
2013-03-31T09:00:00,0.515695067264574
2013-03-31T10:00:00,0.5721153846153846
2013-03-31T11:00:00,0.5763546798029556
2013-03-31T12:00:00,0.6217616580310881
2013-03-31T13:00:00,0.5841584158415841
2013-03-31T14:00:00,0.5652173913043478
2013-03-31T15:00:00,0.5
2013-03-31T16:00:00,0.4954128440366973
2013-03-31T17:00:00,0.4927536231884058
2013-03-31T18:00:00,0.4748603351955307
2013-03-31T19:00:00,0.5333333333333333
2013-03-31T20:00:00,0.4942528735632184
2013-03-31T21:00:00,0.5
2013-03-31T22:00:00,0.588957055214724
2013-03-31T23:00:00,0.5555555555555556
2013-04-01T00:00:00,0.5336322869955157
2013-04-01T01:00:00,0.5303030303030303
2013-04-01T02:00:00,0.4502923976608187
2013-04-01T03:00:00,0.4410112359550562
2013-04-01T04:00:00,0.5314465408805031
2013-04-01T05:00:00,0.5520833333333334
2013-04-01T06:00:00,0.479020979020979
2013-04-01T07:00:00,0.5697211155378487
2013-04-01T08:00:00,0.5583333333333333
2013-04-01T09:00:00,0.5784313725490197
2013-04-01T10:00:00,0.4553571428571428
2013-04-01T11:00:00,0.4954128440366973
2013-04-01T12:00:00,0.5539906103286385
2013-04-01T13:00:00,0.6372549019607843
2013-04-01T14:00:00,0.6261682242990654
2013-04-01T15:00:00,0.6
2013-04-01T16:00:00,0.6113744075829384
2013-04-01T17:00:00,0.5660377358490566
2013-04-01T18:00:00,0.5699481865284974
2013-04-01T19:00:00,0.6139240506329114
2013-04-01T20:00:00,0.6218905472636815
2013-04-01T21:00:00,0.5872340425531914
2013-04-01T22:00:00,0.5260869565217391
2013-04-01T23:00:00,0.4626334519572954
2013-04-02T00:00:00,0.4577259475218659
2013-04-02T01:00:00,0.5025
2013-04-02T02:00:00,0.5613496932515337
2013-04-02T03:00:00,0.4927113702623906
2013-04-02T04:00:00,0.597972972972973
2013-04-02T05:00:00,0.6294964028776978
2013-04-02T06:00:00,0.5970149253731343
2013-04-02T07:00:00,0.6338582677165354
2013-04-02T08:00:00,0.6163265306122448
2013-04-02T09:00:00,0.6391304347826087
2013-04-02T10:00:00,0.670995670995671
2013-04-02T11:00:00,0.668141592920354
2013-04-02T12:00:00,0.6939655172413793
2013-04-02T13:00:00,0.7008196721311475
2013-04-02T14:00:00,0.6679841897233202
2013-04-02T15:00:00,0.6356589147286822
2013-04-02T16:00:00,0.6452830188679245
2013-04-02T17:00:00,0.5962264150943396
2013-04-02T18:00:00,0.6141078838174274
2013-04-02T19:00:00,0.6238095238095238
2013-04-02T20:00:00,0.6349206349206349
2013-04-02T21:00:00,0.5876777251184834
2013-04-02T22:00:00,0.589041095890411
2013-04-02T23:00:00,0.6101694915254238
2013-04-03T00:00:00,0.5627240143369175
2013-04-03T01:00:00,0.4487534626038781
2013-04-03T02:00:00,0.4645476772616137
2013-04-03T03:00:00,0.4834905660377358
2013-04-03T04:00:00,0.5904255319148937
2013-04-03T05:00:00,0.59375
2013-04-03T06:00:00,0.582089552238806
2013-04-03T07:00:00,0.5792880258899676
2013-04-03T08:00:00,0.5824915824915825
2013-04-03T09:00:00,0.6323529411764706
2013-04-03T10:00:00,0.6477272727272727
2013-04-03T11:00:00,0.6513409961685823
2013-04-03T12:00:00,0.683206106870229
2013-04-03T13:00:00,0.6754716981132075
2013-04-03T14:00:00,0.6715867158671587
2013-04-03T15:00:00,0.6236559139784946
2013-04-03T16:00:00,0.5957446808510638
2013-04-03T17:00:00,0.6030534351145038
2013-04-03T18:00:00,0.5708154506437768
2013-04-03T19:00:00,0.6161616161616161
2013-04-03T20:00:00,0.6047904191616766
2013-04-03T21:00:00,0.553763440860215
2013-04-03T22:00:00,0.5544041450777202
2013-04-03T23:00:00,0.5748792270531401
2013-04-04T00:00:00,0.516
2013-04-04T01:00:00,0.401840490797546
2013-04-04T02:00:00,0.4137931034482759
2013-04-04T03:00:00,0.4370179948586118
2013-04-04T04:00:00,0.5365168539325843
2013-04-04T05:00:00,0.5349544072948328
2013-04-04T06:00:00,0.5176848874598071
2013-04-04T07:00:00,0.5172413793103449
2013-04-04T08:00:00,0.52
2013-04-04T09:00:00,0.5810276679841897
2013-04-04T10:00:00,0.6115702479338843
2013-04-04T11:00:00,0.620253164556962
2013-04-04T12:00:00,0.6593886462882096
2013-04-04T13:00:00,0.6468085106382979
2013-04-04T14:00:00,0.6266094420600858
2013-04-04T15:00:00,0.5802469135802469
2013-04-04T16:00:00,0.5655737704918032
2013-04-04T17:00:00,0.5726872246696035
2013-04-04T18:00:00,0.53
2013-04-04T19:00:00,0.5847953216374269
2013-04-04T20:00:00,0.6012269938650306
2013-04-04T21:00:00,0.5469613259668509
2013-04-04T22:00:00,0.5478723404255319
2013-04-04T23:00:00,0.5693069306930693
2013-04-05T00:00:00,0.5061728395061729
2013-04-05T01:00:00,0.39375
2013-04-05T02:00:00,0.4065040650406504
2013-04-05T03:00:00,0.4304461942257218
2013-04-05T04:00:00,0.5287356321839081
2013-04-05T05:00:00,0.5264797507788161
2013-04-05T06:00:00,0.5082508250825083
2013-04-05T07:00:00,0.5106382978723404
2013-04-05T08:00:00,0.5130111524163569
2013-04-05T09:00:00,0.573170731707317
2013-04-05T10:00:00,0.6042553191489362
2013-04-05T11:00:00,0.6130434782608696
2013-04-05T12:00:00,0.6547085201793722
2013-04-05T13:00:00,0.6403508771929824
2013-04-05T14:00:00,0.6194690265486725
2013-04-05T15:00:00,0.5720338983050848
2013-04-05T16:00:00,0.5569620253164557
2013-04-05T17:00:00,0.5656108597285068
2013-04-05T18:00:00,0.5204081632653061
2013-04-05T19:00:00,0.5783132530120482
2013-04-05T20:00:00,0.6271186440677966
2013-04-05T21:00:00,0.576530612244898
2013-04-05T22:00:00,0.5763546798029556
2013-04-05T23:00:00,0.5944700460829493
2013-04-06T00:00:00,0.5346153846153846
2013-04-06T01:00:00,0.4247787610619469
2013-04-06T02:00:00,0.4347826086956522
2013-04-06T03:00:00,0.4579207920792079
2013-04-06T04:00:00,0.555256064690027
2013-04-06T05:00:00,0.5539358600583091
2013-04-06T06:00:00,0.5384615384615384
2013-04-06T07:00:00,0.5394736842105263
2013-04-06T08:00:00,0.5416666666666666
2013-04-06T09:00:00,0.6
2013-04-06T10:00:00,0.6299212598425197
2013-04-06T11:00:00,0.64
2013-04-06T12:00:00,0.6776859504132231
2013-04-06T13:00:00,0.6639676113360324
2013-04-06T14:00:00,0.6448979591836734
2013-04-06T15:00:00,0.5984251968503937
2013-04-06T16:00:00,0.5843137254901961
2013-04-06T17:00:00,0.5907172995780591
2013-04-06T18:00:00,0.5523809523809524
2013-04-06T19:00:00,0.6055555555555555
2013-04-06T20:00:00,0.6170212765957447
2013-04-06T21:00:00,0.5911330049261084
2013-04-06T22:00:00,0.5933014354066986
2013-04-06T23:00:00,0.6118721461187214
2013-04-07T00:00:00,0.5669291338582677
2013-04-07T01:00:00,0.4564564564564564
2013-04-07T02:00:00,0.4936386768447837
2013-04-07T03:00:00,0.4916467780429594
2013-04-07T04:00:00,0.570694087403599
2013-04-07T05:00:00,0.5718232044198895
2013-04-07T06:00:00,0.5752212389380531
2013-04-07T07:00:00,0.580441640378549
2013-04-07T08:00:00,0.5766666666666667
2013-04-07T09:00:00,0.6142857142857143
2013-04-07T10:00:00,0.6628787878787878
2013-04-07T11:00:00,0.6704980842911877
2013-04-07T12:00:00,0.7103174603174603
2013-04-07T13:00:00,0.676923076923077
2013-04-07T14:00:00,0.6577946768060836
2013-04-07T15:00:00,0.5985401459854015
2013-04-07T16:00:00,0.5925925925925926
2013-04-07T17:00:00,0.58984375
2013-04-07T18:00:00,0.57847533632287
2013-04-07T19:00:00,0.631578947368421
2013-04-07T20:00:00,0.5887850467289719
2013-04-07T21:00:00,0.5868544600938967
2013-04-07T22:00:00,0.6715686274509803
2013-04-07T23:00:00,0.6331877729257642
2013-04-08T00:00:00,0.6030534351145038
2013-04-08T01:00:00,0.6075949367088608
2013-04-08T02:00:00,0.533498759305211
2013-04-08T03:00:00,0.5169902912621359
2013-04-08T04:00:00,0.6005361930294906
2013-04-08T05:00:00,0.6217008797653959
2013-04-08T06:00:00,0.5617647058823529
2013-04-08T07:00:00,0.6459016393442623
2013-04-08T08:00:00,0.6306620209059234
2013-04-08T09:00:00,0.6627450980392157
2013-04-08T10:00:00,0.5547445255474452
2013-04-08T11:00:00,0.5895522388059702
2013-04-08T12:00:00,0.6415094339622641
2013-04-08T13:00:00,0.7120622568093385
2013-04-08T14:00:00,0.6958174904942965
2013-04-08T15:00:00,0.6744186046511628
2013-04-08T16:00:00,0.6784313725490196
2013-04-08T17:00:00,0.6434108527131783
2013-04-08T18:00:00,0.6422413793103449
2013-04-08T19:00:00,0.6903553299492385
2013-04-08T20:00:00,0.6724137931034483
2013-04-08T21:00:00,0.6181102362204725
2013-04-08T22:00:00,0.5758754863813229
2013-04-08T23:00:00,0.5129032258064516
2013-04-09T00:00:00,0.506631299734748
2013-04-09T01:00:00,0.5435779816513762
2013-04-09T02:00:00,0.6071428571428571
2013-04-09T03:00:00,0.5433070866141733
2013-04-09T04:00:00,0.6510263929618768
2013-04-09T05:00:00,0.6761006289308176
2013-04-09T06:00:00,0.6504854368932039
2013-04-09T07:00:00,0.6868686868686869
2013-04-09T08:00:00,0.6701754385964912
2013-04-09T09:00:00,0.6937269372693727
2013-04-09T10:00:00,0.7205882352941176
2013-04-09T11:00:00,0.7272727272727273
2013-04-09T12:00:00,0.7389705882352942
2013-04-09T13:00:00,0.7456445993031359
2013-04-09T14:00:00,0.7171717171717171
2013-04-09T15:00:00,0.6845637583892618
2013-04-09T16:00:00,0.68561872909699
2013-04-09T17:00:00,0.6433333333333333
2013-04-09T18:00:00,0.6477272727272727
2013-04-09T19:00:00,0.6775510204081633
2013-04-09T20:00:00,0.6745283018867925
2013-04-09T21:00:00,0.625
2013-04-09T22:00:00,0.625
2013-04-09T23:00:00,0.642023346303502
2013-04-10T00:00:00,0.5892255892255892
2013-04-10T01:00:00,0.4884318766066838
2013-04-10T02:00:00,0.5022727272727273
2013-04-10T03:00:00,0.5154867256637168
2013-04-10T04:00:00,0.6188118811881188
2013-04-10T05:00:00,0.6256544502617801
2013-04-10T06:00:00,0.6174863387978142
2013-04-10T07:00:00,0.6187683284457478
2013-04-10T08:00:00,0.6184615384615385
2013-04-10T09:00:00,0.6710526315789473
2013-04-10T10:00:00,0.6847457627118644
2013-04-10T10:59:59.999000,0.6904761904761905
2013-04-10T11:59:59.999000,0.7157534246575342
2013-04-10T12:59:59.999000,0.7104377104377104
2013-04-10T13:59:59.999000,0.7023411371237458
2013-04-10T14:59:59.999000,0.6557377049180327
2013-04-10T15:59:59.999000,0.6225165562913907
2013-04-10T16:59:59.999000,0.6325088339222615
2013-04-10T17:59:59.999000,0.6047430830039525
2013-04-10T18:59:59.999000,0.6529680365296804
2013-04-10T19:59:59.999000,0.5900621118012422
2013-04-10T20:59:59.999000,0.5388888888888889
2013-04-10T21:59:59.999000,0.5376344086021505
2013-04-10T22:59:59.999000,0.56
2013-04-10T23:59:59.999000,0.5020576131687243
2013-04-11T00:59:59.999000,0.3848580441640378
2013-04-11T01:59:59.999000,0.3978201634877384
2013-04-11T02:59:59.999000,0.4221635883905013
2013-04-11T03:59:59.999000,0.5244956772334294
2013-04-11T04:59:59.999000,0.5203761755485894
2013-04-11T05:59:59.999000,0.5016611295681063
2013-04-11T06:59:59.999000,0.501779359430605
2013-04-11T07:59:59.999000,0.5056179775280899
2013-04-11T08:59:59.999000,0.5655737704918032
2013-04-11T09:59:59.999000,0.5982905982905983
2013-04-11T10:59:59.999000,0.6052631578947368
2013-04-11T11:59:59.999000,0.6470588235294118
2013-04-11T12:59:59.999000,0.6343612334801763
2013-04-11T13:59:59.999000,0.6133333333333333
2013-04-11T14:59:59.999000,0.5659574468085107
2013-04-11T15:59:59.999000,0.5508474576271186
2013-04-11T16:59:59.999000,0.5590909090909091
2013-04-11T17:59:59.999000,0.5154639175257731
2013-04-11T18:59:59.999000,0.5696969696969697
2013-04-11T19:59:59.999000,0.5806451612903226
2013-04-11T20:59:59.999000,0.5260115606936416
2013-04-11T21:59:59.999000,0.5277777777777778
2013-04-11T22:59:59.999000,0.5492227979274611
2013-04-11T23:59:59.999000,0.4893617021276596
2013-04-12T00:59:59.999000,0.3701298701298701
2013-04-12T01:59:59.999000,0.3848314606741573
2013-04-12T02:59:59.999000,0.4103260869565217
2013-04-12T03:59:59.999000,0.5133531157270029
2013-04-12T04:59:59.999000,0.5080906148867314
2013-04-12T05:59:59.999000,0.4897260273972603
2013-04-12T06:59:59.999000,0.4926470588235294
2013-04-12T07:59:59.999000,0.4942084942084942
2013-04-12T08:59:59.999000,0.5550847457627118
2013-04-12T09:59:59.999000,0.588495575221239
2013-04-12T10:59:59.999000,0.5972850678733032
2013-04-12T11:59:59.999000,0.6384976525821596
2013-04-12T12:59:59.999000,0.6238532110091743
2013-04-12T13:59:59.999000,0.6036866359447005
2013-04-12T14:59:59.999000,0.5550660792951542
2013-04-12T15:59:59.999000,0.5394736842105263
2013-04-12T16:59:59.999000,0.5492957746478874
2013-04-12T17:59:59.999000,0.5
2013-04-12T18:59:59.999000,0.559748427672956
2013-04-12T19:59:59.999000,0.5950920245398773
2013-04-12T20:59:59.999000,0.5414364640883977
2013-04-12T21:59:59.999000,0.5425531914893617
2013-04-12T22:59:59.999000,0.5643564356435643
2013-04-12T23:59:59.999000,0.5061224489795918
2013-04-13T00:59:59.999000,0.3887147335423197
2013-04-13T01:59:59.999000,0.4027027027027027
2013-04-13T02:59:59.999000,0.4267015706806283
2013-04-13T03:59:59.999000,0.5299145299145299
2013-04-13T04:59:59.999000,0.5248447204968945
2013-04-13T05:59:59.999000,0.506578947368421
2013-04-13T06:59:59.999000,0.5070422535211268
2013-04-13T07:59:59.999000,0.5092936802973977
2013-04-13T08:59:59.999000,0.5708502024291497
2013-04-13T09:59:59.999000,0.6016949152542372
2013-04-13T10:59:59.999000,0.6103896103896104
2013-04-13T11:59:59.999000,0.6502242152466368
2013-04-13T12:59:59.999000,0.6375545851528385
2013-04-13T13:59:59.999000,0.6167400881057269
2013-04-13T14:59:59.999000,0.569620253164557
2013-04-13T15:59:59.999000,0.5564853556485355
2013-04-13T16:59:59.999000,0.5630630630630631
2013-04-13T17:59:59.999000,0.5204081632653061
2013-04-13T18:59:59.999000,0.5748502994011976
2013-04-13T19:59:59.999000,0.5739644970414202
2013-04-13T20:59:59.999000,0.546448087431694
2013-04-13T21:59:59.999000,0.5502645502645502
2013-04-13T22:59:59.999000,0.5728643216080402
2013-04-13T23:59:59.999000,0.5319148936170213
2013-04-14T00:59:59.999000,0.4104234527687297
2013-04-14T01:59:59.999000,0.4547945205479452
2013-04-14T02:59:59.999000,0.4552429667519182
2013-04-14T03:59:59.999000,0.5412087912087912
2013-04-14T04:59:59.999000,0.5373134328358209
2013-04-14T05:59:59.999000,0.5384615384615384
2013-04-14T06:59:59.999000,0.5413793103448276
2013-04-14T07:59:59.999000,0.5381818181818182
2013-04-14T08:59:59.999000,0.5764705882352941
2013-04-14T09:59:59.999000,0.6307053941908713
2013-04-14T10:59:59.999000,0.6340425531914894
2013-04-14T11:59:59.999000,0.6755555555555556
2013-04-14T12:59:59.999000,0.6410256410256411
2013-04-14T13:59:59.999000,0.6234309623430963
2013-04-14T14:59:59.999000,0.5617529880478087
2013-04-14T15:59:59.999000,0.5564516129032258
2013-04-14T16:59:59.999000,0.5531914893617021
2013-04-14T17:59:59.999000,0.5369458128078818
2013-04-14T18:59:59.999000,0.5930232558139535
2013-04-14T19:59:59.999000,0.5056179775280899
2013-04-14T20:59:59.999000,0.5111111111111111
2013-04-14T21:59:59.999000,0.5988023952095808
2013-04-14T22:59:59.999000,0.5670103092783505
2013-04-14T23:59:59.999000,0.5458515283842795
2013-04-15T00:59:59.999000,0.5424354243542435
2013-04-15T01:59:59.999000,0.4628571428571429
2013-04-15T02:59:59.999000,0.4532967032967033
2013-04-15T03:59:59.999000,0.5429447852760736
2013-04-15T04:59:59.999000,0.5641891891891891
2013-04-15T05:59:59.999000,0.4914675767918089
2013-04-15T06:59:59.999000,0.5813953488372093
2013-04-15T07:59:59.999000,0.5691056910569106
2013-04-15T08:59:59.999000,0.5885167464114832
2013-04-15T09:59:59.999000,0.4672489082969432
2013-04-15T10:59:59.999000,0.5089285714285714
2013-04-15T11:59:59.999000,0.5662100456621004
2013-04-15T12:59:59.999000,0.6476190476190476
2013-04-15T13:59:59.999000,0.6363636363636364
2013-04-15T14:59:59.999000,0.6111111111111112
2013-04-15T15:59:59.999000,0.6221198156682027
2013-04-15T16:59:59.999000,0.576036866359447
2013-04-15T17:59:59.999000,0.5829145728643216
2013-04-15T18:59:59.999000,0.6257668711656442
2013-04-15T19:59:59.999000,0.5777777777777777
2013-04-15T20:59:59.999000,0.5509259259259259
2013-04-15T21:59:59.999000,0.480952380952381
2013-04-15T22:59:59.999000,0.416988416988417
2013-04-15T23:59:59.999000,0.4113924050632912
2013-04-16T00:59:59.999000,0.4607046070460705
2013-04-16T01:59:59.999000,0.5185185185185185
2013-04-16T02:59:59.999000,0.445859872611465
2013-04-16T03:59:59.999000,0.5543071161048689
2013-04-16T04:59:59.999000,0.588
2013-04-16T05:59:59.999000,0.5518672199170125
2013-04-16T06:59:59.999000,0.5921052631578947
2013-04-16T07:59:59.999000,0.5707762557077626
2013-04-16T08:59:59.999000,0.5951219512195122
2013-04-16T09:59:59.999000,0.6292682926829268
2013-04-16T10:59:59.999000,0.6231155778894473
2013-04-16T11:59:59.999000,0.6570048309178744
2013-04-16T12:59:59.999000,0.663594470046083
2013-04-16T13:59:59.999000,0.6266666666666667
2013-04-16T14:59:59.999000,0.5948275862068966
2013-04-16T15:59:59.999000,0.6083333333333333
2013-04-16T16:59:59.999000,0.5541666666666667
2013-04-16T17:59:59.999000,0.5772727272727273
2013-04-16T18:59:59.999000,0.5797872340425532
2013-04-16T19:59:59.999000,0.6310160427807486
2013-04-16T20:59:59.999000,0.5857142857142857
2013-04-16T21:59:59.999000,0.5852534562211982
2013-04-16T22:59:59.999000,0.6068376068376068
2013-04-16T23:59:59.999000,0.5595667870036101
2013-04-17T00:59:59.999000,0.4441340782122905
2013-04-17T01:59:59.999000,0.4619164619164619
2013-04-17T02:59:59.999000,0.481042654028436
2013-04-17T03:59:59.999000,0.5882352941176471
2013-04-17T04:59:59.999000,0.5914285714285714
2013-04-17T05:59:59.999000,0.5795795795795796
2013-04-17T06:59:59.999000,0.5765472312703583
2013-04-17T07:59:59.999000,0.5796610169491525
2013-04-17T08:59:59.999000,0.6296296296296297
2013-04-17T09:59:59.999000,0.6450381679389313
2013-04-17T10:59:59.999000,0.6486486486486487
2013-04-17T11:59:59.999000,0.6795366795366795
2013-04-17T12:59:59.999000,0.6730038022813688
2013-04-17T13:59:59.999000,0.6691449814126395
2013-04-17T14:59:59.999000,0.6209386281588448
2013-04-17T15:59:59.999000,0.5928571428571429
2013-04-17T16:59:59.999000,0.6015325670498084
2013-04-17T17:59:59.999000,0.5689655172413793
2013-04-17T18:59:59.999000,0.6142131979695431
2013-04-17T19:59:59.999000,0.65625
2013-04-17T20:59:59.999000,0.6084905660377359
2013-04-17T21:59:59.999000,0.6073059360730594
2013-04-17T22:59:59.999000,0.625531914893617
2013-04-17T23:59:59.999000,0.5693950177935944
2013-04-18T00:59:59.999000,0.4628099173553719
2013-04-18T01:59:59.999000,0.4738095238095238
2013-04-18T02:59:59.999000,0.4953917050691244
2013-04-18T03:59:59.999000,0.5885286783042394
2013-04-18T04:59:59.999000,0.5876010781671159
2013-04-18T05:59:59.999000,0.5714285714285714
2013-04-18T06:59:59.999000,0.573170731707317
2013-04-18T07:59:59.999000,0.5755627009646302
2013-04-18T08:59:59.999000,0.6306620209059234
2013-04-18T09:59:59.999000,0.6594202898550725
2013-04-18T10:59:59.999000,0.6678966789667896
2013-04-18T11:59:59.999000,0.7045454545454546
2013-04-18T12:59:59.999000,0.6914498141263941
2013-04-18T13:59:59.999000,0.6741573033707865
2013-04-18T14:59:59.999000,0.6304347826086957
2013-04-18T15:59:59.999000,0.6159420289855072
2013-04-18T16:59:59.999000,0.622568093385214
2013-04-18T17:59:59.999000,0.5859030837004405
2013-04-18T18:59:59.999000,0.6358974358974359
2013-04-18T19:59:59.999000,0.6264367816091954
2013-04-18T20:59:59.999000,0.5773195876288659
2013-04-18T21:59:59.999000,0.5771144278606966
2013-04-18T22:59:59.999000,0.5972222222222222
2013-04-18T23:59:59.999000,0.5384615384615384
2013-04-19T00:59:59.999000,0.4260355029585799
2013-04-19T01:59:59.999000,0.4398976982097187
2013-04-19T02:59:59.999000,0.4628712871287129
2013-04-19T03:59:59.999000,0.5603217158176944
2013-04-19T04:59:59.999000,0.5568513119533528
2013-04-19T05:59:59.999000,0.5401234567901234
2013-04-19T06:59:59.999000,0.5415282392026578
2013-04-19T07:59:59.999000,0.5435540069686411
2013-04-19T08:59:59.999000,0.6007604562737643
2013-04-19T09:59:59.999000,0.6324110671936759
2013-04-19T10:59:59.999000,0.6411290322580645
2013-04-19T11:59:59.999000,0.6791666666666667
2013-04-19T12:59:59.999000,0.6666666666666666
2013-04-19T13:59:59.999000,0.6475409836065574
2013-04-19T14:59:59.999000,0.6023622047244095
2013-04-19T15:59:59.999000,0.5866141732283464
2013-04-19T16:59:59.999000,0.5949367088607594
2013-04-19T17:59:59.999000,0.5502392344497608
2013-04-19T18:59:59.999000,0.6067415730337079
2013-04-19T19:59:59.999000,0.5822784810126582
2013-04-19T20:59:59.999000,0.5284090909090909
2013-04-19T21:59:59.999000,0.5300546448087432
2013-04-19T22:59:59.999000,0.5532994923857868
2013-04-19T23:59:59.999000,0.4937238493723849
2013-04-20T00:59:59.999000,0.375
2013-04-20T01:59:59.999000,0.3878116343490305
2013-04-20T02:59:59.999000,0.4128686327077748
2013-04-20T03:59:59.999000,0.5161290322580645
2013-04-20T04:59:59.999000,0.5127388535031847
2013-04-20T05:59:59.999000,0.4932432432432433
2013-04-20T06:59:59.999000,0.4945848375451263
2013-04-20T07:59:59.999000,0.4961832061068702
2013-04-20T08:59:59.999000,0.5583333333333333
2013-04-20T09:59:59.999000,0.591304347826087
2013-04-20T10:59:59.999000,0.5982142857142857
2013-04-20T11:59:59.999000,0.6388888888888888
2013-04-20T12:59:59.999000,0.6261261261261262
2013-04-20T13:59:59.999000,0.6063348416289592
2013-04-20T14:59:59.999000,0.5584415584415584
2013-04-20T15:59:59.999000,0.5431034482758621
2013-04-20T16:59:59.999000,0.5509259259259259
2013-04-20T17:59:59.999000,0.5078534031413613
2013-04-20T18:59:59.999000,0.5617283950617284
2013-04-20T19:59:59.999000,0.5294117647058824
2013-04-20T20:59:59.999000,0.5029940119760479
2013-04-20T21:59:59.999000,0.5058139534883721
2013-04-20T22:59:59.999000,0.5303867403314917
2013-04-20T23:59:59.999000,0.4883720930232558
2013-04-21T00:59:59.999000,0.3626760563380282
2013-04-21T01:59:59.999000,0.4094955489614243
2013-04-21T02:59:59.999000,0.4083333333333333
2013-04-21T03:59:59.999000,0.4984984984984985
2013-04-21T04:59:59.999000,0.4934640522875817
2013-04-21T05:59:59.999000,0.4929577464788732
2013-04-21T06:59:59.999000,0.4962121212121212
2013-04-21T07:59:59.999000,0.4940239043824701
2013-04-21T08:59:59.999000,0.5324675324675324
2013-04-21T09:59:59.999000,0.5898617511520737
2013-04-21T10:59:59.999000,0.5943396226415094
2013-04-21T11:59:59.999000,0.6386138613861386
2013-04-21T12:59:59.999000,0.6018957345971564
2013-04-21T13:59:59.999000,0.5813953488372093
2013-04-21T14:59:59.999000,0.5175438596491229
2013-04-21T15:59:59.999000,0.5132743362831859
2013-04-21T16:59:59.999000,0.5116279069767442
2013-04-21T17:59:59.999000,0.4946236559139785
2013-04-21T18:59:59.999000,0.5512820512820513
2013-04-21T19:59:59.999000,0.4634146341463415
2013-04-21T20:59:59.999000,0.4666666666666667
2013-04-21T21:59:59.999000,0.5592105263157895
2013-04-21T22:59:59.999000,0.5254237288135594
2013-04-21T23:59:59.999000,0.5047619047619047
2013-04-22T00:59:59.999000,0.5
2013-04-22T01:59:59.999000,0.4179566563467492
2013-04-22T02:59:59.999000,0.4077380952380952
2013-04-22T03:59:59.999000,0.5016722408026756
2013-04-22T04:59:59.999000,0.5239852398523985
2013-04-22T05:59:59.999000,0.4481481481481481
2013-04-22T06:59:59.999000,0.5404255319148936
2013-04-22T07:59:59.999000,0.5288888888888889
2013-04-22T08:59:59.999000,0.5473684210526316
2013-04-22T09:59:59.999000,0.4218009478672986
2013-04-22T10:59:59.999000,0.4634146341463415
2013-04-22T11:59:59.999000,0.5226130653266332
2013-04-22T12:59:59.999000,0.6084656084656085
2013-04-22T13:59:59.999000,0.5979899497487438
2013-04-22T14:59:59.999000,0.5714285714285714
2013-04-22T15:59:59.999000,0.583756345177665
2013-04-22T16:59:59.999000,0.5376884422110553
2013-04-22T17:59:59.999000,0.5414364640883977
2013-04-22T18:59:59.999000,0.5878378378378378
2013-04-22T19:59:59.999000,0.5555555555555556
2013-04-22T20:59:59.999000,0.529126213592233
2013-04-22T21:59:59.999000,0.4577114427860697
2013-04-22T22:59:59.999000,0.393574297188755
2013-04-22T23:59:59.999000,0.3881578947368421
2013-04-23T00:59:59.999000,0.4378531073446328
2013-04-23T01:59:59.999000,0.4946996466431096
2013-04-23T02:59:59.999000,0.423841059602649
2013-04-23T03:59:59.999000,0.531496062992126
2013-04-23T04:59:59.999000,0.5672268907563025
2013-04-23T05:59:59.999000,0.5304347826086957
2013-04-23T06:59:59.999000,0.5694444444444444
2013-04-23T07:59:59.999000,0.5502392344497608
2013-04-23T08:59:59.999000,0.5721649484536082
2013-04-23T09:59:59.999000,0.6082474226804123
2013-04-23T10:59:59.999000,0.601063829787234
2013-04-23T11:59:59.999000,0.6377551020408163
2013-04-23T12:59:59.999000,0.6439024390243903
2013-04-23T13:59:59.999000,0.6056338028169014
2013-04-23T14:59:59.999000,0.5727272727272728
2013-04-23T15:59:59.999000,0.5859030837004405
2013-04-23T16:59:59.999000,0.5307017543859649
2013-04-23T17:59:59.999000,0.5550239234449761
2013-04-23T18:59:59.999000,0.5586592178770949
2013-04-23T19:59:59.999000,0.5740740740740741
2013-04-23T20:59:59.999000,0.5245901639344263
2013-04-23T21:59:59.999000,0.5263157894736842
2013-04-23T22:59:59.999000,0.5490196078431373
2013-04-23T23:59:59.999000,0.5
2013-04-24T00:59:59.999000,0.3761755485893417
2013-04-24T01:59:59.999000,0.3933518005540166
2013-04-24T02:59:59.999000,0.416
2013-04-24T03:59:59.999000,0.5304878048780488
2013-04-24T04:59:59.999000,0.5326797385620915
2013-04-24T05:59:59.999000,0.5189003436426117
2013-04-24T06:59:59.999000,0.5131086142322098
2013-04-24T07:59:59.999000,0.5193798449612403
2013-04-24T08:59:59.999000,0.5726495726495726
2013-04-24T09:59:59.999000,0.588495575221239
2013-04-24T10:59:59.999000,0.5919282511210763
2013-04-24T11:59:59.999000,0.6278026905829597
2013-04-24T12:59:59.999000,0.6194690265486725
2013-04-24T13:59:59.999000,0.6163793103448276
2013-04-24T14:59:59.999000,0.5643153526970954
2013-04-24T15:59:59.999000,0.5346938775510204
2013-04-24T16:59:59.999000,0.543859649122807
2013-04-24T17:59:59.999000,0.5073891625615764
2013-04-24T18:59:59.999000,0.5555555555555556
2013-04-24T19:59:59.999000,0.5796178343949044
2013-04-24T20:59:59.999000,0.5257142857142857
2013-04-24T21:59:59.999000,0.5274725274725275
2013-04-24T22:59:59.999000,0.5487179487179488
2013-04-24T23:59:59.999000,0.489451476793249
2013-04-25T00:59:59.999000,0.3729903536977492
2013-04-25T01:59:59.999000,0.3878116343490305
2013-04-25T02:59:59.999000,0.4112903225806452
2013-04-25T03:59:59.999000,0.5132743362831859
2013-04-25T04:59:59.999000,0.5096153846153846
2013-04-25T05:59:59.999000,0.4897959183673469
2013-04-25T06:59:59.999000,0.4909090909090909
2013-04-25T07:59:59.999000,0.4923076923076923
2013-04-25T08:59:59.999000,0.5527426160337553
2013-04-25T09:59:59.999000,0.5859030837004405
2013-04-25T10:59:59.999000,0.5927601809954751
2013-04-25T11:59:59.999000,0.6338028169014085
2013-04-25T12:59:59.999000,0.6210045662100456
2013-04-25T13:59:59.999000,0.6009174311926605
2013-04-25T14:59:59.999000,0.5545851528384279
2013-04-25T15:59:59.999000,0.5391304347826087
2013-04-25T16:59:59.999000,0.5467289719626168
2013-04-25T17:59:59.999000,0.5026455026455027
2013-04-25T18:59:59.999000,0.55625
2013-04-25T19:59:59.999000,0.5357142857142857
2013-04-25T20:59:59.999000,0.4810126582278481
2013-04-25T21:59:59.999000,0.4817073170731707
2013-04-25T22:59:59.999000,0.5056818181818182
2013-04-25T23:59:59.999000,0.4444444444444444
2013-04-26T00:59:59.999000,0.3240418118466899
2013-04-26T01:59:59.999000,0.3423423423423423
2013-04-26T02:59:59.999000,0.3673469387755102
2013-04-26T03:59:59.999000,0.4675324675324675
2013-04-26T04:59:59.999000,0.4628975265017668
2013-04-26T05:59:59.999000,0.4419475655430712
2013-04-26T06:59:59.999000,0.4435483870967742
2013-04-26T07:59:59.999000,0.4449152542372881
2013-04-26T08:59:59.999000,0.5070422535211268
2013-04-26T09:59:59.999000,0.5396039603960396
2013-04-26T10:59:59.999000,0.5482233502538071
2013-04-26T11:59:59.999000,0.5925925925925926
2013-04-26T12:59:59.999000,0.5773195876288659
2013-04-26T13:59:59.999000,0.5567010309278351
2013-04-26T14:59:59.999000,0.5097087378640777
2013-04-26T15:59:59.999000,0.4927536231884058
2013-04-26T16:59:59.999000,0.5051546391752577
2013-04-26T17:59:59.999000,0.4566473988439306
2013-04-26T18:59:59.999000,0.5138888888888888
2013-04-26T19:59:59.999000,0.4310344827586207
2013-04-26T20:59:59.999000,0.3759398496240601
2013-04-26T21:59:59.999000,0.3857142857142857
2013-04-26T22:59:59.999000,0.4093959731543624
2013-04-26T23:59:59.999000,0.3563829787234042
2013-04-27T00:59:59.999000,0.2471042471042471
2013-04-27T01:59:59.999000,0.2824675324675325
2013-04-27T02:59:59.999000,0.3003194888178914
2013-04-27T03:59:59.999000,0.3820224719101123
2013-04-27T04:59:59.999000,0.3805668016194332
2013-04-27T05:59:59.999000,0.3506493506493507
2013-04-27T06:59:59.999000,0.3457943925233645
2013-04-27T07:59:59.999000,0.3366834170854272
2013-04-27T08:59:59.999000,0.4011299435028249
2013-04-27T09:59:59.999000,0.4233128834355828
2013-04-27T10:59:59.999000,0.4339622641509434
2013-04-27T11:59:59.999000,0.4765100671140939
2013-04-27T12:59:59.999000,0.457516339869281
2013-04-27T13:59:59.999000,0.4423076923076923
2013-04-27T14:59:59.999000,0.4069767441860465
2013-04-27T15:59:59.999000,0.3908045977011494
2013-04-27T16:59:59.999000,0.4156626506024096
2013-04-27T17:59:59.999000,0.3733333333333334
2013-04-27T18:59:59.999000,0.3983050847457627
2013-04-27T19:59:59.999000,0.2871287128712871
2013-04-27T20:59:59.999000,0.2782608695652174
2013-04-27T21:59:59.999000,0.2735042735042735
2013-04-27T22:59:59.999000,0.3032786885245902
2013-04-27T23:59:59.999000,0.2666666666666667
2013-04-28T00:59:59.999000,0.1502347417840376
2013-04-28T01:59:59.999000,0.2165354330708661
2013-04-28T02:59:59.999000,0.2148148148148148
2013-04-28T03:59:59.999000,0.2801724137931034
2013-04-28T04:59:59.999000,0.2757009345794392
2013-04-28T05:59:59.999000,0.2653061224489796
2013-04-28T06:59:59.999000,0.2569832402234637
2013-04-28T07:59:59.999000,0.2616279069767442
2013-04-28T08:59:59.999000,0.2894736842105263
2013-04-28T09:59:59.999000,0.3358208955223881
2013-04-28T10:59:59.999000,0.3384615384615385
2013-04-28T11:59:59.999000,0.3916666666666667
2013-04-28T12:59:59.999000,0.34375
2013-04-28T13:59:59.999000,0.3283582089552239
2013-04-28T14:59:59.999000,0.2810457516339869
2013-04-28T15:59:59.999000,0.271523178807947
2013-04-28T16:59:59.999000,0.2905405405405405
2013-04-28T17:59:59.999000,0.2769230769230769
2013-04-28T18:59:59.999000,0.3
2013-04-28T19:59:59.999000,0.08333333333333333
2013-04-28T20:59:59.999000,0.08421052631578947
2013-04-28T21:59:59.999000,0.1829268292682927
2013-04-28T22:59:59.999000,0.1354166666666667
2013-04-28T23:59:59.999000,0.134453781512605
2013-04-29T00:59:59.999000,0.1205673758865248
2013-04-29T01:59:59.999000,0.07
2013-04-29T02:59:59.999000,0.07476635514018691
2013-04-29T03:59:59.999000,0.1542857142857143
2013-04-29T04:59:59.999000,0.1688311688311688
2013-04-29T05:59:59.999000,0.0975609756097561
2013-04-29T06:59:59.999000,0.1692307692307692
2013-04-29T07:59:59.999000,0.1587301587301587
2013-04-29T08:59:59.999000,0.1904761904761905
2013-04-29T09:59:59.999000,0.06923076923076923
2013-04-29T10:59:59.999000,0.08403361344537816
2013-04-29T11:59:59.999000,0.1214953271028037
2013-04-29T12:59:59.999000,0.2127659574468085
2013-04-29T13:59:59.999000,0.1919191919191919
2013-04-29T14:59:59.999000,0.1923076923076923
2013-04-29T15:59:59.999000,0.1881188118811881
2013-04-29T16:59:59.999000,0.1636363636363636
2013-04-29T17:59:59.999000,0.1616161616161616
2013-04-29T18:59:59.999000,0.2077922077922078
2013-04-29T19:59:59.999000,0.1071428571428571
2013-04-29T20:59:59.999000,0.07692307692307693
2013-04-29T21:59:59.999000,0.07692307692307693
2013-04-29T22:59:59.999000,0.03846153846153846
2013-04-29T23:59:59.999000,0.05154639175257732
2013-04-30T00:59:59.999000,0.08796296296296297
2013-04-30T01:59:59.999000,0.1125
2013-04-30T02:59:59.999000,0.08021390374331551
2013-04-30T03:59:59.999000,0.1333333333333333
2013-04-30T04:59:59.999000,0.1570247933884298
2013-04-30T05:59:59.999000,0.1229508196721311
2013-04-30T06:59:59.999000,0.1481481481481481
2013-04-30T07:59:59.999000,0.1308411214953271
2013-04-30T08:59:59.999000,0.154639175257732
2013-04-30T09:59:59.999000,0.1827956989247312
2013-04-30T10:59:59.999000,0.1666666666666667
2013-04-30T11:59:59.999000,0.1954022988505747
2013-04-30T12:59:59.999000,0.2087912087912088
2013-04-30T13:59:59.999000,0.1616161616161616
2013-04-30T14:59:59.999000,0.1296296296296296
2013-04-30T15:59:59.999000,0.1621621621621622
2013-04-30T16:59:59.999000,0.1382113821138211
2013-04-30T17:59:59.999000,0.1320754716981132
2013-04-30T18:59:59.999000,0.1333333333333333
2013-04-30T19:59:59.999000,0.1375
2013-04-30T20:59:59.999000,0.1041666666666667
2013-04-30T21:59:59.999000,0.09183673469387756
2013-04-30T22:59:59.999000,0.125
2013-04-30T23:59:59.999000,0.09701492537313433
2013-05-01T00:59:59.999000,0.01990049751243781
2013-05-01T01:59:59.999000,0.05652173913043478
2013-05-01T02:59:59.999000,0.07264957264957266
2013-05-01T03:59:59.999000,0.1257142857142857
2013-05-01T04:59:59.999000,0.124223602484472
2013-05-01T05:59:59.999000,0.1038961038961039
2013-05-01T06:59:59.999000,0.09154929577464789
2013-05-01T07:59:59.999000,0.1021897810218978
2013-05-01T08:59:59.999000,0.1391304347826087
2013-05-01T09:59:59.999000,0.1559633027522936
2013-05-01T10:59:59.999000,0.1333333333333333
2013-05-01T11:59:59.999000,0.154639175257732
2013-05-01T12:59:59.999000,0.1584158415841584
2013-05-01T13:59:59.999000,0.1619047619047619
2013-05-01T14:59:59.999000,0.1260504201680672
2013-05-01T15:59:59.999000,0.1171875
2013-05-01T16:59:59.999000,0.134453781512605
2013-05-01T17:59:59.999000,0.1071428571428571
2013-05-01T18:59:59.999000,0.1279069767441861
2013-05-01T19:59:59.999000,0.1447368421052632
2013-05-01T20:59:59.999000,0.1182795698924731
2013-05-01T21:59:59.999000,0.1134020618556701
2013-05-01T22:59:59.999000,0.1470588235294118
2013-05-01T23:59:59.999000,0.1044776119402985
2013-05-02T00:59:59.999000,0.02512562814070352
2013-05-02T01:59:59.999000,0.0641025641025641
2013-05-02T02:59:59.999000,0.08016877637130802
2013-05-02T03:59:59.999000,0.1276595744680851
2013-05-02T04:59:59.999000,0.1213872832369942
2013-05-02T05:59:59.999000,0.1024096385542169
2013-05-02T06:59:59.999000,0.0915032679738562
2013-05-02T07:59:59.999000,0.1027397260273973
2013-05-02T08:59:59.999000,0.139344262295082
2013-05-02T09:59:59.999000,0.1621621621621622
2013-05-02T10:59:59.999000,0.1523809523809524
2013-05-02T11:59:59.999000,0.1894736842105263
2013-05-02T12:59:59.999000,0.1717171717171717
2013-05-02T13:59:59.999000,0.1634615384615385
2013-05-02T14:59:59.999000,0.1367521367521368
2013-05-02T15:59:59.999000,0.139344262295082
2013-05-02T16:59:59.999000,0.1578947368421053
2013-05-02T17:59:59.999000,0.1214953271028037
2013-05-02T18:59:59.999000,0.1463414634146341
2013-05-02T19:59:59.999000,0.1558441558441558
2013-05-02T20:59:59.999000,0.1276595744680851
2013-05-02T21:59:59.999000,0.1237113402061856
2013-05-02T22:59:59.999000,0.1553398058252427
2013-05-02T23:59:59.999000,0.1185185185185185
2013-05-03T00:59:59.999000,0.0303030303030303
2013-05-03T01:59:59.999000,0.07264957264957266
2013-05-03T02:59:59.999000,0.08860759493670886
2013-05-03T03:59:59.999000,0.1375661375661376
2013-05-03T04:59:59.999000,0.132183908045977
2013-05-03T05:59:59.999000,0.1137724550898204
2013-05-03T06:59:59.999000,0.1038961038961039
2013-05-03T07:59:59.999000,0.1156462585034014
2013-05-03T08:59:59.999000,0.1544715447154472
2013-05-03T09:59:59.999000,0.1785714285714286
2013-05-03T10:59:59.999000,0.169811320754717
2013-05-03T11:59:59.999000,0.2061855670103093
2013-05-03T12:59:59.999000,0.1881188118811881
2013-05-03T13:59:59.999000,0.1809523809523809
2013-05-03T14:59:59.999000,0.1525423728813559
2013-05-03T15:59:59.999000,0.1475409836065574
2013-05-03T16:59:59.999000,0.1652173913043478
2013-05-03T17:59:59.999000,0.1388888888888889
2013-05-03T18:59:59.999000,0.1566265060240964
2013-05-03T19:59:59.999000,0.2142857142857143
2013-05-03T20:59:59.999000,0.1782178217821782
2013-05-03T21:59:59.999000,0.1809523809523809
2013-05-03T22:59:59.999000,0.2072072072072072
2013-05-03T23:59:59.999000,0.1597222222222222
2013-05-04T00:59:59.999000,0.0625
2013-05-04T01:59:59.999000,0.1056910569105691
2013-05-04T02:59:59.999000,0.124
2013-05-04T03:59:59.999000,0.187192118226601
2013-05-04T04:59:59.999000,0.1861702127659574
2013-05-04T05:59:59.999000,0.1573033707865168
2013-05-04T06:59:59.999000,0.147239263803681
2013-05-04T07:59:59.999000,0.1483870967741935
2013-05-04T08:59:59.999000,0.2030075187969925
2013-05-04T09:59:59.999000,0.225
2013-05-04T10:59:59.999000,0.2241379310344828
2013-05-04T11:59:59.999000,0.2641509433962264
2013-05-04T12:59:59.999000,0.2454545454545455
2013-05-04T13:59:59.999000,0.2368421052631579
2013-05-04T14:59:59.999000,0.203125
2013-05-04T15:59:59.999000,0.1908396946564886
2013-05-04T16:59:59.999000,0.217741935483871
2013-05-04T17:59:59.999000,0.1826086956521739
2013-05-04T18:59:59.999000,0.2022471910112359
2013-05-04T19:59:59.999000,0.2087912087912088
2013-05-04T20:59:59.999000,0.2019230769230769
2013-05-04T21:59:59.999000,0.1904761904761905
2013-05-04T22:59:59.999000,0.2272727272727273
2013-05-04T23:59:59.999000,0.1911764705882353
2013-05-05T00:59:59.999000,0.07692307692307693
2013-05-05T01:59:59.999000,0.1422413793103448
2013-05-05T02:59:59.999000,0.1451612903225807
2013-05-05T03:59:59.999000,0.2047619047619048
2013-05-05T04:59:59.999000,0.1968911917098446
2013-05-05T05:59:59.999000,0.1864406779661017
2013-05-05T06:59:59.999000,0.1801242236024845
2013-05-05T07:59:59.999000,0.1870967741935484
2013-05-05T08:59:59.999000,0.2116788321167883
2013-05-05T09:59:59.999000,0.2583333333333334
2013-05-05T10:59:59.999000,0.2586206896551724
2013-05-05T11:59:59.999000,0.3047619047619048
2013-05-05T12:59:59.999000,0.2631578947368421
2013-05-05T13:59:59.999000,0.25
2013-05-05T14:59:59.999000,0.2028985507246377
2013-05-05T15:59:59.999000,0.1985294117647059
2013-05-05T16:59:59.999000,0.2105263157894737
2013-05-05T17:59:59.999000,0.2033898305084746
2013-05-05T18:59:59.999000,0.2222222222222222
2013-05-05T19:59:59.999000,0.3070866141732284
2013-05-05T20:59:59.999000,0.2903225806451613
2013-05-05T21:59:59.999000,0.4017857142857143
2013-05-05T22:59:59.999000,0.34375
2013-05-05T23:59:59.999000,0.3333333333333333
2013-05-06T00:59:59.999000,0.3224043715846995
2013-05-06T01:59:59.999000,0.248
2013-05-06T02:59:59.999000,0.2518796992481203
2013-05-06T03:59:59.999000,0.3436123348017621
2013-05-06T04:59:59.999000,0.3582089552238806
2013-05-06T05:59:59.999000,0.2836538461538461
2013-05-06T06:59:59.999000,0.3684210526315789
2013-05-06T07:59:59.999000,0.3575757575757576
2013-05-06T08:59:59.999000,0.3768115942028986
2013-05-06T09:59:59.999000,0.2469135802469136
2013-05-06T10:59:59.999000,0.271523178807947
2013-05-06T11:59:59.999000,0.3115942028985507
2013-05-06T12:59:59.999000,0.408
2013-05-06T13:59:59.999000,0.4074074074074074
2013-05-06T14:59:59.999000,0.4
2013-05-06T15:59:59.999000,0.3970588235294117
2013-05-06T16:59:59.999000,0.3698630136986301
2013-05-06T17:59:59.999000,0.366412213740458
2013-05-06T18:59:59.999000,0.4190476190476191
2013-05-06T19:59:59.999000,0.4571428571428571
2013-05-06T20:59:59.999000,0.4226190476190476
2013-05-06T21:59:59.999000,0.3662790697674418
2013-05-06T22:59:59.999000,0.3073394495412844
2013-05-06T23:59:59.999000,0.3161764705882353
2013-05-07T00:59:59.999000,0.3621794871794872
2013-05-07T01:59:59.999000,0.4066390041493776
2013-05-07T02:59:59.999000,0.3483146067415731
2013-05-07T03:59:59.999000,0.4541284403669725
2013-05-07T04:59:59.999000,0.4797979797979798
2013-05-07T05:59:59.999000,0.4432989690721649
2013-05-07T06:59:59.999000,0.4833333333333333
2013-05-07T07:59:59.999000,0.4628571428571429
2013-05-07T08:59:59.999000,0.484472049689441
2013-05-07T09:59:59.999000,0.5220125786163522
2013-05-07T10:59:59.999000,0.5161290322580645
2013-05-07T11:59:59.999000,0.5506329113924051
2013-05-07T12:59:59.999000,0.5521472392638037
2013-05-07T13:59:59.999000,0.5144508670520231
2013-05-07T14:59:59.999000,0.4835164835164835
2013-05-07T15:59:59.999000,0.4946236559139785
2013-05-07T16:59:59.999000,0.4397905759162304
2013-05-07T17:59:59.999000,0.4624277456647399
2013-05-07T18:59:59.999000,0.4625850340136055
2013-05-07T19:59:59.999000,0.5035971223021583
2013-05-07T20:59:59.999000,0.45625
2013-05-07T21:59:59.999000,0.4610778443113773
2013-05-07T22:59:59.999000,0.4860335195530726
2013-05-07T23:59:59.999000,0.4351851851851852
2013-05-08T00:59:59.999000,0.3137931034482759
2013-05-08T01:59:59.999000,0.338368580060423
2013-05-08T02:59:59.999000,0.3577712609970675
2013-05-08T03:59:59.999000,0.4671280276816609
2013-05-08T04:59:59.999000,0.4703703703703704
2013-05-08T05:59:59.999000,0.4509803921568628
2013-05-08T06:59:59.999000,0.4468085106382979
2013-05-08T07:59:59.999000,0.4488888888888889
2013-05-08T08:59:59.999000,0.504950495049505
2013-05-08T09:59:59.999000,0.5181347150259067
2013-05-08T10:59:59.999000,0.5235602094240838
2013-05-08T11:59:59.999000,0.5585106382978723
2013-05-08T12:59:59.999000,0.5497382198952879
2013-05-08T13:59:59.999000,0.5459183673469388
2013-05-08T14:59:59.999000,0.4976076555023923
2013-05-08T15:59:59.999000,0.4672897196261682
2013-05-08T16:59:59.999000,0.48
2013-05-08T17:59:59.999000,0.4444444444444444
2013-05-08T18:59:59.999000,0.4864864864864865
2013-05-08T19:59:59.999000,0.4107142857142857
2013-05-08T20:59:59.999000,0.3565891472868217
2013-05-08T21:59:59.999000,0.3676470588235294
2013-05-08T22:59:59.999000,0.3888888888888889
2013-05-08T23:59:59.999000,0.3351648351648351
2013-05-09T00:59:59.999000,0.2292490118577075
2013-05-09T01:59:59.999000,0.26578073089701
2013-05-09T02:59:59.999000,0.2819672131147541
2013-05-09T03:59:59.999000,0.3629343629343629
2013-05-09T04:59:59.999000,0.3598326359832636
2013-05-09T05:59:59.999000,0.3303571428571428
2013-05-09T06:59:59.999000,0.3269230769230769
2013-05-09T07:59:59.999000,0.3160621761658031
2013-05-09T08:59:59.999000,0.3801169590643275
2013-05-09T09:59:59.999000,0.4050632911392405
2013-05-09T10:59:59.999000,0.4117647058823529
2013-05-09T11:59:59.999000,0.4545454545454545
2013-05-09T12:59:59.999000,0.4353741496598639
2013-05-09T13:59:59.999000,0.423841059602649
2013-05-09T14:59:59.999000,0.3892215568862276
2013-05-09T15:59:59.999000,0.3690476190476191
2013-05-09T16:59:59.999000,0.39375
2013-05-09T17:59:59.999000,0.3561643835616438
2013-05-09T18:59:59.999000,0.3771929824561404
2013-05-09T19:59:59.999000,0.2613636363636364
2013-05-09T20:59:59.999000,0.2115384615384615
2013-05-09T21:59:59.999000,0.2201834862385321
2013-05-09T22:59:59.999000,0.2434782608695652
2013-05-09T23:59:59.999000,0.1891891891891892
2013-05-10T00:59:59.999000,0.0892018779342723
2013-05-10T01:59:59.999000,0.1274900398406374
2013-05-10T02:59:59.999000,0.1422924901185771
2013-05-10T03:59:59.999000,0.219047619047619
2013-05-10T04:59:59.999000,0.2164948453608248
2013-05-10T05:59:59.999000,0.185792349726776
2013-05-10T06:59:59.999000,0.1785714285714286
2013-05-10T07:59:59.999000,0.1708860759493671
2013-05-10T08:59:59.999000,0.2335766423357664
2013-05-10T09:59:59.999000,0.256
2013-05-10T10:59:59.999000,0.2644628099173554
2013-05-10T11:59:59.999000,0.3063063063063063
2013-05-10T12:59:59.999000,0.2869565217391304
2013-05-10T13:59:59.999000,0.2773109243697479
2013-05-10T14:59:59.999000,0.2406015037593985
2013-05-10T15:59:59.999000,0.2222222222222222
2013-05-10T16:59:59.999000,0.25
2013-05-10T17:59:59.999000,0.2100840336134454
2013-05-10T18:59:59.999000,0.2307692307692308
2013-05-10T19:59:59.999000,0.1095890410958904
2013-05-10T20:59:59.999000,0.08888888888888889
2013-05-10T21:59:59.999000,0.0851063829787234
2013-05-10T22:59:59.999000,0.1212121212121212
2013-05-10T23:59:59.999000,0.07692307692307693
2013-05-11T00:59:59.999000,0.005128205128205128
2013-05-11T01:59:59.999000,0.04366812227074236
2013-05-11T02:59:59.999000,0.0603448275862069
2013-05-11T03:59:59.999000,0.1038251366120219
2013-05-11T04:59:59.999000,0.09523809523809523
2013-05-11T05:59:59.999000,0.08024691358024691
2013-05-11T06:59:59.999000,0.06711409395973154
2013-05-11T07:59:59.999000,0.08391608391608392
2013-05-11T08:59:59.999000,0.1176470588235294
2013-05-11T09:59:59.999000,0.1388888888888889
2013-05-11T10:59:59.999000,0.1188118811881188
2013-05-11T11:59:59.999000,0.1538461538461539
2013-05-11T12:59:59.999000,0.1458333333333333
2013-05-11T13:59:59.999000,0.1386138613861386
2013-05-11T14:59:59.999000,0.1140350877192982
2013-05-11T15:59:59.999000,0.1101694915254237
2013-05-11T16:59:59.999000,0.1272727272727273
2013-05-11T17:59:59.999000,0.1047619047619048
2013-05-11T18:59:59.999000,0.125
2013-05-11T19:59:59.999000,0.05333333333333334
2013-05-11T20:59:59.999000,0.05747126436781609
2013-05-11T21:59:59.999000,0.04545454545454546
2013-05-11T22:59:59.999000,0.07692307692307693
2013-05-11T23:59:59.999000,0.06837606837606838
2013-05-12T00:59:59.999000,0.00558659217877095
2013-05-12T01:59:59.999000,0.0297029702970297
2013-05-12T02:59:59.999000,0.045662100456621
2013-05-12T03:59:59.999000,0.07303370786516854
2013-05-12T04:59:59.999000,0.06707317073170732
2013-05-12T05:59:59.999000,0.06578947368421052
2013-05-12T06:59:59.999000,0.05072463768115942
2013-05-12T07:59:59.999000,0.06015037593984962
2013-05-12T08:59:59.999000,0.07758620689655173
2013-05-12T09:59:59.999000,0.1020408163265306
2013-05-12T10:59:59.999000,0.1052631578947368
2013-05-12T11:59:59.999000,0.1325301204819277
2013-05-12T12:59:59.999000,0.09782608695652174
2013-05-12T13:59:59.999000,0.101010101010101
2013-05-12T14:59:59.999000,0.06837606837606838
2013-05-12T15:59:59.999000,0.06896551724137931
2013-05-12T16:59:59.999000,0.08035714285714286
2013-05-12T17:59:59.999000,0.07
2013-05-12T18:59:59.999000,0.09210526315789473
2013-05-12T19:59:59.999000,0.1851851851851852
2013-05-12T20:59:59.999000,0.169811320754717
2013-05-12T21:59:59.999000,0.2795698924731183
2013-05-12T22:59:59.999000,0.2222222222222222
2013-05-12T23:59:59.999000,0.2196969696969697
2013-05-13T00:59:59.999000,0.2051282051282051
2013-05-13T01:59:59.999000,0.1422018348623853
2013-05-13T02:59:59.999000,0.1459227467811159
2013-05-13T03:59:59.999000,0.2319587628865979
2013-05-13T04:59:59.999000,0.2456140350877193
2013-05-13T05:59:59.999000,0.1722222222222222
2013-05-13T06:59:59.999000,0.2551724137931035
2013-05-13T07:59:59.999000,0.2428571428571429
2013-05-13T08:59:59.999000,0.264957264957265
2013-05-13T09:59:59.999000,0.1347517730496454
2013-05-13T10:59:59.999000,0.1603053435114504
2013-05-13T11:59:59.999000,0.1949152542372881
2013-05-13T12:59:59.999000,0.2884615384615384
2013-05-13T13:59:59.999000,0.2857142857142857
2013-05-13T14:59:59.999000,0.282051282051282
2013-05-13T15:59:59.999000,0.2743362831858407
2013-05-13T16:59:59.999000,0.2520325203252032
2013-05-13T17:59:59.999000,0.2454545454545455
2013-05-13T18:59:59.999000,0.2988505747126437
2013-05-13T19:59:59.999000,0.4108527131782946
2013-05-13T20:59:59.999000,0.3741935483870968
2013-05-13T21:59:59.999000,0.3312883435582822
2013-05-13T22:59:59.999000,0.280952380952381
2013-05-13T23:59:59.999000,0.3007518796992481
2013-05-14T00:59:59.999000,0.3410596026490066
2013-05-14T01:59:59.999000,0.3728070175438596
2013-05-14T02:59:59.999000,0.3281853281853282
2013-05-14T03:59:59.999000,0.4278846153846154
2013-05-14T04:59:59.999000,0.4432432432432433
2013-05-14T05:59:59.999000,0.4098360655737705
2013-05-14T06:59:59.999000,0.4497041420118343
2013-05-14T07:59:59.999000,0.4268292682926829
2013-05-14T08:59:59.999000,0.4466666666666667
2013-05-14T09:59:59.999000,0.4829931972789115
2013-05-14T10:59:59.999000,0.4791666666666667
2013-05-14T11:59:59.999000,0.5103448275862069
2013-05-14T12:59:59.999000,0.5067567567567568
2013-05-14T13:59:59.999000,0.4716981132075472
2013-05-14T14:59:59.999000,0.4470588235294118
2013-05-14T15:59:59.999000,0.4534883720930232
2013-05-14T16:59:59.999000,0.4022346368715084
2013-05-14T17:59:59.999000,0.422360248447205
2013-05-14T18:59:59.999000,0.4191176470588235
2013-05-14T19:59:59.999000,0.4732824427480916
2013-05-14T20:59:59.999000,0.4276315789473684
2013-05-14T21:59:59.999000,0.4339622641509434
2013-05-14T22:59:59.999000,0.4619883040935672
2013-05-14T23:59:59.999000,0.4134615384615384
2013-05-15T00:59:59.999000,0.2968197879858657
2013-05-15T01:59:59.999000,0.3302752293577982
2013-05-15T02:59:59.999000,0.344311377245509
2013-05-15T03:59:59.999000,0.4460431654676259
2013-05-15T04:59:59.999000,0.4478764478764479
2013-05-15T05:59:59.999000,0.4262295081967213
2013-05-15T06:59:59.999000,0.4196428571428572
2013-05-15T07:59:59.999000,0.4150943396226415
2013-05-15T08:59:59.999000,0.4736842105263158
2013-05-15T09:59:59.999000,0.4861878453038674
2013-05-15T10:59:59.999000,0.4916201117318436
2013-05-15T11:59:59.999000,0.5202312138728323
2013-05-15T12:59:59.999000,0.5141242937853108
2013-05-15T13:59:59.999000,0.510989010989011
2013-05-15T14:59:59.999000,0.467005076142132
2013-05-15T15:59:59.999000,0.4384236453201971
2013-05-15T16:59:59.999000,0.4583333333333333
2013-05-15T17:59:59.999000,0.4219653179190752
2013-05-15T18:59:59.999000,0.4532374100719425
2013-05-15T19:59:59.999000,0.5352112676056338
2013-05-15T20:59:59.999000,0.48125
2013-05-15T21:59:59.999000,0.4850299401197605
2013-05-15T22:59:59.999000,0.5056179775280899
2013-05-15T23:59:59.999000,0.4474885844748858
2013-05-16T00:59:59.999000,0.3275862068965517
2013-05-16T01:59:59.999000,0.3461538461538461
2013-05-16T02:59:59.999000,0.3688760806916426
2013-05-16T03:59:59.999000,0.4711538461538461
2013-05-16T04:59:59.999000,0.4668989547038327
2013-05-16T05:59:59.999000,0.4464944649446494
2013-05-16T06:59:59.999000,0.4466403162055336
2013-05-16T07:59:59.999000,0.4476987447698745
2013-05-16T08:59:59.999000,0.511520737327189
2013-05-16T09:59:59.999000,0.5436893203883495
2013-05-16T10:59:59.999000,0.55
2013-05-16T11:59:59.999000,0.59375
2013-05-16T12:59:59.999000,0.5786802030456852
2013-05-16T13:59:59.999000,0.5606060606060606
2013-05-16T14:59:59.999000,0.5119617224880383
2013-05-16T15:59:59.999000,0.4952380952380953
2013-05-16T16:59:59.999000,0.5076142131979695
2013-05-16T17:59:59.999000,0.4628571428571429
2013-05-16T18:59:59.999000,0.5136986301369864
2013-05-16T19:59:59.999000,0.5806451612903226
2013-05-16T20:59:59.999000,0.5260115606936416
2013-05-16T21:59:59.999000,0.5277777777777778
2013-05-16T22:59:59.999000,0.5492227979274611
2013-05-16T23:59:59.999000,0.4893617021276596
2013-05-17T00:59:59.999000,0.3701298701298701
2013-05-17T01:59:59.999000,0.3865546218487395
2013-05-17T02:59:59.999000,0.4103260869565217
2013-05-17T03:59:59.999000,0.5133531157270029
2013-05-17T04:59:59.999000,0.5080906148867314
2013-05-17T05:59:59.999000,0.4897260273972603
2013-05-17T06:59:59.999000,0.4907749077490775
2013-05-17T07:59:59.999000,0.4922480620155039
2013-05-17T08:59:59.999000,0.5531914893617021
2013-05-17T09:59:59.999000,0.5866666666666667
2013-05-17T10:59:59.999000,0.5954545454545455
2013-05-17T11:59:59.999000,0.6350710900473934
2013-05-17T12:59:59.999000,0.6221198156682027
2013-05-17T13:59:59.999000,0.6018518518518519
2013-05-17T14:59:59.999000,0.5550660792951542
2013-05-17T15:59:59.999000,0.5394736842105263
2013-05-17T16:59:59.999000,0.5492957746478874
2013-05-17T17:59:59.999000,0.5
2013-05-17T18:59:59.999000,0.559748427672956
2013-05-17T19:59:59.999000,0.5714285714285714
2013-05-17T20:59:59.999000,0.5174418604651163
2013-05-17T21:59:59.999000,0.5195530726256983
2013-05-17T22:59:59.999000,0.5416666666666666
2013-05-17T23:59:59.999000,0.48068669527897
2013-05-18T00:59:59.999000,0.3627450980392157
2013-05-18T01:59:59.999000,0.3757062146892655
2013-05-18T02:59:59.999000,0.4016393442622951
2013-05-18T03:59:59.999000,0.5059880239520959
2013-05-18T04:59:59.999000,0.501628664495114
2013-05-18T05:59:59.999000,0.4827586206896552
2013-05-18T06:59:59.999000,0.4833948339483395
2013-05-18T07:59:59.999000,0.484375
2013-05-18T08:59:59.999000,0.5470085470085471
2013-05-18T09:59:59.999000,0.5803571428571429
2013-05-18T10:59:59.999000,0.589041095890411
2013-05-18T11:59:59.999000,0.6303317535545023
2013-05-18T12:59:59.999000,0.6175115207373272
2013-05-18T13:59:59.999000,0.5953488372093023
2013-05-18T14:59:59.999000,0.5466666666666666
2013-05-18T15:59:59.999000,0.5330396475770925
2013-05-18T16:59:59.999000,0.5402843601895735
2013-05-18T17:59:59.999000,0.4946236559139785
2013-05-18T18:59:59.999000,0.5506329113924051
2013-05-18T19:59:59.999000,0.4375
2013-05-18T20:59:59.999000,0.4195804195804196
2013-05-18T21:59:59.999000,0.4178082191780822
2013-05-18T22:59:59.999000,0.4444444444444444
2013-05-18T23:59:59.999000,0.4054054054054054
2013-05-19T00:59:59.999000,0.2845849802371542
2013-05-19T01:59:59.999000,0.3432343234323432
2013-05-19T02:59:59.999000,0.3405572755417957
2013-05-19T03:59:59.999000,0.4160839160839161
2013-05-19T04:59:59.999000,0.4128787878787879
2013-05-19T05:59:59.999000,0.4049586776859504
2013-05-19T06:59:59.999000,0.4035874439461883
2013-05-19T07:59:59.999000,0.4065420560747663
2013-05-19T08:59:59.999000,0.4375
2013-05-19T09:59:59.999000,0.4885057471264368
2013-05-19T10:59:59.999000,0.4911242603550296
2013-05-19T11:59:59.999000,0.5408805031446541
2013-05-19T12:59:59.999000,0.4970059880239521
2013-05-19T13:59:59.999000,0.4797687861271676
2013-05-19T14:59:59.999000,0.4270833333333333
2013-05-19T15:59:59.999000,0.417989417989418
2013-05-19T16:59:59.999000,0.4262295081967213
2013-05-19T17:59:59.999000,0.4125
2013-05-19T18:59:59.999000,0.453125
2013-05-19T19:59:59.999000,0.2072072072072072
2013-05-19T20:59:59.999000,0.1851851851851852
2013-05-19T21:59:59.999000,0.3020833333333333
2013-05-19T22:59:59.999000,0.2432432432432433
2013-05-19T23:59:59.999000,0.2296296296296296
2013-05-20T00:59:59.999000,0.220125786163522
2013-05-20T01:59:59.999000,0.1454545454545454
2013-05-20T02:59:59.999000,0.1495726495726496
2013-05-20T03:59:59.999000,0.2436548223350254
2013-05-20T04:59:59.999000,0.2586206896551724
2013-05-20T05:59:59.999000,0.1813186813186813
2013-05-20T06:59:59.999000,0.2653061224489796
2013-05-20T07:59:59.999000,0.2535211267605634
2013-05-20T08:59:59.999000,0.2711864406779661
2013-05-20T09:59:59.999000,0.1408450704225352
2013-05-20T10:59:59.999000,0.1666666666666667
2013-05-20T11:59:59.999000,0.2083333333333333
2013-05-20T12:59:59.999000,0.3018867924528302
2013-05-20T13:59:59.999000,0.3043478260869565
2013-05-20T14:59:59.999000,0.2941176470588235
2013-05-20T15:59:59.999000,0.293103448275862
2013-05-20T16:59:59.999000,0.2698412698412698
2013-05-20T17:59:59.999000,0.2589285714285715
2013-05-20T18:59:59.999000,0.3146067415730337
2013-05-20T19:59:59.999000,0.0963855421686747
2013-05-20T20:59:59.999000,0.05882352941176471
2013-05-20T21:59:59.999000,0.06837606837606838
2013-05-20T22:59:59.999000,0.0131578947368421
2013-05-20T23:59:59.999000,0.03645833333333334
2013-05-21T00:59:59.999000,0.07906976744186046
2013-05-21T01:59:59.999000,0.1012658227848101
2013-05-21T02:59:59.999000,0.06989247311827956
2013-05-21T03:59:59.999000,0.112781954887218
2013-05-21T04:59:59.999000,0.1355932203389831
2013-05-21T05:59:59.999000,0.1083333333333333
2013-05-21T06:59:59.999000,0.1238095238095238
2013-05-21T07:59:59.999000,0.1142857142857143
2013-05-21T08:59:59.999000,0.1458333333333333
2013-05-21T09:59:59.999000,0.1648351648351648
2013-05-21T10:59:59.999000,0.1477272727272727
2013-05-21T11:59:59.999000,0.1666666666666667
2013-05-21T12:59:59.999000,0.1888888888888889
2013-05-21T13:59:59.999000,0.1428571428571428
2013-05-21T14:59:59.999000,0.1047619047619048
2013-05-21T15:59:59.999000,0.1454545454545454
2013-05-21T16:59:59.999000,0.1229508196721311
2013-05-21T17:59:59.999000,0.1142857142857143
2013-05-21T18:59:59.999000,0.1123595505617977
2013-05-21T19:59:59.999000,0.09333333333333334
2013-05-21T20:59:59.999000,0.06521739130434782
2013-05-21T21:59:59.999000,0.05319148936170213
2013-05-21T22:59:59.999000,0.08080808080808081
2013-05-21T23:59:59.999000,0.0546875
2013-05-22T00:59:59.999000,0.005076142131979695
2013-05-22T01:59:59.999000,0.02262443438914027
2013-05-22T02:59:59.999000,0.04
2013-05-22T03:59:59.999000,0.08433734939759036
2013-05-22T04:59:59.999000,0.08441558441558442
2013-05-22T05:59:59.999000,0.06756756756756757
2013-05-22T06:59:59.999000,0.05147058823529412
2013-05-22T07:59:59.999000,0.06870229007633588
2013-05-22T08:59:59.999000,0.1009174311926606
2013-05-22T09:59:59.999000,0.1153846153846154
2013-05-22T10:59:59.999000,0.09090909090909091
2013-05-22T11:59:59.999000,0.108695652173913
2013-05-22T12:59:59.999000,0.1145833333333333
2013-05-22T13:59:59.999000,0.1111111111111111
2013-05-22T14:59:59.999000,0.08771929824561403
2013-05-22T15:59:59.999000,0.08196721311475409
2013-05-22T16:59:59.999000,0.09734513274336283
2013-05-22T17:59:59.999000,0.0660377358490566
2013-05-22T18:59:59.999000,0.0963855421686747
2013-05-22T19:59:59.999000,0.07142857142857142
2013-05-22T20:59:59.999000,0.05813953488372093
2013-05-22T21:59:59.999000,0.0449438202247191
2013-05-22T22:59:59.999000,0.07446808510638298
2013-05-22T23:59:59.999000,0.04032258064516129
2013-05-23T00:59:59.999000,0.005181347150259068
2013-05-23T01:59:59.999000,0.01809954751131222
2013-05-23T02:59:59.999000,0.03139013452914798
2013-05-23T03:59:59.999000,0.05813953488372093
2013-05-23T04:59:59.999000,0.05625
2013-05-23T05:59:59.999000,0.04516129032258064
2013-05-23T06:59:59.999000,0.0352112676056338
2013-05-23T07:59:59.999000,0.05109489051094891
2013-05-23T08:59:59.999000,0.07142857142857142
2013-05-23T09:59:59.999000,0.0891089108910891
2013-05-23T10:59:59.999000,0.08333333333333333
2013-05-23T11:59:59.999000,0.1058823529411765
2013-05-23T12:59:59.999000,0.1
2013-05-23T13:59:59.999000,0.0851063829787234
2013-05-23T14:59:59.999000,0.07407407407407407
2013-05-23T15:59:59.999000,0.07142857142857142
2013-05-23T16:59:59.999000,0.08653846153846154
2013-05-23T17:59:59.999000,0.06060606060606061
2013-05-23T18:59:59.999000,0.07894736842105263
2013-05-23T19:59:59.999000,0.05882352941176471
2013-05-23T20:59:59.999000,0.04761904761904762
2013-05-23T21:59:59.999000,0.04545454545454546
2013-05-23T22:59:59.999000,0.06521739130434782
2013-05-23T23:59:59.999000,0.03278688524590164
2013-05-24T00:59:59.999000,0.005235602094240838
2013-05-24T01:59:59.999000,0.01376146788990826
2013-05-24T02:59:59.999000,0.0273972602739726
2013-05-24T03:59:59.999000,0.05325443786982249
2013-05-24T04:59:59.999000,0.05095541401273886
2013-05-24T05:59:59.999000,0.03947368421052631
2013-05-24T06:59:59.999000,0.03546099290780142
2013-05-24T07:59:59.999000,0.04477611940298507
2013-05-24T08:59:59.999000,0.06363636363636363
2013-05-24T09:59:59.999000,0.08080808080808081
2013-05-24T10:59:59.999000,0.07446808510638298
2013-05-24T11:59:59.999000,0.09523809523809523
2013-05-24T12:59:59.999000,0.09090909090909091
2013-05-24T13:59:59.999000,0.07608695652173914
2013-05-24T14:59:59.999000,0.0660377358490566
2013-05-24T15:59:59.999000,0.06363636363636363
2013-05-24T16:59:59.999000,0.06930693069306931
2013-05-24T17:59:59.999000,0.06122448979591837
2013-05-24T18:59:59.999000,0.06756756756756757
2013-05-24T19:59:59.999000,0.05797101449275362
2013-05-24T20:59:59.999000,0.04705882352941176
2013-05-24T21:59:59.999000,0.0449438202247191
2013-05-24T22:59:59.999000,0.05494505494505494
2013-05-24T23:59:59.999000,0.03252032520325204
2013-05-25T00:59:59.999000,0.005181347150259068
2013-05-25T01:59:59.999000,0.01809954751131222
2013-05-25T02:59:59.999000,0.02714932126696833
2013-05-25T03:59:59.999000,0.05263157894736842
2013-05-25T04:59:59.999000,0.05031446540880503
2013-05-25T05:59:59.999000,0.03896103896103896
2013-05-25T06:59:59.999000,0.0352112676056338
2013-05-25T07:59:59.999000,0.04411764705882353
2013-05-25T08:59:59.999000,0.06306306306306306
2013-05-25T09:59:59.999000,0.08
2013-05-25T10:59:59.999000,0.07368421052631578
2013-05-25T11:59:59.999000,0.09523809523809523
2013-05-25T12:59:59.999000,0.07954545454545454
2013-05-25T13:59:59.999000,0.07526881720430108
2013-05-25T14:59:59.999000,0.06542056074766354
2013-05-25T15:59:59.999000,0.06306306306306306
2013-05-25T16:59:59.999000,0.06862745098039216
2013-05-25T17:59:59.999000,0.05102040816326531
2013-05-25T18:59:59.999000,0.06756756756756757
2013-05-25T19:59:59.999000,0.05333333333333334
2013-05-25T20:59:59.999000,0.05747126436781609
2013-05-25T21:59:59.999000,0.04545454545454546
2013-05-25T22:59:59.999000,0.07692307692307693
2013-05-25T23:59:59.999000,0.06837606837606838
2013-05-26T00:59:59.999000,0.00558659217877095
2013-05-26T01:59:59.999000,0.0297029702970297
2013-05-26T02:59:59.999000,0.045662100456621
2013-05-26T03:59:59.999000,0.07303370786516854
2013-05-26T04:59:59.999000,0.06707317073170732
2013-05-26T05:59:59.999000,0.06578947368421052
2013-05-26T06:59:59.999000,0.05072463768115942
2013-05-26T07:59:59.999000,0.06015037593984962
2013-05-26T08:59:59.999000,0.07758620689655173
2013-05-26T09:59:59.999000,0.1020408163265306
2013-05-26T10:59:59.999000,0.1052631578947368
2013-05-26T11:59:59.999000,0.1325301204819277
2013-05-26T12:59:59.999000,0.09782608695652174
2013-05-26T13:59:59.999000,0.101010101010101
2013-05-26T14:59:59.999000,0.06837606837606838
2013-05-26T15:59:59.999000,0.06896551724137931
2013-05-26T16:59:59.999000,0.08035714285714286
2013-05-26T17:59:59.999000,0.07
2013-05-26T18:59:59.999000,0.09210526315789473
2013-05-26T19:59:59.999000,0.02247191011235955
2013-05-26T20:59:59.999000,0.02247191011235955
2013-05-26T21:59:59.999000,0.12
2013-05-26T22:59:59.999000,0.06741573033707865
2013-05-26T23:59:59.999000,0.07272727272727272
2013-05-27T00:59:59.999000,0.06106870229007633
2013-05-27T01:59:59.999000,0.03141361256544502
2013-05-27T02:59:59.999000,0.02955665024630542
2013-05-27T03:59:59.999000,0.09815950920245399
2013-05-27T04:59:59.999000,0.1111111111111111
2013-05-27T05:59:59.999000,0.05161290322580645
2013-05-27T06:59:59.999000,0.1083333333333333
2013-05-27T07:59:59.999000,0.1101694915254237
2013-05-27T08:59:59.999000,0.1326530612244898
2013-05-27T09:59:59.999000,0.02439024390243903
2013-05-27T10:59:59.999000,0.03539823008849557
2013-05-27T11:59:59.999000,0.06930693069306931
2013-05-27T12:59:59.999000,0.1494252873563219
2013-05-27T13:59:59.999000,0.1222222222222222
2013-05-27T14:59:59.999000,0.1263157894736842
2013-05-27T15:59:59.999000,0.1290322580645161
2013-05-27T16:59:59.999000,0.09900990099009901
2013-05-27T17:59:59.999000,0.0989010989010989
2013-05-27T18:59:59.999000,0.1408450704225352
2013-05-27T19:59:59.999000,0.07407407407407407
2013-05-27T20:59:59.999000,0.04
2013-05-27T21:59:59.999000,0.05263157894736842
2013-05-27T22:59:59.999000,0.0131578947368421
2013-05-27T23:59:59.999000,0.02645502645502645
2013-05-28T00:59:59.999000,0.06190476190476191
2013-05-28T01:59:59.999000,0.08387096774193549
2013-05-28T02:59:59.999000,0.04972375690607735
2013-05-28T03:59:59.999000,0.1
2013-05-28T04:59:59.999000,0.1206896551724138
2013-05-28T05:59:59.999000,0.09322033898305085
2013-05-28T06:59:59.999000,0.1067961165048544
2013-05-28T07:59:59.999000,0.0970873786407767
2013-05-28T08:59:59.999000,0.1276595744680851
2013-05-28T09:59:59.999000,0.1460674157303371
2013-05-28T10:59:59.999000,0.1294117647058824
2013-05-28T11:59:59.999000,0.1566265060240964
2013-05-28T12:59:59.999000,0.1724137931034483
2013-05-28T13:59:59.999000,0.1263157894736842
2013-05-28T14:59:59.999000,0.08737864077669903
2013-05-28T15:59:59.999000,0.1308411214953271
2013-05-28T16:59:59.999000,0.1092436974789916
2013-05-28T17:59:59.999000,0.09803921568627451
2013-05-28T18:59:59.999000,0.09302325581395349
2013-05-28T19:59:59.999000,0.1168831168831169
2013-05-28T20:59:59.999000,0.07526881720430108
2013-05-28T21:59:59.999000,0.06315789473684211
2013-05-28T22:59:59.999000,0.09900990099009901
2013-05-28T23:59:59.999000,0.06923076923076923
2013-05-29T00:59:59.999000,0.005076142131979695
2013-05-29T01:59:59.999000,0.03571428571428571
2013-05-29T02:59:59.999000,0.05263157894736842
2013-05-29T03:59:59.999000,0.1
2013-05-29T04:59:59.999000,0.09615384615384616
2013-05-29T05:59:59.999000,0.08
2013-05-29T06:59:59.999000,0.06521739130434782
2013-05-29T07:59:59.999000,0.07575757575757576
2013-05-29T08:59:59.999000,0.1081081081081081
2013-05-29T09:59:59.999000,0.1320754716981132
2013-05-29T10:59:59.999000,0.1
2013-05-29T11:59:59.999000,0.1276595744680851
2013-05-29T12:59:59.999000,0.1237113402061856
2013-05-29T13:59:59.999000,0.1287128712871287
2013-05-29T14:59:59.999000,0.103448275862069
2013-05-29T15:59:59.999000,0.08943089430894309
2013-05-29T16:59:59.999000,0.1043478260869565
2013-05-29T17:59:59.999000,0.08333333333333333
2013-05-29T18:59:59.999000,0.1071428571428571
2013-05-29T19:59:59.999000,0.1095890410958904
2013-05-29T20:59:59.999000,0.08888888888888889
2013-05-29T21:59:59.999000,0.08602150537634409
2013-05-29T22:59:59.999000,0.1122448979591837
2013-05-29T23:59:59.999000,0.07692307692307693
2013-05-30T00:59:59.999000,0.005128205128205128
2013-05-30T01:59:59.999000,0.03947368421052631
2013-05-30T02:59:59.999000,0.06060606060606061
2013-05-30T03:59:59.999000,0.0989010989010989
2013-05-30T04:59:59.999000,0.09523809523809523
2013-05-30T05:59:59.999000,0.08024691358024691
2013-05-30T06:59:59.999000,0.06122448979591837
2013-05-30T07:59:59.999000,0.07746478873239436
2013-05-30T08:59:59.999000,0.1101694915254237
2013-05-30T09:59:59.999000,0.1308411214953271
2013-05-30T10:59:59.999000,0.1188118811881188
2013-05-30T11:59:59.999000,0.1538461538461539
2013-05-30T12:59:59.999000,0.1458333333333333
2013-05-30T13:59:59.999000,0.1386138613861386
2013-05-30T14:59:59.999000,0.1061946902654867
2013-05-30T15:59:59.999000,0.1101694915254237
2013-05-30T16:59:59.999000,0.1272727272727273
2013-05-30T17:59:59.999000,0.09615384615384616
2013-05-30T18:59:59.999000,0.1139240506329114
2013-05-30T19:59:59.999000,0.1558441558441558
2013-05-30T20:59:59.999000,0.1276595744680851
2013-05-30T21:59:59.999000,0.1237113402061856
2013-05-30T22:59:59.999000,0.1470588235294118
2013-05-30T23:59:59.999000,0.1119402985074627
2013-05-31T00:59:59.999000,0.0303030303030303
2013-05-31T01:59:59.999000,0.06465517241379311
2013-05-31T02:59:59.999000,0.0847457627118644
2013-05-31T03:59:59.999000,0.1329787234042553
2013-05-31T04:59:59.999000,0.1271676300578035
2013-05-31T05:59:59.999000,0.108433734939759
2013-05-31T06:59:59.999000,0.09868421052631579
2013-05-31T07:59:59.999000,0.103448275862069
2013-05-31T08:59:59.999000,0.1475409836065574
2013-05-31T09:59:59.999000,0.1711711711711712
2013-05-31T10:59:59.999000,0.1619047619047619
2013-05-31T11:59:59.999000,0.1979166666666667
2013-05-31T12:59:59.999000,0.18
2013-05-31T13:59:59.999000,0.1730769230769231
2013-05-31T14:59:59.999000,0.1452991452991453
2013-05-31T15:59:59.999000,0.140495867768595
2013-05-31T16:59:59.999000,0.1578947368421053
2013-05-31T17:59:59.999000,0.1308411214953271
2013-05-31T18:59:59.999000,0.1463414634146341
2013-05-31T19:59:59.999000,0.175
2013-05-31T20:59:59.999000,0.1443298969072165
2013-05-31T21:59:59.999000,0.1485148514851485
2013-05-31T22:59:59.999000,0.1775700934579439
2013-05-31T23:59:59.999000,0.1304347826086956
2013-06-01T00:59:59.999000,0.04411764705882353
2013-06-01T01:59:59.999000,0.08333333333333333
2013-06-01T02:59:59.999000,0.09917355371900827
2013-06-01T03:59:59.999000,0.154639175257732
2013-06-01T04:59:59.999000,0.15
2013-06-01T05:59:59.999000,0.1279069767441861
2013-06-01T06:59:59.999000,0.120253164556962
2013-06-01T07:59:59.999000,0.1258278145695364
2013-06-01T08:59:59.999000,0.1666666666666667
2013-06-01T09:59:59.999000,0.191304347826087
2013-06-01T10:59:59.999000,0.1818181818181818
2013-06-01T11:59:59.999000,0.23
2013-06-01T12:59:59.999000,0.2095238095238095
2013-06-01T13:59:59.999000,0.2018348623853211
2013-06-01T14:59:59.999000,0.1721311475409836
2013-06-01T15:59:59.999000,0.16
2013-06-01T16:59:59.999000,0.1848739495798319
2013-06-01T17:59:59.999000,0.1531531531531531
2013-06-01T18:59:59.999000,0.1764705882352941
2013-06-01T19:59:59.999000,0.2258064516129032
2013-06-01T20:59:59.999000,0.2169811320754717
2013-06-01T21:59:59.999000,0.205607476635514
2013-06-01T22:59:59.999000,0.2410714285714286
2013-06-01T23:59:59.999000,0.2086330935251799
2013-06-02T00:59:59.999000,0.1
2013-06-02T01:59:59.999000,0.160337552742616
2013-06-02T02:59:59.999000,0.1620553359683795
2013-06-02T03:59:59.999000,0.2196261682242991
2013-06-02T04:59:59.999000,0.2171717171717172
2013-06-02T05:59:59.999000,0.2044198895027624
2013-06-02T06:59:59.999000,0.1951219512195122
2013-06-02T07:59:59.999000,0.2075471698113208
2013-06-02T08:59:59.999000,0.2285714285714286
2013-06-02T09:59:59.999000,0.2704918032786885
2013-06-02T10:59:59.999000,0.2711864406779661
2013-06-02T11:59:59.999000,0.3240740740740741
2013-06-02T12:59:59.999000,0.2758620689655172
2013-06-02T13:59:59.999000,0.2622950819672131
2013-06-02T14:59:59.999000,0.2198581560283688
2013-06-02T15:59:59.999000,0.2158273381294964
2013-06-02T16:59:59.999000,0.2279411764705882
2013-06-02T17:59:59.999000,0.2166666666666667
2013-06-02T18:59:59.999000,0.2391304347826087
2013-06-02T19:59:59.999000,0.2413793103448276
2013-06-02T20:59:59.999000,0.2300884955752212
2013-06-02T21:59:59.999000,0.3431372549019608
2013-06-02T22:59:59.999000,0.282051282051282
2013-06-02T23:59:59.999000,0.2746478873239437
2013-06-03T00:59:59.999000,0.2619047619047619
2013-06-03T01:59:59.999000,0.1939655172413793
2013-06-03T02:59:59.999000,0.1975806451612903
2013-06-03T03:59:59.999000,0.2870813397129187
2013-06-03T04:59:59.999000,0.3027027027027027
2013-06-03T05:59:59.999000,0.227979274611399
2013-06-03T06:59:59.999000,0.3121019108280255
2013-06-03T07:59:59.999000,0.2980132450331126
2013-06-03T08:59:59.999000,0.3174603174603174
2013-06-03T09:59:59.999000,0.1933333333333333
2013-06-03T10:59:59.999000,0.2142857142857143
2013-06-03T11:59:59.999000,0.2519685039370079
2013-06-03T12:59:59.999000,0.3508771929824561
2013-06-03T13:59:59.999000,0.3442622950819672
2013-06-03T14:59:59.999000,0.3385826771653543
2013-06-03T15:59:59.999000,0.3333333333333333
2013-06-03T16:59:59.999000,0.3082706766917293
2013-06-03T17:59:59.999000,0.3025210084033613
2013-06-03T18:59:59.999000,0.3578947368421053
2013-06-03T19:59:59.999000,0.3391304347826087
2013-06-03T20:59:59.999000,0.302158273381295
2013-06-03T21:59:59.999000,0.2635135135135135
2013-06-03T22:59:59.999000,0.2135416666666667
2013-06-03T23:59:59.999000,0.231404958677686
2013-06-04T00:59:59.999000,0.2737226277372263
2013-06-04T01:59:59.999000,0.3058252427184466
2013-06-04T02:59:59.999000,0.2595744680851064
2013-06-04T03:59:59.999000,0.3551912568306011
2013-06-04T04:59:59.999000,0.3719512195121951
2013-06-04T05:59:59.999000,0.3374233128834356
2013-06-04T06:59:59.999000,0.3783783783783784
2013-06-04T07:59:59.999000,0.3561643835616438
2013-06-04T08:59:59.999000,0.3759398496240601
2013-06-04T09:59:59.999000,0.4153846153846154
2013-06-04T10:59:59.999000,0.4094488188976378
2013-06-04T11:59:59.999000,0.4444444444444444
2013-06-04T12:59:59.999000,0.4384615384615385
2013-06-04T13:59:59.999000,0.4
2013-06-04T14:59:59.999000,0.3733333333333334
2013-06-04T15:59:59.999000,0.3856209150326798
2013-06-04T16:59:59.999000,0.3354037267080746
2013-06-04T17:59:59.999000,0.3496503496503496
2013-06-04T18:59:59.999000,0.3471074380165289
2013-06-04T19:59:59.999000,0.3947368421052632
2013-06-04T20:59:59.999000,0.3458646616541353
2013-06-04T21:59:59.999000,0.3525179856115108
2013-06-04T22:59:59.999000,0.3825503355704698
2013-06-04T23:59:59.999000,0.3333333333333333
2013-06-05T00:59:59.999000,0.2173913043478261
2013-06-05T01:59:59.999000,0.2525597269624573
2013-06-05T02:59:59.999000,0.2675585284280936
2013-06-05T03:59:59.999000,0.3662551440329218
2013-06-05T04:59:59.999000,0.3700440528634361
2013-06-05T05:59:59.999000,0.3457943925233645
2013-06-05T06:59:59.999000,0.3401015228426396
2013-06-05T07:59:59.999000,0.3333333333333333
2013-06-05T08:59:59.999000,0.3939393939393939
2013-06-05T09:59:59.999000,0.4076433121019108
2013-06-05T10:59:59.999000,0.4129032258064516
2013-06-05T11:59:59.999000,0.4391891891891892
2013-06-05T12:59:59.999000,0.4342105263157895
2013-06-05T13:59:59.999000,0.4331210191082803
2013-06-05T14:59:59.999000,0.3895348837209303
2013-06-05T15:59:59.999000,0.3595505617977528
2013-06-05T16:59:59.999000,0.3809523809523809
2013-06-05T17:59:59.999000,0.3421052631578947
2013-06-05T18:59:59.999000,0.375
2013-06-05T19:59:59.999000,0.4453781512605042
2013-06-05T20:59:59.999000,0.3941605839416059
2013-06-05T21:59:59.999000,0.4027777777777778
2013-06-05T22:59:59.999000,0.4248366013071895
2013-06-05T23:59:59.999000,0.3697916666666667
2013-06-06T00:59:59.999000,0.2613636363636364
2013-06-06T01:59:59.999000,0.2939297124600639
2013-06-06T02:59:59.999000,0.3091482649842272
2013-06-06T03:59:59.999000,0.3956043956043956
2013-06-06T04:59:59.999000,0.3928571428571428
2013-06-06T05:59:59.999000,0.3644067796610169
2013-06-06T06:59:59.999000,0.3607305936073059
2013-06-06T07:59:59.999000,0.3560975609756097
2013-06-06T08:59:59.999000,0.4207650273224044
2013-06-06T09:59:59.999000,0.4437869822485207
2013-06-06T10:59:59.999000,0.451219512195122
2013-06-06T11:59:59.999000,0.4967741935483871
2013-06-06T12:59:59.999000,0.4779874213836478
2013-06-06T13:59:59.999000,0.462962962962963
2013-06-06T14:59:59.999000,0.423728813559322
2013-06-06T15:59:59.999000,0.4078212290502793
2013-06-06T16:59:59.999000,0.4294117647058823
2013-06-06T17:59:59.999000,0.3856209150326798
2013-06-06T18:59:59.999000,0.4180327868852459
2013-06-06T19:59:59.999000,0.4144144144144144
2013-06-06T20:59:59.999000,0.3643410852713178
2013-06-06T21:59:59.999000,0.375
2013-06-06T22:59:59.999000,0.3958333333333333
2013-06-06T23:59:59.999000,0.3442622950819672
2013-06-07T00:59:59.999000,0.2362204724409449
2013-06-07T01:59:59.999000,0.2748344370860927
2013-06-07T02:59:59.999000,0.2908496732026144
2013-06-07T03:59:59.999000,0.3692307692307693
2013-06-07T04:59:59.999000,0.3666666666666666
2013-06-07T05:59:59.999000,0.3377777777777778
2013-06-07T06:59:59.999000,0.3333333333333333
2013-06-07T07:59:59.999000,0.3247422680412371
2013-06-07T08:59:59.999000,0.3859649122807017
2013-06-07T09:59:59.999000,0.4076433121019108
2013-06-07T10:59:59.999000,0.4183006535947713
2013-06-07T11:59:59.999000,0.4615384615384616
2013-06-07T12:59:59.999000,0.4383561643835616
2013-06-07T13:59:59.999000,0.4266666666666667
2013-06-07T14:59:59.999000,0.3952095808383234
2013-06-07T15:59:59.999000,0.375
2013-06-07T16:59:59.999000,0.4037267080745341
2013-06-07T17:59:59.999000,0.3605442176870748
2013-06-07T18:59:59.999000,0.3859649122807017
2013-06-07T19:59:59.999000,0.2413793103448276
2013-06-07T20:59:59.999000,0.1941747572815534
2013-06-07T21:59:59.999000,0.1962616822429906
2013-06-07T22:59:59.999000,0.2280701754385965
2013-06-07T23:59:59.999000,0.1768707482993197
2013-06-08T00:59:59.999000,0.07142857142857142
2013-06-08T01:59:59.999000,0.116
2013-06-08T02:59:59.999000,0.130952380952381
2013-06-08T03:59:59.999000,0.2028985507246377
2013-06-08T04:59:59.999000,0.1989528795811518
2013-06-08T05:59:59.999000,0.1712707182320442
2013-06-08T06:59:59.999000,0.1616766467065868
2013-06-08T07:59:59.999000,0.1592356687898089
2013-06-08T08:59:59.999000,0.2148148148148148
2013-06-08T09:59:59.999000,0.2357723577235772
2013-06-08T10:59:59.999000,0.2372881355932203
2013-06-08T11:59:59.999000,0.2844036697247707
2013-06-08T12:59:59.999000,0.2654867256637168
2013-06-08T13:59:59.999000,0.2564102564102564
2013-06-08T14:59:59.999000,0.2213740458015267
2013-06-08T15:59:59.999000,0.208955223880597
2013-06-08T16:59:59.999000,0.2301587301587301
2013-06-08T17:59:59.999000,0.1965811965811966
2013-06-08T18:59:59.999000,0.2111111111111111
2013-06-08T19:59:59.999000,0.1219512195121951
2013-06-08T20:59:59.999000,0.1170212765957447
2013-06-08T21:59:59.999000,0.1052631578947368
2013-06-08T22:59:59.999000,0.1414141414141414
2013-06-08T23:59:59.999000,0.12
2013-06-09T00:59:59.999000,0.02173913043478261
2013-06-09T01:59:59.999000,0.0787037037037037
2013-06-09T02:59:59.999000,0.09401709401709402
2013-06-09T03:59:59.999000,0.1347150259067358
2013-06-09T04:59:59.999000,0.1242937853107345
2013-06-09T05:59:59.999000,0.1219512195121951
2013-06-09T06:59:59.999000,0.1020408163265306
2013-06-09T07:59:59.999000,0.1126760563380282
2013-06-09T08:59:59.999000,0.136
2013-06-09T09:59:59.999000,0.1682242990654206
2013-06-09T10:59:59.999000,0.1650485436893204
2013-06-09T11:59:59.999000,0.1978021978021978
2013-06-09T12:59:59.999000,0.1683168316831683
2013-06-09T13:59:59.999000,0.1666666666666667
2013-06-09T14:59:59.999000,0.126984126984127
2013-06-09T15:59:59.999000,0.128
2013-06-09T16:59:59.999000,0.139344262295082
2013-06-09T17:59:59.999000,0.1296296296296296
2013-06-09T18:59:59.999000,0.1463414634146341
2013-06-09T19:59:59.999000,0.09278350515463918
2013-06-09T20:59:59.999000,0.09375
2013-06-09T21:59:59.999000,0.1927710843373494
2013-06-09T22:59:59.999000,0.1428571428571428
2013-06-09T23:59:59.999000,0.1416666666666667
2013-06-10T00:59:59.999000,0.1267605633802817
2013-06-10T01:59:59.999000,0.07425742574257425
2013-06-10T02:59:59.999000,0.0787037037037037
2013-06-10T03:59:59.999000,0.1590909090909091
2013-06-10T04:59:59.999000,0.1730769230769231
2013-06-10T05:59:59.999000,0.1024096385542169
2013-06-10T06:59:59.999000,0.1755725190839695
2013-06-10T07:59:59.999000,0.1653543307086614
2013-06-10T08:59:59.999000,0.1886792452830189
2013-06-10T09:59:59.999000,0.06923076923076923
2013-06-10T10:59:59.999000,0.09090909090909091
2013-06-10T11:59:59.999000,0.1284403669724771
2013-06-10T12:59:59.999000,0.2127659574468085
2013-06-10T13:59:59.999000,0.2
2013-06-10T14:59:59.999000,0.2
2013-06-10T15:59:59.999000,0.196078431372549
2013-06-10T16:59:59.999000,0.1711711711711712
2013-06-10T17:59:59.999000,0.17
2013-06-10T18:59:59.999000,0.217948717948718
2013-06-10T19:59:59.999000,0.1648351648351648
2013-06-10T20:59:59.999000,0.1181818181818182
2013-06-10T21:59:59.999000,0.1138211382113821
2013-06-10T22:59:59.999000,0.06211180124223602
2013-06-10T23:59:59.999000,0.09268292682926829
2013-06-11T00:59:59.999000,0.1310043668122271
2013-06-11T01:59:59.999000,0.1488095238095238
2013-06-11T02:59:59.999000,0.116751269035533
2013-06-11T03:59:59.999000,0.1917808219178082
2013-06-11T04:59:59.999000,0.2076923076923077
2013-06-11T05:59:59.999000,0.1755725190839695
2013-06-11T06:59:59.999000,0.2068965517241379
2013-06-11T07:59:59.999000,0.1826086956521739
2013-06-11T08:59:59.999000,0.2095238095238095
2013-06-11T09:59:59.999000,0.24
2013-06-11T10:59:59.999000,0.2346938775510204
2013-06-11T11:59:59.999000,0.2631578947368421
2013-06-11T12:59:59.999000,0.2551020408163265
2013-06-11T13:59:59.999000,0.2222222222222222
2013-06-11T14:59:59.999000,0.1965811965811966
2013-06-11T15:59:59.999000,0.2166666666666667
2013-06-11T16:59:59.999000,0.1769230769230769
2013-06-11T17:59:59.999000,0.1769911504424779
2013-06-11T18:59:59.999000,0.1770833333333333
2013-06-11T19:59:59.999000,0.2247191011235955
2013-06-11T20:59:59.999000,0.1792452830188679
2013-06-11T21:59:59.999000,0.1891891891891892
2013-06-11T22:59:59.999000,0.2203389830508475
2013-06-11T23:59:59.999000,0.1756756756756757
2013-06-12T00:59:59.999000,0.07042253521126761
2013-06-12T01:59:59.999000,0.1138211382113821
2013-06-12T02:59:59.999000,0.128
2013-06-12T03:59:59.999000,0.2102564102564103
2013-06-12T04:59:59.999000,0.2099447513812155
2013-06-12T05:59:59.999000,0.1812865497076023
2013-06-12T06:59:59.999000,0.1772151898734177
2013-06-12T07:59:59.999000,0.1677852348993289
2013-06-12T08:59:59.999000,0.2248062015503876
2013-06-12T09:59:59.999000,0.2377049180327869
2013-06-12T10:59:59.999000,0.2352941176470588
2013-06-12T11:59:59.999000,0.2589285714285715
2013-06-12T12:59:59.999000,0.2521739130434782
2013-06-12T13:59:59.999000,0.2521008403361344
2013-06-12T14:59:59.999000,0.2164179104477612
2013-06-12T15:59:59.999000,0.1971830985915493
2013-06-12T16:59:59.999000,0.2180451127819549
2013-06-12T17:59:59.999000,0.1869918699186992
2013-06-12T18:59:59.999000,0.2105263157894737
2013-06-12T19:59:59.999000,0.25
2013-06-12T20:59:59.999000,0.2019230769230769
2013-06-12T21:59:59.999000,0.2181818181818182
2013-06-12T22:59:59.999000,0.2413793103448276
2013-06-12T23:59:59.999000,0.1879194630872483
2013-06-13T00:59:59.999000,0.08450704225352113
2013-06-13T01:59:59.999000,0.1264822134387352
2013-06-13T02:59:59.999000,0.1411764705882353
2013-06-13T03:59:59.999000,0.2142857142857143
2013-06-13T04:59:59.999000,0.211340206185567
2013-06-13T05:59:59.999000,0.180327868852459
2013-06-13T06:59:59.999000,0.1764705882352941
2013-06-13T07:59:59.999000,0.169811320754717
2013-06-13T08:59:59.999000,0.2318840579710145
2013-06-13T09:59:59.999000,0.253968253968254
2013-06-13T10:59:59.999000,0.256198347107438
2013-06-13T11:59:59.999000,0.3035714285714285
2013-06-13T12:59:59.999000,0.2782608695652174
2013-06-13T13:59:59.999000,0.2689075630252101
2013-06-13T14:59:59.999000,0.2388059701492537
2013-06-13T15:59:59.999000,0.2205882352941176
2013-06-13T16:59:59.999000,0.248062015503876
2013-06-13T17:59:59.999000,0.2100840336134454
2013-06-13T18:59:59.999000,0.2282608695652174
2013-06-13T19:59:59.999000,0.3010752688172043
2013-06-13T20:59:59.999000,0.2545454545454545
2013-06-13T21:59:59.999000,0.2608695652173913
2013-06-13T22:59:59.999000,0.2868852459016393
2013-06-13T23:59:59.999000,0.2307692307692308
2013-06-14T00:59:59.999000,0.1306306306306306
2013-06-14T01:59:59.999000,0.1704545454545454
2013-06-14T02:59:59.999000,0.1842105263157895
2013-06-14T03:59:59.999000,0.2612612612612613
2013-06-14T04:59:59.999000,0.2585365853658537
2013-06-14T05:59:59.999000,0.227979274611399
2013-06-14T06:59:59.999000,0.2203389830508475
2013-06-14T07:59:59.999000,0.2155688622754491
2013-06-14T08:59:59.999000,0.2758620689655172
2013-06-14T09:59:59.999000,0.3007518796992481
2013-06-14T10:59:59.999000,0.3046875
2013-06-14T11:59:59.999000,0.3474576271186441
2013-06-14T12:59:59.999000,0.3278688524590164
2013-06-14T13:59:59.999000,0.3174603174603174
2013-06-14T14:59:59.999000,0.2836879432624114
2013-06-14T15:59:59.999000,0.2657342657342657
2013-06-14T16:59:59.999000,0.2941176470588235
2013-06-14T17:59:59.999000,0.253968253968254
2013-06-14T18:59:59.999000,0.2783505154639175
2013-06-14T19:59:59.999000,0.3125
2013-06-14T20:59:59.999000,0.2589285714285715
2013-06-14T21:59:59.999000,0.2711864406779661
2013-06-14T22:59:59.999000,0.296
2013-06-14T23:59:59.999000,0.2389937106918239
2013-06-15T00:59:59.999000,0.1371681415929203
2013-06-15T01:59:59.999000,0.1753731343283582
2013-06-15T02:59:59.999000,0.1888888888888889
2013-06-15T03:59:59.999000,0.2699115044247787
2013-06-15T04:59:59.999000,0.2679425837320574
2013-06-15T05:59:59.999000,0.2346938775510204
2013-06-15T06:59:59.999000,0.2307692307692308
2013-06-15T07:59:59.999000,0.2189349112426036
2013-06-15T08:59:59.999000,0.2837837837837838
2013-06-15T09:59:59.999000,0.3037037037037037
2013-06-15T10:59:59.999000,0.3129770992366412
2013-06-15T11:59:59.999000,0.360655737704918
2013-06-15T12:59:59.999000,0.336
2013-06-15T13:59:59.999000,0.3255813953488372
2013-06-15T14:59:59.999000,0.2916666666666667
2013-06-15T15:59:59.999000,0.273972602739726
2013-06-15T16:59:59.999000,0.302158273381295
2013-06-15T17:59:59.999000,0.2598425196850394
2013-06-15T18:59:59.999000,0.2828282828282828
2013-06-15T19:59:59.999000,0.1724137931034483
2013-06-15T20:59:59.999000,0.1616161616161616
2013-06-15T21:59:59.999000,0.1584158415841584
2013-06-15T22:59:59.999000,0.1904761904761905
2013-06-15T23:59:59.999000,0.1603053435114504
2013-06-16T00:59:59.999000,0.05263157894736842
2013-06-16T01:59:59.999000,0.1155555555555556
2013-06-16T02:59:59.999000,0.1203319502074689
2013-06-16T03:59:59.999000,0.1732673267326733
2013-06-16T04:59:59.999000,0.1666666666666667
2013-06-16T05:59:59.999000,0.1578947368421053
2013-06-16T06:59:59.999000,0.1483870967741935
2013-06-16T07:59:59.999000,0.1543624161073825
2013-06-16T08:59:59.999000,0.1818181818181818
2013-06-16T09:59:59.999000,0.2260869565217391
2013-06-16T10:59:59.999000,0.2252252252252252
2013-06-16T11:59:59.999000,0.27
2013-06-16T12:59:59.999000,0.2222222222222222
2013-06-16T13:59:59.999000,0.2173913043478261
2013-06-16T14:59:59.999000,0.1729323308270677
2013-06-16T15:59:59.999000,0.1679389312977099
2013-06-16T16:59:59.999000,0.1796875
2013-06-16T17:59:59.999000,0.168141592920354
2013-06-16T18:59:59.999000,0.186046511627907
2013-06-16T19:59:59.999000,0.06382978723404255
2013-06-16T20:59:59.999000,0.05434782608695652
2013-06-16T21:59:59.999000,0.1518987341772152
2013-06-16T22:59:59.999000,0.1075268817204301
2013-06-16T23:59:59.999000,0.1043478260869565
2013-06-17T00:59:59.999000,0.0948905109489051
2013-06-17T01:59:59.999000,0.05102040816326531
2013-06-17T02:59:59.999000,0.05263157894736842
2013-06-17T03:59:59.999000,0.1294117647058824
2013-06-17T04:59:59.999000,0.1409395973154362
2013-06-17T05:59:59.999000,0.08074534161490683
2013-06-17T06:59:59.999000,0.1428571428571428
2013-06-17T07:59:59.999000,0.1382113821138211
2013-06-17T08:59:59.999000,0.1584158415841584
2013-06-17T09:59:59.999000,0.04724409448818898
2013-06-17T10:59:59.999000,0.0603448275862069
2013-06-17T11:59:59.999000,0.09615384615384616
2013-06-17T12:59:59.999000,0.1868131868131868
2013-06-17T13:59:59.999000,0.1578947368421053
2013-06-17T14:59:59.999000,0.16
2013-06-17T15:59:59.999000,0.163265306122449
2013-06-17T16:59:59.999000,0.1401869158878505
2013-06-17T17:59:59.999000,0.1354166666666667
2013-06-17T18:59:59.999000,0.1756756756756757
2013-06-17T19:59:59.999000,0.08536585365853659
2013-06-17T20:59:59.999000,0.04950495049504951
2013-06-17T21:59:59.999000,0.06086956521739131
2013-06-17T22:59:59.999000,0.0196078431372549
2013-06-17T23:59:59.999000,0.03157894736842105
2013-06-18T00:59:59.999000,0.07075471698113207
2013-06-18T01:59:59.999000,0.08974358974358974
2013-06-18T02:59:59.999000,0.06010928961748634
2013-06-18T03:59:59.999000,0.1060606060606061
2013-06-18T04:59:59.999000,0.1282051282051282
2013-06-18T05:59:59.999000,0.1008403361344538
2013-06-18T06:59:59.999000,0.1238095238095238
2013-06-18T07:59:59.999000,0.1057692307692308
2013-06-18T08:59:59.999000,0.1368421052631579
2013-06-18T09:59:59.999000,0.1555555555555556
2013-06-18T10:59:59.999000,0.1379310344827586
2013-06-18T11:59:59.999000,0.1666666666666667
2013-06-18T12:59:59.999000,0.1818181818181818
2013-06-18T13:59:59.999000,0.1354166666666667
2013-06-18T14:59:59.999000,0.09615384615384616
2013-06-18T15:59:59.999000,0.1388888888888889
2013-06-18T16:59:59.999000,0.115702479338843
2013-06-18T17:59:59.999000,0.1057692307692308
2013-06-18T18:59:59.999000,0.103448275862069
2013-06-18T19:59:59.999000,0.09333333333333334
2013-06-18T20:59:59.999000,0.06521739130434782
2013-06-18T21:59:59.999000,0.05319148936170213
2013-06-18T22:59:59.999000,0.08080808080808081
2013-06-18T23:59:59.999000,0.0546875
2013-06-19T00:59:59.999000,0.005076142131979695
2013-06-19T01:59:59.999000,0.03139013452914798
2013-06-19T02:59:59.999000,0.04424778761061947
2013-06-19T03:59:59.999000,0.08433734939759036
2013-06-19T04:59:59.999000,0.0784313725490196
2013-06-19T05:59:59.999000,0.06756756756756757
2013-06-19T06:59:59.999000,0.0583941605839416
2013-06-19T07:59:59.999000,0.06870229007633588
2013-06-19T08:59:59.999000,0.09259259259259259
2013-06-19T09:59:59.999000,0.1153846153846154
2013-06-19T10:59:59.999000,0.09090909090909091
2013-06-19T11:59:59.999000,0.108695652173913
2013-06-19T12:59:59.999000,0.1052631578947368
2013-06-19T13:59:59.999000,0.1111111111111111
2013-06-19T14:59:59.999000,0.08771929824561403
2013-06-19T15:59:59.999000,0.08196721311475409
2013-06-19T16:59:59.999000,0.08928571428571429
2013-06-19T17:59:59.999000,0.07476635514018691
2013-06-19T18:59:59.999000,0.0975609756097561
2013-06-19T19:59:59.999000,0.08450704225352113
2013-06-19T20:59:59.999000,0.06818181818181818
2013-06-19T21:59:59.999000,0.06593406593406594
2013-06-19T22:59:59.999000,0.09375
2013-06-19T23:59:59.999000,0.06299212598425197
2013-06-20T00:59:59.999000,0.005154639175257732
2013-06-20T01:59:59.999000,0.03111111111111111
2013-06-20T02:59:59.999000,0.04845814977973568
2013-06-20T03:59:59.999000,0.07909604519774012
2013-06-20T04:59:59.999000,0.0736196319018405
2013-06-20T05:59:59.999000,0.06329113924050633
2013-06-20T06:59:59.999000,0.04827586206896552
2013-06-20T07:59:59.999000,0.06428571428571428
2013-06-20T08:59:59.999000,0.08771929824561403
2013-06-20T09:59:59.999000,0.1067961165048544
2013-06-20T10:59:59.999000,0.101010101010101
2013-06-20T11:59:59.999000,0.125
2013-06-20T12:59:59.999000,0.1182795698924731
2013-06-20T13:59:59.999000,0.1134020618556701
2013-06-20T14:59:59.999000,0.09090909090909091
2013-06-20T15:59:59.999000,0.08695652173913043
2013-06-20T16:59:59.999000,0.102803738317757
2013-06-20T17:59:59.999000,0.07920792079207921
2013-06-20T18:59:59.999000,0.1025641025641026
2013-06-20T19:59:59.999000,0.08450704225352113
2013-06-20T20:59:59.999000,0.07954545454545454
2013-06-20T21:59:59.999000,0.06666666666666667
2013-06-20T22:59:59.999000,0.09473684210526316
2013-06-20T23:59:59.999000,0.06299212598425197
2013-06-21T00:59:59.999000,0.03535353535353535
2013-06-21T01:59:59.999000,0.03139013452914798
2013-06-21T02:59:59.999000,0.04867256637168142
2013-06-21T03:59:59.999000,0.0847457627118644
2013-06-21T04:59:59.999000,0.07975460122699386
2013-06-21T05:59:59.999000,0.06369426751592357
2013-06-21T06:59:59.999000,0.04861111111111111
2013-06-21T07:59:59.999000,0.06521739130434782
2013-06-21T08:59:59.999000,0.09649122807017543
2013-06-21T09:59:59.999000,0.1153846153846154
2013-06-21T10:59:59.999000,0.1020408163265306
2013-06-21T11:59:59.999000,0.1264367816091954
2013-06-21T12:59:59.999000,0.1195652173913044
2013-06-21T13:59:59.999000,0.1145833333333333
2013-06-21T14:59:59.999000,0.09090909090909091
2013-06-21T15:59:59.999000,0.09565217391304348
2013-06-21T16:59:59.999000,0.1037735849056604
2013-06-21T17:59:59.999000,0.08
2013-06-21T18:59:59.999000,0.1038961038961039
2013-06-21T19:59:59.999000,0.09722222222222222
2013-06-21T20:59:59.999000,0.07865168539325842
2013-06-21T21:59:59.999000,0.06593406593406594
2013-06-21T22:59:59.999000,0.09375
2013-06-21T23:59:59.999000,0.0625
2013-06-22T00:59:59.999000,0.005154639175257732
2013-06-22T01:59:59.999000,0.03111111111111111
2013-06-22T02:59:59.999000,0.04824561403508772
2013-06-22T03:59:59.999000,0.08426966292134831
2013-06-22T04:59:59.999000,0.07878787878787878
2013-06-22T05:59:59.999000,0.06289308176100629
2013-06-22T06:59:59.999000,0.0547945205479452
2013-06-22T07:59:59.999000,0.06428571428571428
2013-06-22T08:59:59.999000,0.09565217391304348
2013-06-22T09:59:59.999000,0.1142857142857143
2013-06-22T10:59:59.999000,0.101010101010101
2013-06-22T11:59:59.999000,0.1348314606741573
2013-06-22T12:59:59.999000,0.1182795698924731
2013-06-22T13:59:59.999000,0.1134020618556701
2013-06-22T14:59:59.999000,0.09009009009009009
2013-06-22T15:59:59.999000,0.09482758620689655
2013-06-22T16:59:59.999000,0.1111111111111111
2013-06-22T17:59:59.999000,0.08823529411764706
2013-06-22T18:59:59.999000,0.1025641025641026
2013-06-22T19:59:59.999000,0.07692307692307693
2013-06-22T20:59:59.999000,0.07865168539325842
2013-06-22T21:59:59.999000,0.06593406593406594
2013-06-22T22:59:59.999000,0.1063829787234043
2013-06-22T23:59:59.999000,0.08403361344537816
2013-06-23T00:59:59.999000,0.005555555555555556
2013-06-23T01:59:59.999000,0.04368932038834952
2013-06-23T02:59:59.999000,0.06222222222222222
2013-06-23T03:59:59.999000,0.09782608695652174
2013-06-23T04:59:59.999000,0.08875739644970414
2013-06-23T05:59:59.999000,0.08333333333333333
2013-06-23T06:59:59.999000,0.06428571428571428
2013-06-23T07:59:59.999000,0.07407407407407407
2013-06-23T08:59:59.999000,0.1008403361344538
2013-06-23T09:59:59.999000,0.1287128712871287
2013-06-23T10:59:59.999000,0.1237113402061856
2013-06-23T11:59:59.999000,0.1529411764705882
2013-06-23T12:59:59.999000,0.1170212765957447
2013-06-23T13:59:59.999000,0.1274509803921569
2013-06-23T14:59:59.999000,0.09166666666666666
2013-06-23T15:59:59.999000,0.09166666666666666
2013-06-23T16:59:59.999000,0.103448275862069
2013-06-23T17:59:59.999000,0.08823529411764706
2013-06-23T18:59:59.999000,0.1025641025641026
2013-06-23T19:59:59.999000,0.03296703296703297
2013-06-23T20:59:59.999000,0.04395604395604396
2013-06-23T21:59:59.999000,0.1298701298701299
2013-06-23T22:59:59.999000,0.08791208791208792
2013-06-23T23:59:59.999000,0.08849557522123894
2013-06-24T00:59:59.999000,0.08208955223880597
2013-06-24T01:59:59.999000,0.04615384615384616
2013-06-24T02:59:59.999000,0.04347826086956522
2013-06-24T03:59:59.999000,0.1137724550898204
2013-06-24T04:59:59.999000,0.1292517006802721
2013-06-24T05:59:59.999000,0.06918238993710692
2013-06-24T06:59:59.999000,0.1290322580645161
2013-06-24T07:59:59.999000,0.125
2013-06-24T08:59:59.999000,0.15
2013-06-24T09:59:59.999000,0.032
2013-06-24T10:59:59.999000,0.05217391304347826
2013-06-24T11:59:59.999000,0.08737864077669903
2013-06-24T12:59:59.999000,0.1685393258426966
2013-06-24T13:59:59.999000,0.1397849462365591
2013-06-24T14:59:59.999000,0.1428571428571428
2013-06-24T15:59:59.999000,0.1458333333333333
2013-06-24T16:59:59.999000,0.1153846153846154
2013-06-24T17:59:59.999000,0.1170212765957447
2013-06-24T18:59:59.999000,0.1527777777777778
2013-06-24T19:59:59.999000,0.1071428571428571
2013-06-24T20:59:59.999000,0.06796116504854369
2013-06-24T21:59:59.999000,0.07627118644067797
2013-06-24T22:59:59.999000,0.02580645161290323
2013-06-24T23:59:59.999000,0.04639175257731959
2013-06-25T00:59:59.999000,0.08755760368663594
2013-06-25T01:59:59.999000,0.1069182389937107
2013-06-25T02:59:59.999000,0.0748663101604278
2013-06-25T03:59:59.999000,0.1323529411764706
2013-06-25T04:59:59.999000,0.15
2013-06-25T05:59:59.999000,0.1229508196721311
2013-06-25T06:59:59.999000,0.1401869158878505
2013-06-25T07:59:59.999000,0.1308411214953271
2013-06-25T08:59:59.999000,0.154639175257732
2013-06-25T09:59:59.999000,0.1739130434782609
2013-06-25T10:59:59.999000,0.1666666666666667
2013-06-25T11:59:59.999000,0.186046511627907
2013-06-25T12:59:59.999000,0.1978021978021978
2013-06-25T13:59:59.999000,0.16
2013-06-25T14:59:59.999000,0.1214953271028037
2013-06-25T15:59:59.999000,0.1607142857142857
2013-06-25T16:59:59.999000,0.1300813008130081
2013-06-25T17:59:59.999000,0.1226415094339623
2013-06-25T18:59:59.999000,0.1222222222222222
2013-06-25T19:59:59.999000,0.1882352941176471
2013-06-25T20:59:59.999000,0.1470588235294118
2013-06-25T21:59:59.999000,0.1509433962264151
2013-06-25T22:59:59.999000,0.1785714285714286
2013-06-25T23:59:59.999000,0.1408450704225352
2013-06-26T00:59:59.999000,0.03883495145631068
2013-06-26T01:59:59.999000,0.08403361344537816
2013-06-26T02:59:59.999000,0.09917355371900827
2013-06-26T03:59:59.999000,0.1720430107526882
2013-06-26T04:59:59.999000,0.1744186046511628
2013-06-26T05:59:59.999000,0.147239263803681
2013-06-26T06:59:59.999000,0.1390728476821192
2013-06-26T07:59:59.999000,0.1388888888888889
2013-06-26T08:59:59.999000,0.1885245901639344
2013-06-26T09:59:59.999000,0.1982758620689655
2013-06-26T10:59:59.999000,0.1946902654867257
2013-06-26T11:59:59.999000,0.219047619047619
2013-06-26T12:59:59.999000,0.2110091743119266
2013-06-26T13:59:59.999000,0.2123893805309734
2013-06-26T14:59:59.999000,0.1796875
2013-06-26T15:59:59.999000,0.162962962962963
2013-06-26T16:59:59.999000,0.1811023622047244
2013-06-26T17:59:59.999000,0.1525423728813559
2013-06-26T18:59:59.999000,0.1758241758241758
2013-06-26T19:59:59.999000,0.2048192771084337
2013-06-26T20:59:59.999000,0.1616161616161616
2013-06-26T21:59:59.999000,0.1650485436893204
2013-06-26T22:59:59.999000,0.1926605504587156
2013-06-26T23:59:59.999000,0.147887323943662
2013-06-27T00:59:59.999000,0.05339805825242718
2013-06-27T01:59:59.999000,0.09465020576131687
2013-06-27T02:59:59.999000,0.1133603238866397
2013-06-27T03:59:59.999000,0.175
2013-06-27T04:59:59.999000,0.172972972972973
2013-06-27T05:59:59.999000,0.1428571428571428
2013-06-27T06:59:59.999000,0.1358024691358025
2013-06-27T07:59:59.999000,0.1372549019607843
2013-06-27T08:59:59.999000,0.1908396946564886
2013-06-27T09:59:59.999000,0.211864406779661
2013-06-27T10:59:59.999000,0.2105263157894737
2013-06-27T11:59:59.999000,0.25
2013-06-27T12:59:59.999000,0.2314814814814815
2013-06-27T13:59:59.999000,0.2232142857142857
2013-06-27T14:59:59.999000,0.1904761904761905
2013-06-27T15:59:59.999000,0.1782945736434109
2013-06-27T16:59:59.999000,0.2049180327868853
2013-06-27T17:59:59.999000,0.168141592920354
2013-06-27T18:59:59.999000,0.1931818181818182
2013-06-27T19:59:59.999000,0.1666666666666667
2013-06-27T20:59:59.999000,0.1276595744680851
2013-06-27T21:59:59.999000,0.1326530612244898
2013-06-27T22:59:59.999000,0.1553398058252427
2013-06-27T23:59:59.999000,0.1119402985074627
2013-06-28T00:59:59.999000,0.03015075376884422
2013-06-28T01:59:59.999000,0.06837606837606838
2013-06-28T02:59:59.999000,0.0847457627118644
2013-06-28T03:59:59.999000,0.1375661375661376
2013-06-28T04:59:59.999000,0.1371428571428571
2013-06-28T05:59:59.999000,0.1137724550898204
2013-06-28T06:59:59.999000,0.1038961038961039
2013-06-28T07:59:59.999000,0.1095890410958904
2013-06-28T08:59:59.999000,0.1544715447154472
2013-06-28T09:59:59.999000,0.1785714285714286
2013-06-28T10:59:59.999000,0.169811320754717
2013-06-28T11:59:59.999000,0.2061855670103093
2013-06-28T12:59:59.999000,0.1881188118811881
2013-06-28T13:59:59.999000,0.1809523809523809
2013-06-28T14:59:59.999000,0.1525423728813559
2013-06-28T15:59:59.999000,0.1463414634146341
2013-06-28T16:59:59.999000,0.1652173913043478
2013-06-28T17:59:59.999000,0.1388888888888889
2013-06-28T18:59:59.999000,0.1566265060240964
2013-06-28T19:59:59.999000,0.08450704225352113
2013-06-28T20:59:59.999000,0.05747126436781609
2013-06-28T21:59:59.999000,0.05555555555555555
2013-06-28T22:59:59.999000,0.08421052631578947
2013-06-28T23:59:59.999000,0.048
2013-06-29T00:59:59.999000,0.02525252525252525
2013-06-29T01:59:59.999000,0.02252252252252252
2013-06-29T02:59:59.999000,0.03571428571428571
2013-06-29T03:59:59.999000,0.06857142857142857
2013-06-29T04:59:59.999000,0.06790123456790123
2013-06-29T05:59:59.999000,0.05128205128205128
2013-06-29T06:59:59.999000,0.04166666666666666
2013-06-29T07:59:59.999000,0.05797101449275362
2013-06-29T08:59:59.999000,0.07964601769911504
2013-06-29T09:59:59.999000,0.09803921568627451
2013-06-29T10:59:59.999000,0.09183673469387756
2013-06-29T11:59:59.999000,0.1149425287356322
2013-06-29T12:59:59.999000,0.108695652173913
2013-06-29T13:59:59.999000,0.1041666666666667
2013-06-29T14:59:59.999000,0.08256880733944955
2013-06-29T15:59:59.999000,0.07964601769911504
2013-06-29T16:59:59.999000,0.09433962264150944
2013-06-29T17:59:59.999000,0.07
2013-06-29T18:59:59.999000,0.09090909090909091
2013-06-29T19:59:59.999000,0.0273972602739726
2013-06-29T20:59:59.999000,0.02409638554216868
2013-06-29T21:59:59.999000,0.02352941176470588
2013-06-29T22:59:59.999000,0.03488372093023256
2013-06-29T23:59:59.999000,0.02702702702702703
2013-06-30T00:59:59.999000,0.005649717514124294
2013-06-30T01:59:59.999000,0.01015228426395939
2013-06-30T02:59:59.999000,0.02347417840375587
2013-06-30T03:59:59.999000,0.03529411764705882
2013-06-30T04:59:59.999000,0.03184713375796178
2013-06-30T05:59:59.999000,0.03424657534246575
2013-06-30T06:59:59.999000,0.02985074626865672
2013-06-30T07:59:59.999000,0.03125
2013-06-30T08:59:59.999000,0.03636363636363636
2013-06-30T09:59:59.999000,0.05434782608695652
2013-06-30T10:59:59.999000,0.05617977528089887
2013-06-30T11:59:59.999000,0.07792207792207792
2013-06-30T12:59:59.999000,0.05747126436781609
2013-06-30T13:59:59.999000,0.05376344086021505
2013-06-30T14:59:59.999000,0.03571428571428571
2013-06-30T15:59:59.999000,0.04464285714285714
2013-06-30T16:59:59.999000,0.03773584905660377
2013-06-30T17:59:59.999000,0.04166666666666666
2013-06-30T18:59:59.999000,0.0547945205479452
2013-06-30T19:59:59.999000,0.04444444444444445
2013-06-30T20:59:59.999000,0.0449438202247191
2013-06-30T21:59:59.999000,0.05797101449275362
2013-06-30T22:59:59.999000,0.01204819277108434
2013-06-30T23:59:59.999000,0.00980392156862745
2013-07-01T00:59:59.999000,0.00819672131147541
2013-07-01T01:59:59.999000,0.005434782608695652
2013-07-01T02:59:59.999000,0.005128205128205128
2013-07-01T03:59:59.999000,0.05228758169934641
2013-07-01T04:59:59.999000,0.04545454545454546
2013-07-01T05:59:59.999000,0.01360544217687075
2013-07-01T06:59:59.999000,0.02752293577981652
2013-07-01T07:59:59.999000,0.04629629629629629
2013-07-01T08:59:59.999000,0.07692307692307693
2013-07-01T09:59:59.999000,0.02479338842975207
2013-07-01T10:59:59.999000,0.02727272727272727
2013-07-01T11:59:59.999000,0.03125
2013-07-01T12:59:59.999000,0.08860759493670886
2013-07-01T13:59:59.999000,0.03703703703703703
2013-07-01T14:59:59.999000,0.06818181818181818
2013-07-01T15:59:59.999000,0.06976744186046512
2013-07-01T16:59:59.999000,0.05263157894736842
2013-07-01T17:59:59.999000,0.04705882352941176
2013-07-01T18:59:59.999000,0.0625
2013-07-01T19:59:59.999000,0.03896103896103896
2013-07-01T20:59:59.999000,0.01041666666666667
2013-07-01T21:59:59.999000,0.01834862385321101
2013-07-01T22:59:59.999000,0.02631578947368421
2013-07-01T23:59:59.999000,0.02150537634408602
2013-07-02T00:59:59.999000,0.02010050251256281
2013-07-02T01:59:59.999000,0.0410958904109589
2013-07-02T02:59:59.999000,0.02285714285714286
2013-07-02T03:59:59.999000,0.04918032786885246
2013-07-02T04:59:59.999000,0.07339449541284404
2013-07-02T05:59:59.999000,0.05357142857142857
2013-07-02T06:59:59.999000,0.06185567010309279
2013-07-02T07:59:59.999000,0.06122448979591837
2013-07-02T08:59:59.999000,0.07954545454545454
2013-07-02T09:59:59.999000,0.0963855421686747
2013-07-02T10:59:59.999000,0.08641975308641975
2013-07-02T11:59:59.999000,0.1038961038961039
2013-07-02T12:59:59.999000,0.1111111111111111
2013-07-02T13:59:59.999000,0.07865168539325842
2013-07-02T14:59:59.999000,0.05102040816326531
2013-07-02T15:59:59.999000,0.08
2013-07-02T16:59:59.999000,0.0625
2013-07-02T17:59:59.999000,0.05154639175257732
2013-07-02T18:59:59.999000,0.06024096385542169
2013-07-02T19:59:59.999000,0.1052631578947368
2013-07-02T20:59:59.999000,0.07526881720430108
2013-07-02T21:59:59.999000,0.06315789473684211
2013-07-02T22:59:59.999000,0.09
2013-07-02T23:59:59.999000,0.06923076923076923
2013-07-03T00:59:59.999000,0.005076142131979695
2013-07-03T01:59:59.999000,0.03139013452914798
2013-07-03T02:59:59.999000,0.04845814977973568
2013-07-03T03:59:59.999000,0.09467455621301775
2013-07-03T04:59:59.999000,0.09032258064516129
2013-07-03T05:59:59.999000,0.0738255033557047
2013-07-03T06:59:59.999000,0.06521739130434782
2013-07-03T07:59:59.999000,0.07575757575757576
2013-07-03T08:59:59.999000,0.1081081081081081
2013-07-03T09:59:59.999000,0.1238095238095238
2013-07-03T10:59:59.999000,0.1
2013-07-03T11:59:59.999000,0.1182795698924731
2013-07-03T12:59:59.999000,0.1237113402061856
2013-07-03T13:59:59.999000,0.12
2013-07-03T14:59:59.999000,0.09565217391304348
2013-07-03T15:59:59.999000,0.08943089430894309
2013-07-03T16:59:59.999000,0.1043478260869565
2013-07-03T17:59:59.999000,0.07476635514018691
2013-07-03T18:59:59.999000,0.1071428571428571
2013-07-03T19:59:59.999000,0.09722222222222222
2013-07-03T20:59:59.999000,0.07865168539325842
2013-07-03T21:59:59.999000,0.06593406593406594
2013-07-03T22:59:59.999000,0.1030927835051546
2013-07-03T23:59:59.999000,0.0625
2013-07-04T00:59:59.999000,0.03015075376884422
2013-07-04T01:59:59.999000,0.02678571428571428
2013-07-04T02:59:59.999000,0.04824561403508772
2013-07-04T03:59:59.999000,0.08426966292134831
2013-07-04T04:59:59.999000,0.07878787878787878
2013-07-04T05:59:59.999000,0.06289308176100629
2013-07-04T06:59:59.999000,0.04827586206896552
2013-07-04T07:59:59.999000,0.06428571428571428
2013-07-04T08:59:59.999000,0.09482758620689655
2013-07-04T09:59:59.999000,0.1142857142857143
2013-07-04T10:59:59.999000,0.101010101010101
2013-07-04T11:59:59.999000,0.1348314606741573
2013-07-04T12:59:59.999000,0.1276595744680851
2013-07-04T13:59:59.999000,0.1224489795918367
2013-07-04T14:59:59.999000,0.09009009009009009
2013-07-04T15:59:59.999000,0.09482758620689655
2013-07-04T16:59:59.999000,0.1111111111111111
2013-07-04T17:59:59.999000,0.08823529411764706
2013-07-04T18:59:59.999000,0.1025641025641026
2013-07-04T19:59:59.999000,0.07246376811594203
2013-07-04T20:59:59.999000,0.05813953488372093
2013-07-04T21:59:59.999000,0.04545454545454546
2013-07-04T22:59:59.999000,0.07526881720430108
2013-07-04T23:59:59.999000,0.04065040650406504
2013-07-05T00:59:59.999000,0.01041666666666667
2013-07-05T01:59:59.999000,0.009216589861751152
2013-07-05T02:59:59.999000,0.02727272727272727
2013-07-05T03:59:59.999000,0.06395348837209303
2013-07-05T04:59:59.999000,0.05660377358490566
2013-07-05T05:59:59.999000,0.0392156862745098
2013-07-05T06:59:59.999000,0.02857142857142857
2013-07-05T07:59:59.999000,0.04444444444444445
2013-07-05T08:59:59.999000,0.07207207207207207
2013-07-05T09:59:59.999000,0.09
2013-07-05T10:59:59.999000,0.08421052631578947
2013-07-05T11:59:59.999000,0.1058823529411765
2013-07-05T12:59:59.999000,0.1
2013-07-05T13:59:59.999000,0.09574468085106383
2013-07-05T14:59:59.999000,0.07476635514018691
2013-07-05T15:59:59.999000,0.07207207207207207
2013-07-05T16:59:59.999000,0.08653846153846154
2013-07-05T17:59:59.999000,0.06122448979591837
2013-07-05T18:59:59.999000,0.08
2013-07-05T19:59:59.999000,0.04411764705882353
2013-07-05T20:59:59.999000,0.03571428571428571
2013-07-05T21:59:59.999000,0.03448275862068965
2013-07-05T22:59:59.999000,0.05494505494505494
2013-07-05T23:59:59.999000,0.02459016393442623
2013-07-06T00:59:59.999000,0.01030927835051546
2013-07-06T01:59:59.999000,0.009174311926605505
2013-07-06T02:59:59.999000,0.02272727272727273
2013-07-06T03:59:59.999000,0.04142011834319527
2013-07-06T04:59:59.999000,0.03846153846153846
2013-07-06T05:59:59.999000,0.03289473684210526
2013-07-06T06:59:59.999000,0.02836879432624113
2013-07-06T07:59:59.999000,0.03703703703703703
2013-07-06T08:59:59.999000,0.05454545454545454
2013-07-06T09:59:59.999000,0.0707070707070707
2013-07-06T10:59:59.999000,0.06382978723404255
2013-07-06T11:59:59.999000,0.08433734939759036
2013-07-06T12:59:59.999000,0.06896551724137931
2013-07-06T13:59:59.999000,0.06521739130434782
2013-07-06T14:59:59.999000,0.05660377358490566
2013-07-06T15:59:59.999000,0.05454545454545454
2013-07-06T16:59:59.999000,0.0594059405940594
2013-07-06T17:59:59.999000,0.05102040816326531
2013-07-06T18:59:59.999000,0.06756756756756757
2013-07-06T19:59:59.999000,0.0273972602739726
2013-07-06T20:59:59.999000,0.03529411764705882
2013-07-06T21:59:59.999000,0.02325581395348837
2013-07-06T22:59:59.999000,0.04597701149425287
2013-07-06T23:59:59.999000,0.04424778761061947
2013-07-07T00:59:59.999000,0.005617977528089887
2013-07-07T01:59:59.999000,0.01515151515151515
2013-07-07T02:59:59.999000,0.02803738317757009
2013-07-07T03:59:59.999000,0.04651162790697674
2013-07-07T04:59:59.999000,0.0440251572327044
2013-07-07T05:59:59.999000,0.04054054054054054
2013-07-07T06:59:59.999000,0.02985074626865672
2013-07-07T07:59:59.999000,0.03875968992248062
2013-07-07T08:59:59.999000,0.04504504504504504
2013-07-07T09:59:59.999000,0.07446808510638298
2013-07-07T10:59:59.999000,0.06666666666666667
2013-07-07T11:59:59.999000,0.08860759493670886
2013-07-07T12:59:59.999000,0.06818181818181818
2013-07-07T13:59:59.999000,0.06382978723404255
2013-07-07T14:59:59.999000,0.04424778761061947
2013-07-07T15:59:59.999000,0.05309734513274336
2013-07-07T16:59:59.999000,0.04629629629629629
2013-07-07T17:59:59.999000,0.05154639175257732
2013-07-07T18:59:59.999000,0.0547945205479452
2013-07-07T19:59:59.999000,0.01136363636363636
2013-07-07T20:59:59.999000,0.01149425287356322
2013-07-07T21:59:59.999000,0.08333333333333333
2013-07-07T22:59:59.999000,0.03488372093023256
2013-07-07T23:59:59.999000,0.03773584905660377
2013-07-08T00:59:59.999000,0.024
2013-07-08T01:59:59.999000,0.005405405405405406
2013-07-08T02:59:59.999000,0.005076142131979695
2013-07-08T03:59:59.999000,0.07006369426751592
2013-07-08T04:59:59.999000,0.072992700729927
2013-07-08T05:59:59.999000,0.02666666666666667
2013-07-08T06:59:59.999000,0.06956521739130435
2013-07-08T07:59:59.999000,0.07142857142857142
2013-07-08T08:59:59.999000,0.0967741935483871
2013-07-08T09:59:59.999000,0.008333333333333333
2013-07-08T10:59:59.999000,0.009174311926605505
2013-07-08T11:59:59.999000,0.04123711340206185
2013-07-08T12:59:59.999000,0.1097560975609756
2013-07-08T13:59:59.999000,0.08139534883720931
2013-07-08T14:59:59.999000,0.08791208791208792
2013-07-08T15:59:59.999000,0.0898876404494382
2013-07-08T16:59:59.999000,0.07142857142857142
2013-07-08T17:59:59.999000,0.06818181818181818
2013-07-08T18:59:59.999000,0.1044776119402985
2013-07-08T19:59:59.999000,0.03846153846153846
2013-07-08T20:59:59.999000,0.01041666666666667
2013-07-08T21:59:59.999000,0.02702702702702703
2013-07-08T22:59:59.999000,0.03870967741935484
2013-07-08T23:59:59.999000,0.03174603174603174
2013-07-09T00:59:59.999000,0.0297029702970297
2013-07-09T01:59:59.999000,0.05369127516778523
2013-07-09T02:59:59.999000,0.02285714285714286
2013-07-09T03:59:59.999000,0.064
2013-07-09T04:59:59.999000,0.08181818181818182
2013-07-09T05:59:59.999000,0.06194690265486726
2013-07-09T06:59:59.999000,0.07142857142857142
2013-07-09T07:59:59.999000,0.06122448979591837
2013-07-09T08:59:59.999000,0.08888888888888889
2013-07-09T09:59:59.999000,0.1071428571428571
2013-07-09T10:59:59.999000,0.0975609756097561
2013-07-09T11:59:59.999000,0.1153846153846154
2013-07-09T12:59:59.999000,0.1325301204819277
2013-07-09T13:59:59.999000,0.08791208791208792
2013-07-09T14:59:59.999000,0.05102040816326531
2013-07-09T15:59:59.999000,0.0970873786407767
2013-07-09T16:59:59.999000,0.0782608695652174
2013-07-09T17:59:59.999000,0.06122448979591837
2013-07-09T18:59:59.999000,0.06024096385542169
2013-07-09T19:59:59.999000,0.09333333333333334
2013-07-09T20:59:59.999000,0.06521739130434782
2013-07-09T21:59:59.999000,0.04301075268817205
2013-07-09T22:59:59.999000,0.07142857142857142
2013-07-09T23:59:59.999000,0.0546875
2013-07-10T00:59:59.999000,0.02
2013-07-10T01:59:59.999000,0.01818181818181818
2013-07-10T02:59:59.999000,0.03571428571428571
2013-07-10T03:59:59.999000,0.07878787878787878
2013-07-10T04:59:59.999000,0.0784313725490196
2013-07-10T05:59:59.999000,0.06122448979591837
2013-07-10T06:59:59.999000,0.05147058823529412
2013-07-10T07:59:59.999000,0.06153846153846154
2013-07-10T08:59:59.999000,0.09259259259259259
2013-07-10T09:59:59.999000,0.1067961165048544
2013-07-10T10:59:59.999000,0.08163265306122448
2013-07-10T11:59:59.999000,0.108695652173913
2013-07-10T12:59:59.999000,0.1052631578947368
2013-07-10T13:59:59.999000,0.1111111111111111
2013-07-10T14:59:59.999000,0.07964601769911504
2013-07-10T15:59:59.999000,0.0743801652892562
2013-07-10T16:59:59.999000,0.08928571428571429
2013-07-10T17:59:59.999000,0.0660377358490566
2013-07-10T18:59:59.999000,0.08641975308641975
2013-07-10T19:59:59.999000,0.08450704225352113
2013-07-10T20:59:59.999000,0.06818181818181818
2013-07-10T21:59:59.999000,0.05555555555555555
2013-07-10T22:59:59.999000,0.09375
2013-07-10T23:59:59.999000,0.05555555555555555
2013-07-11T00:59:59.999000,0.02525252525252525
2013-07-11T01:59:59.999000,0.02242152466367713
2013-07-11T02:59:59.999000,0.04
2013-07-11T03:59:59.999000,0.07909604519774012
2013-07-11T04:59:59.999000,0.0736196319018405
2013-07-11T05:59:59.999000,0.05732484076433121
2013-07-11T06:59:59.999000,0.04166666666666666
2013-07-11T07:59:59.999000,0.05755395683453238
2013-07-11T08:59:59.999000,0.08771929824561403
2013-07-11T09:59:59.999000,0.1067961165048544
2013-07-11T10:59:59.999000,0.09183673469387756
2013-07-11T11:59:59.999000,0.125
2013-07-11T12:59:59.999000,0.1182795698924731
2013-07-11T13:59:59.999000,0.1134020618556701
2013-07-11T14:59:59.999000,0.08181818181818182
2013-07-11T15:59:59.999000,0.08695652173913043
2013-07-11T16:59:59.999000,0.102803738317757
2013-07-11T17:59:59.999000,0.07920792079207921
2013-07-11T18:59:59.999000,0.09090909090909091
2013-07-11T19:59:59.999000,0.1095890410958904
2013-07-11T20:59:59.999000,0.0898876404494382
2013-07-11T21:59:59.999000,0.08602150537634409
2013-07-11T22:59:59.999000,0.1122448979591837
2013-07-11T23:59:59.999000,0.07751937984496124
2013-07-12T00:59:59.999000,0.005181347150259068
2013-07-12T01:59:59.999000,0.03982300884955752
2013-07-12T02:59:59.999000,0.06086956521739131
2013-07-12T03:59:59.999000,0.1
2013-07-12T04:59:59.999000,0.09580838323353294
2013-07-12T05:59:59.999000,0.08074534161490683
2013-07-12T06:59:59.999000,0.06802721088435375
2013-07-12T07:59:59.999000,0.08450704225352113
2013-07-12T08:59:59.999000,0.1111111111111111
2013-07-12T09:59:59.999000,0.1320754716981132
2013-07-12T10:59:59.999000,0.12
2013-07-12T11:59:59.999000,0.1555555555555556
2013-07-12T12:59:59.999000,0.1473684210526316
2013-07-12T13:59:59.999000,0.14
2013-07-12T14:59:59.999000,0.1150442477876106
2013-07-12T15:59:59.999000,0.1111111111111111
2013-07-12T16:59:59.999000,0.1272727272727273
2013-07-12T17:59:59.999000,0.0970873786407767
2013-07-12T18:59:59.999000,0.1153846153846154
2013-07-12T19:59:59.999000,0.1645569620253164
2013-07-12T20:59:59.999000,0.1354166666666667
2013-07-12T21:59:59.999000,0.1313131313131313
2013-07-12T22:59:59.999000,0.1619047619047619
2013-07-12T23:59:59.999000,0.1231884057971015
2013-07-13T00:59:59.999000,0.02985074626865672
2013-07-13T01:59:59.999000,0.07563025210084033
2013-07-13T02:59:59.999000,0.09504132231404959
2013-07-13T03:59:59.999000,0.1450777202072539
2013-07-13T04:59:59.999000,0.1404494382022472
2013-07-13T05:59:59.999000,0.1176470588235294
2013-07-13T06:59:59.999000,0.108974358974359
2013-07-13T07:59:59.999000,0.1140939597315436
2013-07-13T08:59:59.999000,0.16
2013-07-13T09:59:59.999000,0.1842105263157895
2013-07-13T10:59:59.999000,0.1743119266055046
2013-07-13T11:59:59.999000,0.2142857142857143
2013-07-13T12:59:59.999000,0.1941747572815534
2013-07-13T13:59:59.999000,0.1869158878504673
2013-07-13T14:59:59.999000,0.1570247933884298
2013-07-13T15:59:59.999000,0.152
2013-07-13T16:59:59.999000,0.1709401709401709
2013-07-13T17:59:59.999000,0.1454545454545454
2013-07-13T18:59:59.999000,0.1647058823529412
2013-07-13T19:59:59.999000,0.1627906976744186
2013-07-13T20:59:59.999000,0.1530612244897959
2013-07-13T21:59:59.999000,0.1414141414141414
2013-07-13T22:59:59.999000,0.1826923076923077
2013-07-13T23:59:59.999000,0.1472868217054264
2013-07-14T00:59:59.999000,0.0425531914893617
2013-07-14T01:59:59.999000,0.1036036036036036
2013-07-14T02:59:59.999000,0.1092436974789916
2013-07-14T03:59:59.999000,0.1608040201005025
2013-07-14T04:59:59.999000,0.1576086956521739
2013-07-14T05:59:59.999000,0.1479289940828402
2013-07-14T06:59:59.999000,0.1372549019607843
2013-07-14T07:59:59.999000,0.1428571428571428
2013-07-14T08:59:59.999000,0.1692307692307692
2013-07-14T09:59:59.999000,0.2123893805309734
2013-07-14T10:59:59.999000,0.2110091743119266
2013-07-14T11:59:59.999000,0.2551020408163265
2013-07-14T12:59:59.999000,0.2075471698113208
2013-07-14T13:59:59.999000,0.2035398230088496
2013-07-14T14:59:59.999000,0.1603053435114504
2013-07-14T15:59:59.999000,0.1550387596899225
2013-07-14T16:59:59.999000,0.1666666666666667
2013-07-14T17:59:59.999000,0.1607142857142857
2013-07-14T18:59:59.999000,0.1764705882352941
2013-07-14T19:59:59.999000,0.1020408163265306
2013-07-14T20:59:59.999000,0.1030927835051546
2013-07-14T21:59:59.999000,0.2023809523809524
2013-07-14T22:59:59.999000,0.1515151515151515
2013-07-14T23:59:59.999000,0.1487603305785124
2013-07-15T00:59:59.999000,0.1328671328671329
2013-07-15T01:59:59.999000,0.07881773399014778
2013-07-15T02:59:59.999000,0.08294930875576037
2013-07-15T03:59:59.999000,0.1629213483146068
2013-07-15T04:59:59.999000,0.178343949044586
2013-07-15T05:59:59.999000,0.1077844311377246
2013-07-15T06:59:59.999000,0.1818181818181818
2013-07-15T07:59:59.999000,0.171875
2013-07-15T08:59:59.999000,0.1962616822429906
2013-07-15T09:59:59.999000,0.07633587786259542
2013-07-15T10:59:59.999000,0.09090909090909091
2013-07-15T11:59:59.999000,0.1284403669724771
2013-07-15T12:59:59.999000,0.2210526315789474
2013-07-15T13:59:59.999000,0.2079207920792079
2013-07-15T14:59:59.999000,0.2075471698113208
2013-07-15T15:59:59.999000,0.2038834951456311
2013-07-15T16:59:59.999000,0.1785714285714286
2013-07-15T17:59:59.999000,0.1782178217821782
2013-07-15T18:59:59.999000,0.2278481012658228
2013-07-15T19:59:59.999000,0.1555555555555556
2013-07-15T20:59:59.999000,0.1181818181818182
2013-07-15T21:59:59.999000,0.1065573770491803
2013-07-15T22:59:59.999000,0.06211180124223602
2013-07-15T23:59:59.999000,0.08823529411764706
2013-07-16T00:59:59.999000,0.1233480176211454
2013-07-16T01:59:59.999000,0.1437125748502994
2013-07-16T02:59:59.999000,0.1122448979591837
2013-07-16T03:59:59.999000,0.1904761904761905
2013-07-16T04:59:59.999000,0.2015503875968992
2013-07-16T05:59:59.999000,0.1692307692307692
2013-07-16T06:59:59.999000,0.2068965517241379
2013-07-16T07:59:59.999000,0.1826086956521739
2013-07-16T08:59:59.999000,0.2019230769230769
2013-07-16T09:59:59.999000,0.24
2013-07-16T10:59:59.999000,0.2268041237113402
2013-07-16T11:59:59.999000,0.2526315789473684
2013-07-16T12:59:59.999000,0.2551020408163265
2013-07-16T13:59:59.999000,0.2222222222222222
2013-07-16T14:59:59.999000,0.1965811965811966
2013-07-16T15:59:59.999000,0.2100840336134454
2013-07-16T16:59:59.999000,0.1705426356589147
2013-07-16T17:59:59.999000,0.1769911504424779
2013-07-16T18:59:59.999000,0.1684210526315789
2013-07-16T19:59:59.999000,0.2159090909090909
2013-07-16T20:59:59.999000,0.1714285714285714
2013-07-16T21:59:59.999000,0.1743119266055046
2013-07-16T22:59:59.999000,0.2068965517241379
2013-07-16T23:59:59.999000,0.1643835616438356
2013-07-17T00:59:59.999000,0.05714285714285714
2013-07-17T01:59:59.999000,0.102880658436214
2013-07-17T02:59:59.999000,0.1174089068825911
2013-07-17T03:59:59.999000,0.1979166666666667
2013-07-17T04:59:59.999000,0.2011173184357542
2013-07-17T05:59:59.999000,0.1715976331360947
2013-07-17T06:59:59.999000,0.1666666666666667
2013-07-17T07:59:59.999000,0.1564625850340136
2013-07-17T08:59:59.999000,0.2125984251968504
2013-07-17T09:59:59.999000,0.225
2013-07-17T10:59:59.999000,0.2288135593220339
2013-07-17T11:59:59.999000,0.2454545454545455
2013-07-17T12:59:59.999000,0.2456140350877193
2013-07-17T13:59:59.999000,0.2393162393162393
2013-07-17T14:59:59.999000,0.2105263157894737
2013-07-17T15:59:59.999000,0.1857142857142857
2013-07-17T16:59:59.999000,0.2061068702290076
2013-07-17T17:59:59.999000,0.1735537190082645
2013-07-17T18:59:59.999000,0.1935483870967742
2013-07-17T19:59:59.999000,0.1645569620253164
2013-07-17T20:59:59.999000,0.1354166666666667
2013-07-17T21:59:59.999000,0.1313131313131313
2013-07-17T22:59:59.999000,0.1619047619047619
2013-07-17T23:59:59.999000,0.1231884057971015
2013-07-18T00:59:59.999000,0.02985074626865672
2013-07-18T01:59:59.999000,0.0794979079497908
2013-07-18T02:59:59.999000,0.09876543209876543
2013-07-18T03:59:59.999000,0.1494845360824742
2013-07-18T04:59:59.999000,0.1452513966480447
2013-07-18T05:59:59.999000,0.1228070175438596
2013-07-18T06:59:59.999000,0.108974358974359
2013-07-18T07:59:59.999000,0.12
2013-07-18T08:59:59.999000,0.16
2013-07-18T09:59:59.999000,0.1842105263157895
2013-07-18T10:59:59.999000,0.1743119266055046
2013-07-18T11:59:59.999000,0.2121212121212121
2013-07-18T12:59:59.999000,0.1941747572815534
2013-07-18T13:59:59.999000,0.1869158878504673
2013-07-18T14:59:59.999000,0.1639344262295082
2013-07-18T15:59:59.999000,0.1587301587301587
2013-07-18T16:59:59.999000,0.1779661016949153
2013-07-18T17:59:59.999000,0.1454545454545454
2013-07-18T18:59:59.999000,0.1647058823529412
2013-07-18T19:59:59.999000,0.1095890410958904
2013-07-18T20:59:59.999000,0.0898876404494382
2013-07-18T21:59:59.999000,0.08602150537634409
2013-07-18T22:59:59.999000,0.1122448979591837
2013-07-18T23:59:59.999000,0.07751937984496124
2013-07-19T00:59:59.999000,0.005181347150259068
2013-07-19T01:59:59.999000,0.03982300884955752
2013-07-19T02:59:59.999000,0.06086956521739131
2013-07-19T03:59:59.999000,0.1
2013-07-19T04:59:59.999000,0.09580838323353294
2013-07-19T05:59:59.999000,0.08074534161490683
2013-07-19T06:59:59.999000,0.06164383561643835
2013-07-19T07:59:59.999000,0.08450704225352113
2013-07-19T08:59:59.999000,0.1111111111111111
2013-07-19T09:59:59.999000,0.1320754716981132
2013-07-19T10:59:59.999000,0.12
2013-07-19T11:59:59.999000,0.1538461538461539
2013-07-19T12:59:59.999000,0.1382978723404255
2013-07-19T13:59:59.999000,0.14
2013-07-19T14:59:59.999000,0.1150442477876106
2013-07-19T15:59:59.999000,0.1111111111111111
2013-07-19T16:59:59.999000,0.1272727272727273
2013-07-19T17:59:59.999000,0.0970873786407767
2013-07-19T18:59:59.999000,0.1153846153846154
2013-07-19T19:59:59.999000,0.1095890410958904
2013-07-19T20:59:59.999000,0.08888888888888889
2013-07-19T21:59:59.999000,0.0851063829787234
2013-07-19T22:59:59.999000,0.1212121212121212
2013-07-19T23:59:59.999000,0.07692307692307693
2013-07-20T00:59:59.999000,0.005128205128205128
2013-07-20T01:59:59.999000,0.04366812227074236
2013-07-20T02:59:59.999000,0.06437768240343347
2013-07-20T03:59:59.999000,0.1038251366120219
2013-07-20T04:59:59.999000,0.09523809523809523
2013-07-20T05:59:59.999000,0.08024691358024691
2013-07-20T06:59:59.999000,0.06711409395973154
2013-07-20T07:59:59.999000,0.08391608391608392
2013-07-20T08:59:59.999000,0.1176470588235294
2013-07-20T09:59:59.999000,0.1388888888888889
2013-07-20T10:59:59.999000,0.1188118811881188
2013-07-20T11:59:59.999000,0.1538461538461539
2013-07-20T12:59:59.999000,0.1458333333333333
2013-07-20T13:59:59.999000,0.1386138613861386
2013-07-20T14:59:59.999000,0.1140350877192982
2013-07-20T15:59:59.999000,0.1101694915254237
2013-07-20T16:59:59.999000,0.1272727272727273
2013-07-20T17:59:59.999000,0.1047619047619048
2013-07-20T18:59:59.999000,0.125
2013-07-20T19:59:59.999000,0.1111111111111111
2013-07-20T20:59:59.999000,0.1075268817204301
2013-07-20T21:59:59.999000,0.1052631578947368
2013-07-20T22:59:59.999000,0.1414141414141414
2013-07-20T23:59:59.999000,0.12
2013-07-21T00:59:59.999000,0.02173913043478261
2013-07-21T01:59:59.999000,0.07441860465116279
2013-07-21T02:59:59.999000,0.09012875536480687
2013-07-21T03:59:59.999000,0.1302083333333333
2013-07-21T04:59:59.999000,0.1193181818181818
2013-07-21T05:59:59.999000,0.1165644171779141
2013-07-21T06:59:59.999000,0.0958904109589041
2013-07-21T07:59:59.999000,0.1126760563380282
2013-07-21T08:59:59.999000,0.1290322580645161
2013-07-21T09:59:59.999000,0.1682242990654206
2013-07-21T10:59:59.999000,0.1650485436893204
2013-07-21T11:59:59.999000,0.1978021978021978
2013-07-21T12:59:59.999000,0.16
2013-07-21T13:59:59.999000,0.1588785046728972
2013-07-21T14:59:59.999000,0.12
2013-07-21T15:59:59.999000,0.1209677419354839
2013-07-21T16:59:59.999000,0.1333333333333333
2013-07-21T17:59:59.999000,0.1214953271028037
2013-07-21T18:59:59.999000,0.1358024691358025
2013-07-21T19:59:59.999000,0.1287128712871287
2013-07-21T20:59:59.999000,0.12
2013-07-21T21:59:59.999000,0.2298850574712644
2013-07-21T22:59:59.999000,0.1683168316831683
2013-07-21T23:59:59.999000,0.1693548387096774
2013-07-22T00:59:59.999000,0.1506849315068493
2013-07-22T01:59:59.999000,0.09223300970873786
2013-07-22T02:59:59.999000,0.09545454545454546
2013-07-22T03:59:59.999000,0.1813186813186813
2013-07-22T04:59:59.999000,0.19375
2013-07-22T05:59:59.999000,0.1235294117647059
2013-07-22T06:59:59.999000,0.2
2013-07-22T07:59:59.999000,0.1908396946564886
2013-07-22T08:59:59.999000,0.2110091743119266
2013-07-22T09:59:59.999000,0.08955223880597014
2013-07-22T10:59:59.999000,0.1056910569105691
2013-07-22T11:59:59.999000,0.1441441441441441
2013-07-22T12:59:59.999000,0.2371134020618557
2013-07-22T13:59:59.999000,0.2307692307692308
2013-07-22T14:59:59.999000,0.2293577981651376
2013-07-22T15:59:59.999000,0.2264150943396226
2013-07-22T16:59:59.999000,0.2
2013-07-22T17:59:59.999000,0.1941747572815534
2013-07-22T18:59:59.999000,0.2469135802469136
2013-07-22T19:59:59.999000,0.1827956989247312
2013-07-22T20:59:59.999000,0.1415929203539823
2013-07-22T21:59:59.999000,0.1209677419354839
2013-07-22T22:59:59.999000,0.07926829268292683
2013-07-22T23:59:59.999000,0.1057692307692308
2013-07-23T00:59:59.999000,0.1459227467811159
2013-07-23T01:59:59.999000,0.1637426900584795
2013-07-23T02:59:59.999000,0.13
2013-07-23T03:59:59.999000,0.2171052631578947
2013-07-23T04:59:59.999000,0.2255639097744361
2013-07-23T05:59:59.999000,0.1940298507462687
2013-07-23T06:59:59.999000,0.231404958677686
2013-07-23T07:59:59.999000,0.2100840336134454
2013-07-23T08:59:59.999000,0.2314814814814815
2013-07-23T09:59:59.999000,0.2621359223300971
2013-07-23T10:59:59.999000,0.2574257425742574
2013-07-23T11:59:59.999000,0.29
2013-07-23T12:59:59.999000,0.2843137254901961
2013-07-23T13:59:59.999000,0.25
2013-07-23T14:59:59.999000,0.2231404958677686
2013-07-23T15:59:59.999000,0.2357723577235772
2013-07-23T16:59:59.999000,0.1893939393939394
2013-07-23T17:59:59.999000,0.1982758620689655
2013-07-23T18:59:59.999000,0.1938775510204082
2013-07-23T19:59:59.999000,0.1585365853658537
2013-07-23T20:59:59.999000,0.1212121212121212
2013-07-23T21:59:59.999000,0.1089108910891089
2013-07-23T22:59:59.999000,0.1401869158878505
2013-07-23T23:59:59.999000,0.1094890510948905
2013-07-24T00:59:59.999000,0.0198019801980198
2013-07-24T01:59:59.999000,0.06837606837606838
2013-07-24T02:59:59.999000,0.08403361344537816
2013-07-24T03:59:59.999000,0.1396648044692737
2013-07-24T04:59:59.999000,0.1393939393939394
2013-07-24T05:59:59.999000,0.120253164556962
2013-07-24T06:59:59.999000,0.1095890410958904
2013-07-24T07:59:59.999000,0.1151079136690648
2013-07-24T08:59:59.999000,0.1538461538461539
2013-07-24T09:59:59.999000,0.1696428571428572
2013-07-24T10:59:59.999000,0.1495327102803738
2013-07-24T11:59:59.999000,0.1717171717171717
2013-07-24T12:59:59.999000,0.1730769230769231
2013-07-24T13:59:59.999000,0.1759259259259259
2013-07-24T14:59:59.999000,0.1463414634146341
2013-07-24T15:59:59.999000,0.1307692307692308
2013-07-24T16:59:59.999000,0.1487603305785124
2013-07-24T17:59:59.999000,0.1228070175438596
2013-07-24T18:59:59.999000,0.1477272727272727
2013-07-24T19:59:59.999000,0.08450704225352113
2013-07-24T20:59:59.999000,0.05747126436781609
2013-07-24T21:59:59.999000,0.05555555555555555
2013-07-24T22:59:59.999000,0.08421052631578947
2013-07-24T23:59:59.999000,0.048
2013-07-25T00:59:59.999000,0.01530612244897959
2013-07-25T01:59:59.999000,0.01357466063348416
2013-07-25T02:59:59.999000,0.03139013452914798
2013-07-25T03:59:59.999000,0.06857142857142857
2013-07-25T04:59:59.999000,0.06211180124223602
2013-07-25T05:59:59.999000,0.05128205128205128
2013-07-25T06:59:59.999000,0.03496503496503497
2013-07-25T07:59:59.999000,0.05109489051094891
2013-07-25T08:59:59.999000,0.07964601769911504
2013-07-25T09:59:59.999000,0.1067961165048544
2013-07-25T10:59:59.999000,0.09183673469387756
2013-07-25T11:59:59.999000,0.125
2013-07-25T12:59:59.999000,0.108695652173913
2013-07-25T13:59:59.999000,0.1041666666666667
2013-07-25T14:59:59.999000,0.08256880733944955
2013-07-25T15:59:59.999000,0.07964601769911504
2013-07-25T16:59:59.999000,0.09433962264150944
2013-07-25T17:59:59.999000,0.07
2013-07-25T18:59:59.999000,0.09090909090909091
2013-07-25T19:59:59.999000,0.04477611940298507
2013-07-25T20:59:59.999000,0.03614457831325301
2013-07-25T21:59:59.999000,0.02352941176470588
2013-07-25T22:59:59.999000,0.03409090909090909
2013-07-25T23:59:59.999000,0.01680672268907563
2013-07-26T00:59:59.999000,0.01047120418848168
2013-07-26T01:59:59.999000,0.009259259259259259
2013-07-26T02:59:59.999000,0.01395348837209302
2013-07-26T03:59:59.999000,0.0303030303030303
2013-07-26T04:59:59.999000,0.02631578947368421
2013-07-26T05:59:59.999000,0.02666666666666667
2013-07-26T06:59:59.999000,0.02173913043478261
2013-07-26T07:59:59.999000,0.0303030303030303
2013-07-26T08:59:59.999000,0.03773584905660377
2013-07-26T09:59:59.999000,0.05208333333333334
2013-07-26T10:59:59.999000,0.05434782608695652
2013-07-26T11:59:59.999000,0.0625
2013-07-26T12:59:59.999000,0.05882352941176471
2013-07-26T13:59:59.999000,0.04545454545454546
2013-07-26T14:59:59.999000,0.04854368932038835
2013-07-26T15:59:59.999000,0.04629629629629629
2013-07-26T16:59:59.999000,0.0505050505050505
2013-07-26T17:59:59.999000,0.04210526315789474
2013-07-26T18:59:59.999000,0.05555555555555555
2013-07-26T19:59:59.999000,0.0303030303030303
2013-07-26T20:59:59.999000,0.02439024390243903
2013-07-26T21:59:59.999000,0.01176470588235294
2013-07-26T22:59:59.999000,0.02272727272727273
2013-07-26T23:59:59.999000,0.008403361344537815
2013-07-27T00:59:59.999000,0.005235602094240838
2013-07-27T01:59:59.999000,0.004651162790697674
2013-07-27T02:59:59.999000,0.009302325581395349
2013-07-27T03:59:59.999000,0.01234567901234568
2013-07-27T04:59:59.999000,0.01973684210526316
2013-07-27T05:59:59.999000,0.02013422818791946
2013-07-27T06:59:59.999000,0.01449275362318841
2013-07-27T07:59:59.999000,0.01538461538461539
2013-07-27T08:59:59.999000,0.02830188679245283
2013-07-27T09:59:59.999000,0.04210526315789474
2013-07-27T10:59:59.999000,0.03333333333333333
2013-07-27T11:59:59.999000,0.05063291139240506
2013-07-27T12:59:59.999000,0.03614457831325301
2013-07-27T13:59:59.999000,0.03409090909090909
2013-07-27T14:59:59.999000,0.02941176470588235
2013-07-27T15:59:59.999000,0.03738317757009346
2013-07-27T16:59:59.999000,0.03092783505154639
2013-07-27T17:59:59.999000,0.03157894736842105
2013-07-27T18:59:59.999000,0.04166666666666666
2013-07-27T19:59:59.999000,0.01408450704225352
2013-07-27T20:59:59.999000,0.01234567901234568
2013-07-27T21:59:59.999000,0.0119047619047619
2013-07-27T22:59:59.999000,0.01204819277108434
2013-07-27T23:59:59.999000,0.009259259259259259
2013-07-28T00:59:59.999000,0.005681818181818182
2013-07-28T01:59:59.999000,0.005154639175257732
2013-07-28T02:59:59.999000,0.004854368932038835
2013-07-28T03:59:59.999000,0.006134969325153374
2013-07-28T04:59:59.999000,0.006622516556291391
2013-07-28T05:59:59.999000,0.01408450704225352
2013-07-28T06:59:59.999000,0.01538461538461539
2013-07-28T07:59:59.999000,0.008130081300813009
2013-07-28T08:59:59.999000,0.01869158878504673
2013-07-28T09:59:59.999000,0.03370786516853932
2013-07-28T10:59:59.999000,0.03488372093023256
2013-07-28T11:59:59.999000,0.04054054054054054
2013-07-28T12:59:59.999000,0.02409638554216868
2013-07-28T13:59:59.999000,0.02247191011235955
2013-07-28T14:59:59.999000,0.01851851851851852
2013-07-28T15:59:59.999000,0.01851851851851852
2013-07-28T16:59:59.999000,0.01941747572815534
2013-07-28T17:59:59.999000,0.02150537634408602
2013-07-28T18:59:59.999000,0.02857142857142857
2013-07-28T19:59:59.999000,0.04444444444444445
2013-07-28T20:59:59.999000,0.0449438202247191
2013-07-28T21:59:59.999000,0.05797101449275362
2013-07-28T22:59:59.999000,0.01204819277108434
2013-07-28T23:59:59.999000,0.00980392156862745
2013-07-29T00:59:59.999000,0.00819672131147541
2013-07-29T01:59:59.999000,0.00546448087431694
2013-07-29T02:59:59.999000,0.005128205128205128
2013-07-29T03:59:59.999000,0.04605263157894737
2013-07-29T04:59:59.999000,0.04545454545454546
2013-07-29T05:59:59.999000,0.00684931506849315
2013-07-29T06:59:59.999000,0.01869158878504673
2013-07-29T07:59:59.999000,0.03738317757009346
2013-07-29T08:59:59.999000,0.07692307692307693
2013-07-29T09:59:59.999000,0.01666666666666667
2013-07-29T10:59:59.999000,0.01834862385321101
2013-07-29T11:59:59.999000,0.02127659574468085
2013-07-29T12:59:59.999000,0.07692307692307693
2013-07-29T13:59:59.999000,0.03703703703703703
2013-07-29T14:59:59.999000,0.06818181818181818
2013-07-29T15:59:59.999000,0.06976744186046512
2013-07-29T16:59:59.999000,0.0425531914893617
2013-07-29T17:59:59.999000,0.03571428571428571
2013-07-29T18:59:59.999000,0.0625
2013-07-29T19:59:59.999000,0.03896103896103896
2013-07-29T20:59:59.999000,0.01041666666666667
2013-07-29T21:59:59.999000,0.02727272727272727
2013-07-29T22:59:59.999000,0.03246753246753246
2013-07-29T23:59:59.999000,0.02659574468085106
2013-07-30T00:59:59.999000,0.025
2013-07-30T01:59:59.999000,0.0472972972972973
2013-07-30T02:59:59.999000,0.02285714285714286
2013-07-30T03:59:59.999000,0.0564516129032258
2013-07-30T04:59:59.999000,0.08181818181818182
2013-07-30T05:59:59.999000,0.05357142857142857
2013-07-30T06:59:59.999000,0.07142857142857142
2013-07-30T07:59:59.999000,0.06122448979591837
2013-07-30T08:59:59.999000,0.07954545454545454
2013-07-30T09:59:59.999000,0.0963855421686747
2013-07-30T10:59:59.999000,0.0975609756097561
2013-07-30T11:59:59.999000,0.1038961038961039
2013-07-30T12:59:59.999000,0.1219512195121951
2013-07-30T13:59:59.999000,0.07777777777777778
2013-07-30T14:59:59.999000,0.05102040816326531
2013-07-30T15:59:59.999000,0.08823529411764706
2013-07-30T16:59:59.999000,0.07079646017699115
2013-07-30T17:59:59.999000,0.06122448979591837
2013-07-30T18:59:59.999000,0.06024096385542169
2013-07-30T19:59:59.999000,0.1153846153846154
2013-07-30T20:59:59.999000,0.0851063829787234
2013-07-30T21:59:59.999000,0.07291666666666667
2013-07-30T22:59:59.999000,0.09900990099009901
2013-07-30T23:59:59.999000,0.07633587786259542
2013-07-31T00:59:59.999000,0.005050505050505051
2013-07-31T01:59:59.999000,0.03982300884955752
2013-07-31T02:59:59.999000,0.05652173913043478
2013-07-31T03:59:59.999000,0.1052631578947368
2013-07-31T04:59:59.999000,0.1019108280254777
2013-07-31T05:59:59.999000,0.08609271523178808
2013-07-31T06:59:59.999000,0.07194244604316546
2013-07-31T07:59:59.999000,0.08208955223880597
2013-07-31T08:59:59.999000,0.1160714285714286
2013-07-31T09:59:59.999000,0.1320754716981132
2013-07-31T10:59:59.999000,0.107843137254902
2013-07-31T11:59:59.999000,0.1276595744680851
2013-07-31T12:59:59.999000,0.1326530612244898
2013-07-31T13:59:59.999000,0.1372549019607843
2013-07-31T14:59:59.999000,0.103448275862069
2013-07-31T15:59:59.999000,0.096
2013-07-31T16:59:59.999000,0.1120689655172414
2013-07-31T17:59:59.999000,0.09090909090909091
2013-07-31T18:59:59.999000,0.1176470588235294
2013-07-31T19:59:59.999000,0.1216216216216216
2013-07-31T20:59:59.999000,0.0989010989010989
2013-07-31T21:59:59.999000,0.09473684210526316
2013-07-31T22:59:59.999000,0.12
2013-07-31T23:59:59.999000,0.08396946564885496
2013-08-01T00:59:59.999000,0.01020408163265306
2013-08-01T01:59:59.999000,0.04782608695652174
2013-08-01T02:59:59.999000,0.06837606837606838
2013-08-01T03:59:59.999000,0.108695652173913
2013-08-01T04:59:59.999000,0.1058823529411765
2013-08-01T05:59:59.999000,0.08588957055214724
2013-08-01T06:59:59.999000,0.07333333333333333
2013-08-01T07:59:59.999000,0.09027777777777778
2013-08-01T08:59:59.999000,0.125
2013-08-01T09:59:59.999000,0.1467889908256881
2013-08-01T10:59:59.999000,0.1274509803921569
2013-08-01T11:59:59.999000,0.1630434782608696
2013-08-01T12:59:59.999000,0.154639175257732
2013-08-01T13:59:59.999000,0.1470588235294118
2013-08-01T14:59:59.999000,0.1217391304347826
2013-08-01T15:59:59.999000,0.1176470588235294
2013-08-01T16:59:59.999000,0.1339285714285714
2013-08-01T17:59:59.999000,0.1047619047619048
2013-08-01T18:59:59.999000,0.125
2013-08-01T19:59:59.999000,0.07246376811594203
2013-08-01T20:59:59.999000,0.05813953488372093
2013-08-01T21:59:59.999000,0.04545454545454546
2013-08-01T22:59:59.999000,0.07526881720430108
2013-08-01T23:59:59.999000,0.04065040650406504
2013-08-02T00:59:59.999000,0.0154639175257732
2013-08-02T01:59:59.999000,0.01376146788990826
2013-08-02T02:59:59.999000,0.03167420814479638
2013-08-02T03:59:59.999000,0.06395348837209303
2013-08-02T04:59:59.999000,0.0625
2013-08-02T05:59:59.999000,0.04545454545454546
2013-08-02T06:59:59.999000,0.03546099290780142
2013-08-02T07:59:59.999000,0.05147058823529412
2013-08-02T08:59:59.999000,0.08035714285714286
2013-08-02T09:59:59.999000,0.09900990099009901
2013-08-02T10:59:59.999000,0.08333333333333333
2013-08-02T11:59:59.999000,0.1162790697674419
2013-08-02T12:59:59.999000,0.1
2013-08-02T13:59:59.999000,0.09574468085106383
2013-08-02T14:59:59.999000,0.07476635514018691
2013-08-02T15:59:59.999000,0.07142857142857142
2013-08-02T16:59:59.999000,0.08653846153846154
2013-08-02T17:59:59.999000,0.06122448979591837
2013-08-02T18:59:59.999000,0.08
2013-08-02T19:59:59.999000,0.04411764705882353
2013-08-02T20:59:59.999000,0.03571428571428571
2013-08-02T21:59:59.999000,0.03448275862068965
2013-08-02T22:59:59.999000,0.05494505494505494
2013-08-02T23:59:59.999000,0.02459016393442623
2013-08-03T00:59:59.999000,0.01036269430051814
2013-08-03T01:59:59.999000,0.009174311926605505
2013-08-03T02:59:59.999000,0.0182648401826484
2013-08-03T03:59:59.999000,0.04142011834319527
2013-08-03T04:59:59.999000,0.03846153846153846
2013-08-03T05:59:59.999000,0.03289473684210526
2013-08-03T06:59:59.999000,0.02142857142857143
2013-08-03T07:59:59.999000,0.02985074626865672
2013-08-03T08:59:59.999000,0.05504587155963303
2013-08-03T09:59:59.999000,0.0707070707070707
2013-08-03T10:59:59.999000,0.06382978723404255
2013-08-03T11:59:59.999000,0.08433734939759036
2013-08-03T12:59:59.999000,0.06896551724137931
2013-08-03T13:59:59.999000,0.06593406593406594
2013-08-03T14:59:59.999000,0.05660377358490566
2013-08-03T15:59:59.999000,0.05454545454545454
2013-08-03T16:59:59.999000,0.0594059405940594
2013-08-03T17:59:59.999000,0.05154639175257732
2013-08-03T18:59:59.999000,0.0547945205479452
2013-08-03T19:59:59.999000,0.0273972602739726
2013-08-03T20:59:59.999000,0.03529411764705882
2013-08-03T21:59:59.999000,0.02325581395348837
2013-08-03T22:59:59.999000,0.05681818181818182
2013-08-03T23:59:59.999000,0.04424778761061947
2013-08-04T00:59:59.999000,0.005617977528089887
2013-08-04T01:59:59.999000,0.01515151515151515
2013-08-04T02:59:59.999000,0.02803738317757009
2013-08-04T03:59:59.999000,0.04651162790697674
2013-08-04T04:59:59.999000,0.0440251572327044
2013-08-04T05:59:59.999000,0.04697986577181208
2013-08-04T06:59:59.999000,0.02985074626865672
2013-08-04T07:59:59.999000,0.03875968992248062
2013-08-04T08:59:59.999000,0.05357142857142857
2013-08-04T09:59:59.999000,0.07368421052631578
2013-08-04T10:59:59.999000,0.07692307692307693
2013-08-04T11:59:59.999000,0.1
2013-08-04T12:59:59.999000,0.06818181818181818
2013-08-04T13:59:59.999000,0.07368421052631578
2013-08-04T14:59:59.999000,0.04424778761061947
2013-08-04T15:59:59.999000,0.05309734513274336
2013-08-04T16:59:59.999000,0.05504587155963303
2013-08-04T17:59:59.999000,0.05154639175257732
2013-08-04T18:59:59.999000,0.06756756756756757
2013-08-04T19:59:59.999000,0.01149425287356322
2013-08-04T20:59:59.999000,0.01149425287356322
2013-08-04T21:59:59.999000,0.07042253521126761
2013-08-04T22:59:59.999000,0.03529411764705882
2013-08-04T23:59:59.999000,0.03773584905660377
2013-08-05T00:59:59.999000,0.024
2013-08-05T01:59:59.999000,0.005405405405405406
2013-08-05T02:59:59.999000,0.005076142131979695
2013-08-05T03:59:59.999000,0.0641025641025641
2013-08-05T04:59:59.999000,0.072992700729927
2013-08-05T05:59:59.999000,0.02013422818791946
2013-08-05T06:59:59.999000,0.06194690265486726
2013-08-05T07:59:59.999000,0.06306306306306306
2013-08-05T08:59:59.999000,0.0967741935483871
2013-08-05T09:59:59.999000,0.008333333333333333
2013-08-05T10:59:59.999000,0.009174311926605505
2013-08-05T11:59:59.999000,0.04123711340206185
2013-08-05T12:59:59.999000,0.1097560975609756
2013-08-05T13:59:59.999000,0.07058823529411765
2013-08-05T14:59:59.999000,0.08791208791208792
2013-08-05T15:59:59.999000,0.0898876404494382
2013-08-05T16:59:59.999000,0.06185567010309279
2013-08-05T17:59:59.999000,0.06818181818181818
2013-08-05T18:59:59.999000,0.09090909090909091
2013-08-05T19:59:59.999000,0.03896103896103896
2013-08-05T20:59:59.999000,0.01041666666666667
2013-08-05T21:59:59.999000,0.01834862385321101
2013-08-05T22:59:59.999000,0.0261437908496732
2013-08-05T23:59:59.999000,0.02150537634408602
2013-08-06T00:59:59.999000,0.02010050251256281
2013-08-06T01:59:59.999000,0.0410958904109589
2013-08-06T02:59:59.999000,0.02285714285714286
2013-08-06T03:59:59.999000,0.05691056910569105
2013-08-06T04:59:59.999000,0.07339449541284404
2013-08-06T05:59:59.999000,0.05357142857142857
2013-08-06T06:59:59.999000,0.06185567010309279
2013-08-06T07:59:59.999000,0.06122448979591837
2013-08-06T08:59:59.999000,0.07954545454545454
2013-08-06T09:59:59.999000,0.0963855421686747
2013-08-06T10:59:59.999000,0.08641975308641975
2013-08-06T11:59:59.999000,0.1038961038961039
2013-08-06T12:59:59.999000,0.1219512195121951
2013-08-06T13:59:59.999000,0.07865168539325842
2013-08-06T14:59:59.999000,0.05102040816326531
2013-08-06T15:59:59.999000,0.08
2013-08-06T16:59:59.999000,0.0625
2013-08-06T17:59:59.999000,0.06122448979591837
2013-08-06T18:59:59.999000,0.06024096385542169
2013-08-06T19:59:59.999000,0.09333333333333334
2013-08-06T20:59:59.999000,0.05494505494505494
2013-08-06T21:59:59.999000,0.04301075268817205
2013-08-06T22:59:59.999000,0.07142857142857142
2013-08-06T23:59:59.999000,0.04724409448818898
2013-08-07T00:59:59.999000,0.02
2013-08-07T01:59:59.999000,0.0182648401826484
2013-08-07T02:59:59.999000,0.03587443946188341
2013-08-07T03:59:59.999000,0.07878787878787878
2013-08-07T04:59:59.999000,0.07236842105263158
2013-08-07T05:59:59.999000,0.0547945205479452
2013-08-07T06:59:59.999000,0.04444444444444445
2013-08-07T07:59:59.999000,0.06153846153846154
2013-08-07T08:59:59.999000,0.09259259259259259
2013-08-07T09:59:59.999000,0.1067961165048544
2013-08-07T10:59:59.999000,0.08163265306122448
2013-08-07T11:59:59.999000,0.1
2013-08-07T12:59:59.999000,0.1052631578947368
2013-08-07T13:59:59.999000,0.1020408163265306
2013-08-07T14:59:59.999000,0.07964601769911504
2013-08-07T15:59:59.999000,0.0743801652892562
2013-08-07T16:59:59.999000,0.08928571428571429
2013-08-07T17:59:59.999000,0.05714285714285714
2013-08-07T18:59:59.999000,0.08641975308641975
2013-08-07T19:59:59.999000,0.09722222222222222
2013-08-07T20:59:59.999000,0.07865168539325842
2013-08-07T21:59:59.999000,0.07608695652173914
2013-08-07T22:59:59.999000,0.1030927835051546
2013-08-07T23:59:59.999000,0.06976744186046512
2013-08-08T00:59:59.999000,0.0396039603960396
2013-08-08T01:59:59.999000,0.03524229074889868
2013-08-08T02:59:59.999000,0.05240174672489083
2013-08-08T03:59:59.999000,0.09392265193370165
2013-08-08T04:59:59.999000,0.08433734939759036
2013-08-08T05:59:59.999000,0.06875
2013-08-08T06:59:59.999000,0.0547945205479452
2013-08-08T07:59:59.999000,0.07092198581560284
2013-08-08T08:59:59.999000,0.1025641025641026
2013-08-08T09:59:59.999000,0.1226415094339623
2013-08-08T10:59:59.999000,0.11
2013-08-08T11:59:59.999000,0.1444444444444444
2013-08-08T12:59:59.999000,0.1276595744680851
2013-08-08T13:59:59.999000,0.1224489795918367
2013-08-08T14:59:59.999000,0.09821428571428571
2013-08-08T15:59:59.999000,0.1025641025641026
2013-08-08T16:59:59.999000,0.1192660550458716
2013-08-08T17:59:59.999000,0.08737864077669903
2013-08-08T18:59:59.999000,0.1139240506329114
2013-08-08T19:59:59.999000,0.1095890410958904
2013-08-08T20:59:59.999000,0.0898876404494382
2013-08-08T21:59:59.999000,0.08602150537634409
2013-08-08T22:59:59.999000,0.1122448979591837
2013-08-08T23:59:59.999000,0.07751937984496124
2013-08-09T00:59:59.999000,0.005181347150259068
2013-08-09T01:59:59.999000,0.04405286343612335
2013-08-09T02:59:59.999000,0.06086956521739131
2013-08-09T03:59:59.999000,0.1049723756906077
2013-08-09T04:59:59.999000,0.09580838323353294
2013-08-09T05:59:59.999000,0.08074534161490683
2013-08-09T06:59:59.999000,0.06802721088435375
2013-08-09T07:59:59.999000,0.08450704225352113
2013-08-09T08:59:59.999000,0.1186440677966102
2013-08-09T09:59:59.999000,0.1320754716981132
2013-08-09T10:59:59.999000,0.12
2013-08-09T11:59:59.999000,0.1538461538461539
2013-08-09T12:59:59.999000,0.1473684210526316
2013-08-09T13:59:59.999000,0.14
2013-08-09T14:59:59.999000,0.1150442477876106
2013-08-09T15:59:59.999000,0.1111111111111111
2013-08-09T16:59:59.999000,0.1272727272727273
2013-08-09T17:59:59.999000,0.1057692307692308
2013-08-09T18:59:59.999000,0.1265822784810127
2013-08-09T19:59:59.999000,0.1095890410958904
2013-08-09T20:59:59.999000,0.0989010989010989
2013-08-09T21:59:59.999000,0.0851063829787234
2013-08-09T22:59:59.999000,0.1212121212121212
2013-08-09T23:59:59.999000,0.08396946564885496
2013-08-10T00:59:59.999000,0.005128205128205128
2013-08-10T01:59:59.999000,0.04782608695652174
2013-08-10T02:59:59.999000,0.06437768240343347
2013-08-10T03:59:59.999000,0.1038251366120219
2013-08-10T04:59:59.999000,0.1005917159763314
2013-08-10T05:59:59.999000,0.08588957055214724
2013-08-10T06:59:59.999000,0.06711409395973154
2013-08-10T07:59:59.999000,0.08391608391608392
2013-08-10T08:59:59.999000,0.1176470588235294
2013-08-10T09:59:59.999000,0.1388888888888889
2013-08-10T10:59:59.999000,0.1274509803921569
2013-08-10T11:59:59.999000,0.1538461538461539
2013-08-10T12:59:59.999000,0.1458333333333333
2013-08-10T13:59:59.999000,0.1386138613861386
2013-08-10T14:59:59.999000,0.1140350877192982
2013-08-10T15:59:59.999000,0.1176470588235294
2013-08-10T16:59:59.999000,0.1351351351351351
2013-08-10T17:59:59.999000,0.1047619047619048
2013-08-10T18:59:59.999000,0.125
2013-08-10T19:59:59.999000,0.1
2013-08-10T20:59:59.999000,0.09782608695652174
2013-08-10T21:59:59.999000,0.08602150537634409
2013-08-10T22:59:59.999000,0.125
2013-08-10T23:59:59.999000,0.1056910569105691
2013-08-11T00:59:59.999000,0.01639344262295082
2013-08-11T01:59:59.999000,0.0660377358490566
2013-08-11T02:59:59.999000,0.08260869565217391
2013-08-11T03:59:59.999000,0.1210526315789474
2013-08-11T04:59:59.999000,0.1098265895953757
2013-08-11T05:59:59.999000,0.1055900621118012
2013-08-11T06:59:59.999000,0.0896551724137931
2013-08-11T07:59:59.999000,0.1
2013-08-11T08:59:59.999000,0.1219512195121951
2013-08-11T09:59:59.999000,0.1523809523809524
2013-08-11T10:59:59.999000,0.15
2013-08-11T11:59:59.999000,0.1797752808988764
2013-08-11T12:59:59.999000,0.1515151515151515
2013-08-11T13:59:59.999000,0.1509433962264151
2013-08-11T14:59:59.999000,0.1138211382113821
2013-08-11T15:59:59.999000,0.1138211382113821
2013-08-11T16:59:59.999000,0.1260504201680672
2013-08-11T17:59:59.999000,0.1132075471698113
2013-08-11T18:59:59.999000,0.125
2013-08-11T19:59:59.999000,0.06382978723404255
2013-08-11T20:59:59.999000,0.06451612903225806
2013-08-11T21:59:59.999000,0.1518987341772152
2013-08-11T22:59:59.999000,0.1157894736842105
2013-08-11T23:59:59.999000,0.1120689655172414
2013-08-12T00:59:59.999000,0.1014492753623188
2013-08-12T01:59:59.999000,0.06030150753768844
2013-08-12T02:59:59.999000,0.06161137440758294
2013-08-12T03:59:59.999000,0.1345029239766082
2013-08-12T04:59:59.999000,0.152317880794702
2013-08-12T05:59:59.999000,0.08641975308641975
2013-08-12T06:59:59.999000,0.1496062992125984
2013-08-12T07:59:59.999000,0.1451612903225807
2013-08-12T08:59:59.999000,0.1730769230769231
2013-08-12T09:59:59.999000,0.0546875
2013-08-12T10:59:59.999000,0.06779661016949153
2013-08-12T11:59:59.999000,0.1037735849056604
2013-08-12T12:59:59.999000,0.1868131868131868
2013-08-12T13:59:59.999000,0.1666666666666667
2013-08-12T14:59:59.999000,0.1683168316831683
2013-08-12T15:59:59.999000,0.163265306122449
2013-08-12T16:59:59.999000,0.1401869158878505
2013-08-12T17:59:59.999000,0.1354166666666667
2013-08-12T18:59:59.999000,0.1866666666666667
2013-08-12T19:59:59.999000,0.0963855421686747
2013-08-12T20:59:59.999000,0.05882352941176471
2013-08-12T21:59:59.999000,0.06837606837606838
2013-08-12T22:59:59.999000,0.0196078431372549
2013-08-12T23:59:59.999000,0.04145077720207254
2013-08-13T00:59:59.999000,0.07906976744186046
2013-08-13T01:59:59.999000,0.1012658227848101
2013-08-13T02:59:59.999000,0.06989247311827956
2013-08-13T03:59:59.999000,0.1194029850746269
2013-08-13T04:59:59.999000,0.1428571428571428
2013-08-13T05:59:59.999000,0.115702479338843
2013-08-13T06:59:59.999000,0.1320754716981132
2013-08-13T07:59:59.999000,0.1142857142857143
2013-08-13T08:59:59.999000,0.1458333333333333
2013-08-13T09:59:59.999000,0.1648351648351648
2013-08-13T10:59:59.999000,0.1573033707865168
2013-08-13T11:59:59.999000,0.1764705882352941
2013-08-13T12:59:59.999000,0.1888888888888889
2013-08-13T13:59:59.999000,0.1428571428571428
2013-08-13T14:59:59.999000,0.1132075471698113
2013-08-13T15:59:59.999000,0.1531531531531531
2013-08-13T16:59:59.999000,0.1229508196721311
2013-08-13T17:59:59.999000,0.1142857142857143
2013-08-13T18:59:59.999000,0.1123595505617977
2013-08-13T19:59:59.999000,0.1153846153846154
2013-08-13T20:59:59.999000,0.0851063829787234
2013-08-13T21:59:59.999000,0.07291666666666667
2013-08-13T22:59:59.999000,0.09900990099009901
2013-08-13T23:59:59.999000,0.07633587786259542
2013-08-14T00:59:59.999000,0.005050505050505051
2013-08-14T01:59:59.999000,0.04
2013-08-14T02:59:59.999000,0.05676855895196507
2013-08-14T03:59:59.999000,0.1052631578947368
2013-08-14T04:59:59.999000,0.1019108280254777
2013-08-14T05:59:59.999000,0.08609271523178808
2013-08-14T06:59:59.999000,0.07194244604316546
2013-08-14T07:59:59.999000,0.08208955223880597
2013-08-14T08:59:59.999000,0.1160714285714286
2013-08-14T09:59:59.999000,0.1320754716981132
2013-08-14T10:59:59.999000,0.107843137254902
2013-08-14T11:59:59.999000,0.1276595744680851
2013-08-14T12:59:59.999000,0.1326530612244898
2013-08-14T13:59:59.999000,0.1372549019607843
2013-08-14T14:59:59.999000,0.103448275862069
2013-08-14T15:59:59.999000,0.096
2013-08-14T16:59:59.999000,0.1120689655172414
2013-08-14T17:59:59.999000,0.09090909090909091
2013-08-14T18:59:59.999000,0.1071428571428571
2013-08-14T19:59:59.999000,0.08450704225352113
2013-08-14T20:59:59.999000,0.06818181818181818
2013-08-14T21:59:59.999000,0.05555555555555555
2013-08-14T22:59:59.999000,0.08421052631578947
2013-08-14T23:59:59.999000,0.05555555555555555
2013-08-15T00:59:59.999000,0.005154639175257732
2013-08-15T01:59:59.999000,0.02678571428571428
2013-08-15T02:59:59.999000,0.04
2013-08-15T03:59:59.999000,0.07386363636363637
2013-08-15T04:59:59.999000,0.06790123456790123
2013-08-15T05:59:59.999000,0.05732484076433121
2013-08-15T06:59:59.999000,0.04827586206896552
2013-08-15T07:59:59.999000,0.05797101449275362
2013-08-15T08:59:59.999000,0.08771929824561403
2013-08-15T09:59:59.999000,0.1067961165048544
2013-08-15T10:59:59.999000,0.09183673469387756
2013-08-15T11:59:59.999000,0.125
2013-08-15T12:59:59.999000,0.108695652173913
2013-08-15T13:59:59.999000,0.1041666666666667
2013-08-15T14:59:59.999000,0.08256880733944955
2013-08-15T15:59:59.999000,0.08771929824561403
2013-08-15T16:59:59.999000,0.09433962264150944
2013-08-15T17:59:59.999000,0.07920792079207921
2013-08-15T18:59:59.999000,0.09090909090909091
2013-08-15T19:59:59.999000,0.05882352941176471
2013-08-15T20:59:59.999000,0.04761904761904762
2013-08-15T21:59:59.999000,0.03448275862068965
2013-08-15T22:59:59.999000,0.05494505494505494
2013-08-15T23:59:59.999000,0.03278688524590164
2013-08-16T00:59:59.999000,0.0155440414507772
2013-08-16T01:59:59.999000,0.01382488479262673
2013-08-16T02:59:59.999000,0.0273972602739726
2013-08-16T03:59:59.999000,0.04761904761904762
2013-08-16T04:59:59.999000,0.04487179487179487
2013-08-16T05:59:59.999000,0.03947368421052631
2013-08-16T06:59:59.999000,0.02857142857142857
2013-08-16T07:59:59.999000,0.03759398496240601
2013-08-16T08:59:59.999000,0.06422018348623854
2013-08-16T09:59:59.999000,0.08080808080808081
2013-08-16T10:59:59.999000,0.06451612903225806
2013-08-16T11:59:59.999000,0.08433734939759036
2013-08-16T12:59:59.999000,0.08045977011494253
2013-08-16T13:59:59.999000,0.07608695652173914
2013-08-16T14:59:59.999000,0.05714285714285714
2013-08-16T15:59:59.999000,0.06363636363636363
2013-08-16T16:59:59.999000,0.06930693069306931
2013-08-16T17:59:59.999000,0.05154639175257732
2013-08-16T18:59:59.999000,0.06756756756756757
2013-08-16T19:59:59.999000,0.07142857142857142
2013-08-16T20:59:59.999000,0.05747126436781609
2013-08-16T21:59:59.999000,0.0449438202247191
2013-08-16T22:59:59.999000,0.07446808510638298
2013-08-16T23:59:59.999000,0.04032258064516129
2013-08-17T00:59:59.999000,0.02040816326530612
2013-08-17T01:59:59.999000,0.01809954751131222
2013-08-17T02:59:59.999000,0.03139013452914798
2013-08-17T03:59:59.999000,0.05780346820809248
2013-08-17T04:59:59.999000,0.05625
2013-08-17T05:59:59.999000,0.04516129032258064
2013-08-17T06:59:59.999000,0.0352112676056338
2013-08-17T07:59:59.999000,0.05109489051094891
2013-08-17T08:59:59.999000,0.07142857142857142
2013-08-17T09:59:59.999000,0.0891089108910891
2013-08-17T10:59:59.999000,0.08247422680412371
2013-08-17T11:59:59.999000,0.1058823529411765
2013-08-17T12:59:59.999000,0.0989010989010989
2013-08-17T13:59:59.999000,0.0851063829787234
2013-08-17T14:59:59.999000,0.07407407407407407
2013-08-17T15:59:59.999000,0.07142857142857142
2013-08-17T16:59:59.999000,0.08571428571428572
2013-08-17T17:59:59.999000,0.06060606060606061
2013-08-17T18:59:59.999000,0.07894736842105263
2013-08-17T19:59:59.999000,0.04054054054054054
2013-08-17T20:59:59.999000,0.04651162790697674
2013-08-17T21:59:59.999000,0.03448275862068965
2013-08-17T22:59:59.999000,0.05681818181818182
2013-08-17T23:59:59.999000,0.05263157894736842
2013-08-18T00:59:59.999000,0.005617977528089887
2013-08-18T01:59:59.999000,0.02
2013-08-18T02:59:59.999000,0.03240740740740741
2013-08-18T03:59:59.999000,0.05747126436781609
2013-08-18T04:59:59.999000,0.05
2013-08-18T05:59:59.999000,0.05333333333333334
2013-08-18T06:59:59.999000,0.03703703703703703
2013-08-18T07:59:59.999000,0.04615384615384616
2013-08-18T08:59:59.999000,0.06140350877192982
2013-08-18T09:59:59.999000,0.08333333333333333
2013-08-18T10:59:59.999000,0.08695652173913043
2013-08-18T11:59:59.999000,0.1
2013-08-18T12:59:59.999000,0.07777777777777778
2013-08-18T13:59:59.999000,0.08333333333333333
2013-08-18T14:59:59.999000,0.05263157894736842
2013-08-18T15:59:59.999000,0.06086956521739131
2013-08-18T16:59:59.999000,0.06363636363636363
2013-08-18T17:59:59.999000,0.05154639175257732
2013-08-18T18:59:59.999000,0.06756756756756757
2013-08-18T19:59:59.999000,0.04444444444444445
2013-08-18T20:59:59.999000,0.0449438202247191
2013-08-18T21:59:59.999000,0.05797101449275362
2013-08-18T22:59:59.999000,0.01204819277108434
2013-08-18T23:59:59.999000,0.01941747572815534
2013-08-19T00:59:59.999000,0.00819672131147541
2013-08-19T01:59:59.999000,0.005434782608695652
2013-08-19T02:59:59.999000,0.005128205128205128
2013-08-19T03:59:59.999000,0.05228758169934641
2013-08-19T04:59:59.999000,0.05263157894736842
2013-08-19T05:59:59.999000,0.01360544217687075
2013-08-19T06:59:59.999000,0.03636363636363636
2013-08-19T07:59:59.999000,0.04587155963302753
2013-08-19T08:59:59.999000,0.07692307692307693
2013-08-19T09:59:59.999000,0.02459016393442623
2013-08-19T10:59:59.999000,0.02727272727272727
2013-08-19T11:59:59.999000,0.03125
2013-08-19T12:59:59.999000,0.0875
2013-08-19T13:59:59.999000,0.04878048780487805
2013-08-19T14:59:59.999000,0.06818181818181818
2013-08-19T15:59:59.999000,0.06976744186046512
2013-08-19T16:59:59.999000,0.05263157894736842
2013-08-19T17:59:59.999000,0.04705882352941176
2013-08-19T18:59:59.999000,0.07692307692307693
2013-08-19T19:59:59.999000,0.01351351351351351
2013-08-19T20:59:59.999000,0.01063829787234043
2013-08-19T21:59:59.999000,0.009433962264150943
2013-08-19T22:59:59.999000,0.006802721088435374
2013-08-19T23:59:59.999000,0.005555555555555556
2013-08-20T00:59:59.999000,0.005181347150259068
2013-08-20T01:59:59.999000,0.007194244604316547
2013-08-20T02:59:59.999000,0.005917159763313609
2013-08-20T03:59:59.999000,0.01724137931034483
2013-08-20T04:59:59.999000,0.0198019801980198
2013-08-20T05:59:59.999000,0.009523809523809525
2013-08-20T06:59:59.999000,0.02197802197802198
2013-08-20T07:59:59.999000,0.02173913043478261
2013-08-20T08:59:59.999000,0.02439024390243903
2013-08-20T09:59:59.999000,0.03896103896103896
2013-08-20T10:59:59.999000,0.03947368421052631
2013-08-20T11:59:59.999000,0.04225352112676056
2013-08-20T12:59:59.999000,0.05405405405405406
2013-08-20T13:59:59.999000,0.02409638554216868
2013-08-20T14:59:59.999000,0.02150537634408602
2013-08-20T15:59:59.999000,0.03191489361702127
2013-08-20T16:59:59.999000,0.01886792452830189
2013-08-20T17:59:59.999000,0.02173913043478261
2013-08-20T18:59:59.999000,0.01298701298701299
2013-08-20T19:59:59.999000,0.01492537313432836
2013-08-20T20:59:59.999000,0.01176470588235294
2013-08-20T21:59:59.999000,0.01136363636363636
2013-08-20T22:59:59.999000,0.01123595505617977
2013-08-20T23:59:59.999000,0.008403361344537815
2013-08-21T00:59:59.999000,0.005208333333333333
2013-08-21T01:59:59.999000,0.004739336492890996
2013-08-21T02:59:59.999000,0.004739336492890996
2013-08-21T03:59:59.999000,0.006711409395973154
2013-08-21T04:59:59.999000,0.007246376811594203
2013-08-21T05:59:59.999000,0.007407407407407408
2013-08-21T06:59:59.999000,0.007936507936507936
2013-08-21T07:59:59.999000,0.008333333333333333
2013-08-21T08:59:59.999000,0.01030927835051546
2013-08-21T09:59:59.999000,0.02197802197802198
2013-08-21T10:59:59.999000,0.01123595505617977
2013-08-21T11:59:59.999000,0.02469135802469136
2013-08-21T12:59:59.999000,0.02352941176470588
2013-08-21T13:59:59.999000,0.01149425287356322
2013-08-21T14:59:59.999000,0.00980392156862745
2013-08-21T15:59:59.999000,0.01801801801801802
2013-08-21T16:59:59.999000,0.009900990099009901
2013-08-21T17:59:59.999000,0.01020408163265306
2013-08-21T18:59:59.999000,0.01351351351351351
2013-08-21T19:59:59.999000,0.01538461538461539
2013-08-21T20:59:59.999000,0.01234567901234568
2013-08-21T21:59:59.999000,0.0119047619047619
2013-08-21T22:59:59.999000,0.01162790697674419
2013-08-21T23:59:59.999000,0.00847457627118644
2013-08-22T00:59:59.999000,0.005291005291005291
2013-08-22T01:59:59.999000,0.004672897196261682
2013-08-22T02:59:59.999000,0.004694835680751174
2013-08-22T03:59:59.999000,0.00625
2013-08-22T04:59:59.999000,0.006711409395973154
2013-08-22T05:59:59.999000,0.00684931506849315
2013-08-22T06:59:59.999000,0.007352941176470588
2013-08-22T07:59:59.999000,0.007751937984496124
2013-08-22T08:59:59.999000,0.01923076923076923
2013-08-22T09:59:59.999000,0.02173913043478261
2013-08-22T10:59:59.999000,0.02247191011235955
2013-08-22T11:59:59.999000,0.03846153846153846
2013-08-22T12:59:59.999000,0.02439024390243903
2013-08-22T13:59:59.999000,0.02325581395348837
2013-08-22T14:59:59.999000,0.02
2013-08-22T15:59:59.999000,0.01923076923076923
2013-08-22T16:59:59.999000,0.02083333333333333
2013-08-22T17:59:59.999000,0.02150537634408602
2013-08-22T18:59:59.999000,0.02857142857142857
2013-08-22T19:59:59.999000,0.03076923076923077
2013-08-22T20:59:59.999000,0.02439024390243903
2013-08-22T21:59:59.999000,0.02352941176470588
2013-08-22T22:59:59.999000,0.02298850574712644
2013-08-22T23:59:59.999000,0.00847457627118644
2013-08-23T00:59:59.999000,0.005291005291005291
2013-08-23T01:59:59.999000,0.004672897196261682
2013-08-23T02:59:59.999000,0.009389671361502348
2013-08-23T03:59:59.999000,0.01851851851851852
2013-08-23T04:59:59.999000,0.01986754966887417
2013-08-23T05:59:59.999000,0.02027027027027027
2013-08-23T06:59:59.999000,0.01470588235294118
2013-08-23T07:59:59.999000,0.02307692307692308
2013-08-23T08:59:59.999000,0.02857142857142857
2013-08-23T09:59:59.999000,0.0425531914893617
2013-08-23T10:59:59.999000,0.04444444444444445
2013-08-23T11:59:59.999000,0.05063291139240506
2013-08-23T12:59:59.999000,0.04761904761904762
2013-08-23T13:59:59.999000,0.03448275862068965
2013-08-23T14:59:59.999000,0.0392156862745098
2013-08-23T15:59:59.999000,0.03773584905660377
2013-08-23T16:59:59.999000,0.03092783505154639
2013-08-23T17:59:59.999000,0.03191489361702127
2013-08-23T18:59:59.999000,0.04225352112676056
2013-08-23T19:59:59.999000,0.05797101449275362
2013-08-23T20:59:59.999000,0.04705882352941176
2013-08-23T21:59:59.999000,0.03409090909090909
2013-08-23T22:59:59.999000,0.05494505494505494
2013-08-23T23:59:59.999000,0.03252032520325204
2013-08-24T00:59:59.999000,0.01030927835051546
2013-08-24T01:59:59.999000,0.009174311926605505
2013-08-24T02:59:59.999000,0.02272727272727273
2013-08-24T03:59:59.999000,0.04705882352941176
2013-08-24T04:59:59.999000,0.04458598726114649
2013-08-24T05:59:59.999000,0.03896103896103896
2013-08-24T06:59:59.999000,0.02836879432624113
2013-08-24T07:59:59.999000,0.03703703703703703
2013-08-24T08:59:59.999000,0.06306306306306306
2013-08-24T09:59:59.999000,0.08
2013-08-24T10:59:59.999000,0.06382978723404255
2013-08-24T11:59:59.999000,0.09523809523809523
2013-08-24T12:59:59.999000,0.07954545454545454
2013-08-24T13:59:59.999000,0.07526881720430108
2013-08-24T14:59:59.999000,0.05660377358490566
2013-08-24T15:59:59.999000,0.06306306306306306
2013-08-24T16:59:59.999000,0.06862745098039216
2013-08-24T17:59:59.999000,0.05102040816326531
2013-08-24T18:59:59.999000,0.06756756756756757
2013-08-24T19:59:59.999000,0.05333333333333334
2013-08-24T20:59:59.999000,0.05747126436781609
2013-08-24T21:59:59.999000,0.04545454545454546
2013-08-24T22:59:59.999000,0.07692307692307693
2013-08-24T23:59:59.999000,0.0603448275862069
2013-08-25T00:59:59.999000,0.00558659217877095
2013-08-25T01:59:59.999000,0.0297029702970297
2013-08-25T02:59:59.999000,0.045662100456621
2013-08-25T03:59:59.999000,0.07303370786516854
2013-08-25T04:59:59.999000,0.06707317073170732
2013-08-25T05:59:59.999000,0.06578947368421052
2013-08-25T06:59:59.999000,0.04379562043795621
2013-08-25T07:59:59.999000,0.05303030303030303
2013-08-25T08:59:59.999000,0.06956521739130435
2013-08-25T09:59:59.999000,0.1020408163265306
2013-08-25T10:59:59.999000,0.09574468085106383
2013-08-25T11:59:59.999000,0.1219512195121951
2013-08-25T12:59:59.999000,0.09782608695652174
2013-08-25T13:59:59.999000,0.101010101010101
2013-08-25T14:59:59.999000,0.06896551724137931
2013-08-25T15:59:59.999000,0.06896551724137931
2013-08-25T16:59:59.999000,0.08035714285714286
2013-08-25T17:59:59.999000,0.07
2013-08-25T18:59:59.999000,0.08
2013-08-25T19:59:59.999000,0.01136363636363636
2013-08-25T20:59:59.999000,0.01149425287356322
2013-08-25T21:59:59.999000,0.0958904109589041
2013-08-25T22:59:59.999000,0.05681818181818182
2013-08-25T23:59:59.999000,0.05555555555555555
2013-08-26T00:59:59.999000,0.0390625
2013-08-26T01:59:59.999000,0.01595744680851064
2013-08-26T02:59:59.999000,0.01507537688442211
2013-08-26T03:59:59.999000,0.08125
2013-08-26T04:59:59.999000,0.09285714285714286
2013-08-26T05:59:59.999000,0.0392156862745098
2013-08-26T06:59:59.999000,0.08547008547008547
2013-08-26T07:59:59.999000,0.08695652173913043
2013-08-26T08:59:59.999000,0.1145833333333333
2013-08-26T09:59:59.999000,0.008264462809917356
2013-08-26T10:59:59.999000,0.01818181818181818
2013-08-26T11:59:59.999000,0.06
2013-08-26T12:59:59.999000,0.130952380952381
2013-08-26T13:59:59.999000,0.09195402298850575
2013-08-26T14:59:59.999000,0.1075268817204301
2013-08-26T15:59:59.999000,0.1098901098901099
2013-08-26T16:59:59.999000,0.08080808080808081
2013-08-26T17:59:59.999000,0.07865168539325842
2013-08-26T18:59:59.999000,0.1176470588235294
2013-08-26T19:59:59.999000,0.07407407407407407
2013-08-26T20:59:59.999000,0.04
2013-08-26T21:59:59.999000,0.05263157894736842
2013-08-26T22:59:59.999000,0.006622516556291391
2013-08-26T23:59:59.999000,0.02127659574468085
2013-08-27T00:59:59.999000,0.06190476190476191
2013-08-27T01:59:59.999000,0.08387096774193549
2013-08-27T02:59:59.999000,0.05494505494505494
2013-08-27T03:59:59.999000,0.09230769230769231
2013-08-27T04:59:59.999000,0.1206896551724138
2013-08-27T05:59:59.999000,0.09322033898305085
2013-08-27T06:59:59.999000,0.1067961165048544
2013-08-27T07:59:59.999000,0.0970873786407767
2013-08-27T08:59:59.999000,0.1276595744680851
2013-08-27T09:59:59.999000,0.1460674157303371
2013-08-27T10:59:59.999000,0.1279069767441861
2013-08-27T11:59:59.999000,0.1463414634146341
2013-08-27T12:59:59.999000,0.1724137931034483
2013-08-27T13:59:59.999000,0.1263157894736842
2013-08-27T14:59:59.999000,0.08737864077669903
2013-08-27T15:59:59.999000,0.1308411214953271
2013-08-27T16:59:59.999000,0.1092436974789916
2013-08-27T17:59:59.999000,0.0970873786407767
2013-08-27T18:59:59.999000,0.103448275862069
2013-08-27T19:59:59.999000,0.1265822784810127
2013-08-27T20:59:59.999000,0.09473684210526316
2013-08-27T21:59:59.999000,0.08247422680412371
2013-08-27T22:59:59.999000,0.116504854368932
2013-08-27T23:59:59.999000,0.08955223880597014
2013-08-28T00:59:59.999000,0.005050505050505051
2013-08-28T01:59:59.999000,0.05240174672489083
2013-08-28T02:59:59.999000,0.06866952789699571
2013-08-28T03:59:59.999000,0.1206896551724138
2013-08-28T04:59:59.999000,0.1125
2013-08-28T05:59:59.999000,0.09740259740259741
2013-08-28T06:59:59.999000,0.08450704225352113
2013-08-28T07:59:59.999000,0.09558823529411764
2013-08-28T08:59:59.999000,0.131578947368421
2013-08-28T09:59:59.999000,0.1481481481481481
2013-08-28T10:59:59.999000,0.125
2013-08-28T11:59:59.999000,0.1458333333333333
2013-08-28T12:59:59.999000,0.15
2013-08-28T13:59:59.999000,0.1442307692307692
2013-08-28T14:59:59.999000,0.1186440677966102
2013-08-28T15:59:59.999000,0.1102362204724409
2013-08-28T16:59:59.999000,0.1271186440677966
2013-08-28T17:59:59.999000,0.0990990990990991
2013-08-28T18:59:59.999000,0.1279069767441861
2013-08-28T19:59:59.999000,0.09722222222222222
2013-08-28T20:59:59.999000,0.07865168539325842
2013-08-28T21:59:59.999000,0.07608695652173914
2013-08-28T22:59:59.999000,0.1030927835051546
2013-08-28T23:59:59.999000,0.06976744186046512
2013-08-29T00:59:59.999000,0.0396039603960396
2013-08-29T01:59:59.999000,0.03524229074889868
2013-08-29T02:59:59.999000,0.05240174672489083
2013-08-29T03:59:59.999000,0.09392265193370165
2013-08-29T04:59:59.999000,0.08433734939759036
2013-08-29T05:59:59.999000,0.06875
2013-08-29T06:59:59.999000,0.0547945205479452
2013-08-29T07:59:59.999000,0.07092198581560284
2013-08-29T08:59:59.999000,0.1025641025641026
2013-08-29T09:59:59.999000,0.1226415094339623
2013-08-29T10:59:59.999000,0.11
2013-08-29T11:59:59.999000,0.1444444444444444
2013-08-29T12:59:59.999000,0.1276595744680851
2013-08-29T13:59:59.999000,0.1313131313131313
2013-08-29T14:59:59.999000,0.09821428571428571
2013-08-29T15:59:59.999000,0.1025641025641026
2013-08-29T16:59:59.999000,0.1192660550458716
2013-08-29T17:59:59.999000,0.08737864077669903
2013-08-29T18:59:59.999000,0.1139240506329114
2013-08-29T19:59:59.999000,0.07246376811594203
2013-08-29T20:59:59.999000,0.05813953488372093
2013-08-29T21:59:59.999000,0.04545454545454546
2013-08-29T22:59:59.999000,0.0851063829787234
2013-08-29T23:59:59.999000,0.04838709677419355
2013-08-30T00:59:59.999000,0.0154639175257732
2013-08-30T01:59:59.999000,0.0136986301369863
2013-08-30T02:59:59.999000,0.03167420814479638
2013-08-30T03:59:59.999000,0.06936416184971098
2013-08-30T04:59:59.999000,0.0625
2013-08-30T05:59:59.999000,0.04545454545454546
2013-08-30T06:59:59.999000,0.03546099290780142
2013-08-30T07:59:59.999000,0.05147058823529412
2013-08-30T08:59:59.999000,0.08035714285714286
2013-08-30T09:59:59.999000,0.09900990099009901
2013-08-30T10:59:59.999000,0.08333333333333333
2013-08-30T11:59:59.999000,0.1162790697674419
2013-08-30T12:59:59.999000,0.1098901098901099
2013-08-30T13:59:59.999000,0.1052631578947368
2013-08-30T14:59:59.999000,0.07476635514018691
2013-08-30T15:59:59.999000,0.07964601769911504
2013-08-30T16:59:59.999000,0.09523809523809523
2013-08-30T17:59:59.999000,0.0707070707070707
2013-08-30T18:59:59.999000,0.09210526315789473
2013-08-30T19:59:59.999000,0.08450704225352113
2013-08-30T20:59:59.999000,0.06818181818181818
2013-08-30T21:59:59.999000,0.05555555555555555
2013-08-30T22:59:59.999000,0.09375
2013-08-30T23:59:59.999000,0.05511811023622047
2013-08-31T00:59:59.999000,0.02525252525252525
2013-08-31T01:59:59.999000,0.02242152466367713
2013-08-31T02:59:59.999000,0.03982300884955752
2013-08-31T03:59:59.999000,0.07909604519774012
2013-08-31T04:59:59.999000,0.07317073170731707
2013-08-31T05:59:59.999000,0.05696202531645569
2013-08-31T06:59:59.999000,0.04166666666666666
2013-08-31T07:59:59.999000,0.05755395683453238
2013-08-31T08:59:59.999000,0.08771929824561403
2013-08-31T09:59:59.999000,0.1153846153846154
2013-08-31T10:59:59.999000,0.09183673469387756
2013-08-31T11:59:59.999000,0.125
2013-08-31T12:59:59.999000,0.1182795698924731
2013-08-31T13:59:59.999000,0.1134020618556701
2013-08-31T14:59:59.999000,0.09009009009009009
2013-08-31T15:59:59.999000,0.08695652173913043
2013-08-31T16:59:59.999000,0.102803738317757
2013-08-31T17:59:59.999000,0.07920792079207921
2013-08-31T18:59:59.999000,0.09090909090909091
2013-08-31T19:59:59.999000,0.1219512195121951
2013-08-31T20:59:59.999000,0.1170212765957447
2013-08-31T21:59:59.999000,0.1052631578947368
2013-08-31T22:59:59.999000,0.1428571428571428
2013-08-31T23:59:59.999000,0.12
2013-09-01T00:59:59.999000,0.02702702702702703
2013-09-01T01:59:59.999000,0.07906976744186046
2013-09-01T02:59:59.999000,0.09401709401709402
2013-09-01T03:59:59.999000,0.1347150259067358
2013-09-01T04:59:59.999000,0.125
2013-09-01T05:59:59.999000,0.1219512195121951
2013-09-01T06:59:59.999000,0.1020408163265306
2013-09-01T07:59:59.999000,0.1126760563380282
2013-09-01T08:59:59.999000,0.136
2013-09-01T09:59:59.999000,0.1682242990654206
2013-09-01T10:59:59.999000,0.1650485436893204
2013-09-01T11:59:59.999000,0.2065217391304348
2013-09-01T12:59:59.999000,0.1683168316831683
2013-09-01T13:59:59.999000,0.1666666666666667
2013-09-01T14:59:59.999000,0.126984126984127
2013-09-01T15:59:59.999000,0.128
2013-09-01T16:59:59.999000,0.140495867768595
2013-09-01T17:59:59.999000,0.1296296296296296
2013-09-01T18:59:59.999000,0.1463414634146341
2013-09-01T19:59:59.999000,0.145631067961165
2013-09-01T20:59:59.999000,0.13
2013-09-01T21:59:59.999000,0.2386363636363636
2013-09-01T22:59:59.999000,0.1844660194174757
2013-09-01T23:59:59.999000,0.1825396825396825
2013-09-02T00:59:59.999000,0.1677852348993289
2013-09-02T01:59:59.999000,0.1052631578947368
2013-09-02T02:59:59.999000,0.1076233183856502
2013-09-02T03:59:59.999000,0.1945945945945946
2013-09-02T04:59:59.999000,0.2085889570552147
2013-09-02T05:59:59.999000,0.138728323699422
2013-09-02T06:59:59.999000,0.2173913043478261
2013-09-02T07:59:59.999000,0.2030075187969925
2013-09-02T08:59:59.999000,0.2252252252252252
2013-09-02T09:59:59.999000,0.09701492537313433
2013-09-02T10:59:59.999000,0.12
2013-09-02T11:59:59.999000,0.1592920353982301
2013-09-02T12:59:59.999000,0.2525252525252525
2013-09-02T13:59:59.999000,0.2452830188679245
2013-09-02T14:59:59.999000,0.2432432432432433
2013-09-02T15:59:59.999000,0.2407407407407407
2013-09-02T16:59:59.999000,0.2136752136752137
2013-09-02T17:59:59.999000,0.2095238095238095
2013-09-02T18:59:59.999000,0.2650602409638554
2013-09-02T19:59:59.999000,0.1648351648351648
2013-09-02T20:59:59.999000,0.1181818181818182
2013-09-02T21:59:59.999000,0.1065573770491803
2013-09-02T22:59:59.999000,0.06211180124223602
2013-09-02T23:59:59.999000,0.08823529411764706
2013-09-03T00:59:59.999000,0.1271929824561404
2013-09-03T01:59:59.999000,0.1488095238095238
2013-09-03T02:59:59.999000,0.116751269035533
2013-09-03T03:59:59.999000,0.1959459459459459
2013-09-03T04:59:59.999000,0.2076923076923077
2013-09-03T05:59:59.999000,0.1755725190839695
2013-09-03T06:59:59.999000,0.2068965517241379
2013-09-03T07:59:59.999000,0.1896551724137931
2013-09-03T08:59:59.999000,0.2095238095238095
2013-09-03T09:59:59.999000,0.24
2013-09-03T10:59:59.999000,0.2346938775510204
2013-09-03T11:59:59.999000,0.2604166666666667
2013-09-03T12:59:59.999000,0.2626262626262627
2013-09-03T13:59:59.999000,0.2222222222222222
2013-09-03T14:59:59.999000,0.1965811965811966
2013-09-03T15:59:59.999000,0.2166666666666667
2013-09-03T16:59:59.999000,0.1705426356589147
2013-09-03T17:59:59.999000,0.1769911504424779
2013-09-03T18:59:59.999000,0.1770833333333333
2013-09-03T19:59:59.999000,0.1585365853658537
2013-09-03T20:59:59.999000,0.1212121212121212
2013-09-03T21:59:59.999000,0.1176470588235294
2013-09-03T22:59:59.999000,0.1481481481481481
2013-09-03T23:59:59.999000,0.1159420289855072
2013-09-04T00:59:59.999000,0.02463054187192118
2013-09-04T01:59:59.999000,0.07234042553191489
2013-09-04T02:59:59.999000,0.08786610878661087
2013-09-04T03:59:59.999000,0.1491712707182321
2013-09-04T04:59:59.999000,0.144578313253012
2013-09-04T05:59:59.999000,0.1257861635220126
2013-09-04T06:59:59.999000,0.1156462585034014
2013-09-04T07:59:59.999000,0.1214285714285714
2013-09-04T08:59:59.999000,0.1610169491525424
2013-09-04T09:59:59.999000,0.1769911504424779
2013-09-04T10:59:59.999000,0.1574074074074074
2013-09-04T11:59:59.999000,0.18
2013-09-04T12:59:59.999000,0.1809523809523809
2013-09-04T13:59:59.999000,0.1834862385321101
2013-09-04T14:59:59.999000,0.1532258064516129
2013-09-04T15:59:59.999000,0.1374045801526718
2013-09-04T16:59:59.999000,0.1557377049180328
2013-09-04T17:59:59.999000,0.1304347826086956
2013-09-04T18:59:59.999000,0.1477272727272727
2013-09-04T19:59:59.999000,0.1216216216216216
2013-09-04T20:59:59.999000,0.0989010989010989
2013-09-04T21:59:59.999000,0.09473684210526316
2013-09-04T22:59:59.999000,0.12
2013-09-04T23:59:59.999000,0.09090909090909091
2013-09-05T00:59:59.999000,0.005128205128205128
2013-09-05T01:59:59.999000,0.05194805194805195
2013-09-05T02:59:59.999000,0.06837606837606838
2013-09-05T03:59:59.999000,0.108695652173913
2013-09-05T04:59:59.999000,0.1058823529411765
2013-09-05T05:59:59.999000,0.09146341463414634
2013-09-05T06:59:59.999000,0.07333333333333333
2013-09-05T07:59:59.999000,0.09027777777777778
2013-09-05T08:59:59.999000,0.125
2013-09-05T09:59:59.999000,0.1467889908256881
2013-09-05T10:59:59.999000,0.1274509803921569
2013-09-05T11:59:59.999000,0.1630434782608696
2013-09-05T12:59:59.999000,0.154639175257732
2013-09-05T13:59:59.999000,0.1470588235294118
2013-09-05T14:59:59.999000,0.1217391304347826
2013-09-05T15:59:59.999000,0.1176470588235294
2013-09-05T16:59:59.999000,0.1339285714285714
2013-09-05T17:59:59.999000,0.1047619047619048
2013-09-05T18:59:59.999000,0.125
2013-09-05T19:59:59.999000,0.1216216216216216
2013-09-05T20:59:59.999000,0.108695652173913
2013-09-05T21:59:59.999000,0.09574468085106383
2013-09-05T22:59:59.999000,0.13
2013-09-05T23:59:59.999000,0.0916030534351145
2013-09-06T00:59:59.999000,0.01030927835051546
2013-09-06T01:59:59.999000,0.05217391304347826
2013-09-06T02:59:59.999000,0.07296137339055794
2013-09-06T03:59:59.999000,0.1141304347826087
2013-09-06T04:59:59.999000,0.106508875739645
2013-09-06T05:59:59.999000,0.09202453987730061
2013-09-06T06:59:59.999000,0.08
2013-09-06T07:59:59.999000,0.09090909090909091
2013-09-06T08:59:59.999000,0.1260504201680672
2013-09-06T09:59:59.999000,0.1481481481481481
2013-09-06T10:59:59.999000,0.1372549019607843
2013-09-06T11:59:59.999000,0.1720430107526882
2013-09-06T12:59:59.999000,0.154639175257732
2013-09-06T13:59:59.999000,0.1485148514851485
2013-09-06T14:59:59.999000,0.1228070175438596
2013-09-06T15:59:59.999000,0.125
2013-09-06T16:59:59.999000,0.1428571428571428
2013-09-06T17:59:59.999000,0.1142857142857143
2013-09-06T18:59:59.999000,0.1358024691358025
2013-09-06T19:59:59.999000,0.175
2013-09-06T20:59:59.999000,0.1443298969072165
2013-09-06T21:59:59.999000,0.1485148514851485
2013-09-06T22:59:59.999000,0.1775700934579439
2013-09-06T23:59:59.999000,0.1294964028776978
2013-09-07T00:59:59.999000,0.03940886699507389
2013-09-07T01:59:59.999000,0.08333333333333333
2013-09-07T02:59:59.999000,0.1024590163934426
2013-09-07T03:59:59.999000,0.1581632653061225
2013-09-07T04:59:59.999000,0.15
2013-09-07T05:59:59.999000,0.1279069767441861
2013-09-07T06:59:59.999000,0.120253164556962
2013-09-07T07:59:59.999000,0.1258278145695364
2013-09-07T08:59:59.999000,0.1732283464566929
2013-09-07T09:59:59.999000,0.191304347826087
2013-09-07T10:59:59.999000,0.1818181818181818
2013-09-07T11:59:59.999000,0.2277227722772277
2013-09-07T12:59:59.999000,0.2095238095238095
2013-09-07T13:59:59.999000,0.2018348623853211
2013-09-07T14:59:59.999000,0.1707317073170732
2013-09-07T15:59:59.999000,0.1653543307086614
2013-09-07T16:59:59.999000,0.1848739495798319
2013-09-07T17:59:59.999000,0.1531531531531531
2013-09-07T18:59:59.999000,0.1744186046511628
2013-09-07T19:59:59.999000,0.1325301204819277
2013-09-07T20:59:59.999000,0.1354166666666667
2013-09-07T21:59:59.999000,0.1237113402061856
2013-09-07T22:59:59.999000,0.1584158415841584
2013-09-07T23:59:59.999000,0.1338582677165354
2013-09-08T00:59:59.999000,0.0374331550802139
2013-09-08T01:59:59.999000,0.091324200913242
2013-09-08T02:59:59.999000,0.1054852320675106
2013-09-08T03:59:59.999000,0.1479591836734694
2013-09-08T04:59:59.999000,0.1388888888888889
2013-09-08T05:59:59.999000,0.1325301204819277
2013-09-08T06:59:59.999000,0.12
2013-09-08T07:59:59.999000,0.1310344827586207
2013-09-08T08:59:59.999000,0.1496062992125984
2013-09-08T09:59:59.999000,0.1909090909090909
2013-09-08T10:59:59.999000,0.1886792452830189
2013-09-08T11:59:59.999000,0.2234042553191489
2013-09-08T12:59:59.999000,0.1844660194174757
2013-09-08T13:59:59.999000,0.1818181818181818
2013-09-08T14:59:59.999000,0.140625
2013-09-08T15:59:59.999000,0.1417322834645669
2013-09-08T16:59:59.999000,0.1532258064516129
2013-09-08T17:59:59.999000,0.1454545454545454
2013-09-08T18:59:59.999000,0.1566265060240964
2013-09-08T19:59:59.999000,0.04347826086956522
2013-09-08T20:59:59.999000,0.04395604395604396
2013-09-08T21:59:59.999000,0.1298701298701299
2013-09-08T22:59:59.999000,0.09782608695652174
2013-09-08T23:59:59.999000,0.09649122807017543
2013-09-09T00:59:59.999000,0.08148148148148149
2013-09-09T01:59:59.999000,0.05102040816326531
2013-09-09T02:59:59.999000,0.04807692307692308
2013-09-09T03:59:59.999000,0.119047619047619
2013-09-09T04:59:59.999000,0.1351351351351351
2013-09-09T05:59:59.999000,0.075
2013-09-09T06:59:59.999000,0.136
2013-09-09T07:59:59.999000,0.1311475409836066
2013-09-09T08:59:59.999000,0.1584158415841584
2013-09-09T09:59:59.999000,0.03968253968253968
2013-09-09T10:59:59.999000,0.05217391304347826
2013-09-09T11:59:59.999000,0.09615384615384616
2013-09-09T12:59:59.999000,0.1777777777777778
2013-09-09T13:59:59.999000,0.1397849462365591
2013-09-09T14:59:59.999000,0.1515151515151515
2013-09-09T15:59:59.999000,0.1458333333333333
2013-09-09T16:59:59.999000,0.1238095238095238
2013-09-09T17:59:59.999000,0.1263157894736842
2013-09-09T18:59:59.999000,0.1643835616438356
2013-09-09T19:59:59.999000,0.0625
2013-09-09T20:59:59.999000,0.0303030303030303
2013-09-09T21:59:59.999000,0.03571428571428571
2013-09-09T22:59:59.999000,0.01324503311258278
2013-09-09T23:59:59.999000,0.01075268817204301
2013-09-10T00:59:59.999000,0.04390243902439024
2013-09-10T01:59:59.999000,0.06622516556291391
2013-09-10T02:59:59.999000,0.03370786516853932
2013-09-10T03:59:59.999000,0.07874015748031496
2013-09-10T04:59:59.999000,0.09734513274336283
2013-09-10T05:59:59.999000,0.0782608695652174
2013-09-10T06:59:59.999000,0.09
2013-09-10T07:59:59.999000,0.08
2013-09-10T08:59:59.999000,0.108695652173913
2013-09-10T09:59:59.999000,0.1279069767441861
2013-09-10T10:59:59.999000,0.108433734939759
2013-09-10T11:59:59.999000,0.125
2013-09-10T12:59:59.999000,0.1529411764705882
2013-09-10T13:59:59.999000,0.1075268817204301
2013-09-10T14:59:59.999000,0.07
2013-09-10T15:59:59.999000,0.1142857142857143
2013-09-10T16:59:59.999000,0.09401709401709402
2013-09-10T17:59:59.999000,0.08
2013-09-10T18:59:59.999000,0.08235294117647059
2013-09-10T19:59:59.999000,0.0684931506849315
2013-09-10T20:59:59.999000,0.0449438202247191
2013-09-10T21:59:59.999000,0.03296703296703297
2013-09-10T22:59:59.999000,0.05263157894736842
2013-09-10T23:59:59.999000,0.03225806451612903
2013-09-11T00:59:59.999000,0.00510204081632653
2013-09-11T01:59:59.999000,0.009259259259259259
2013-09-11T02:59:59.999000,0.0228310502283105
2013-09-11T03:59:59.999000,0.05625
2013-09-11T04:59:59.999000,0.05405405405405406
2013-09-11T05:59:59.999000,0.04195804195804196
2013-09-11T06:59:59.999000,0.03759398496240601
2013-09-11T07:59:59.999000,0.04724409448818898
2013-09-11T08:59:59.999000,0.06666666666666667
2013-09-11T09:59:59.999000,0.08080808080808081
2013-09-11T10:59:59.999000,0.0625
2013-09-11T11:59:59.999000,0.07954545454545454
2013-09-11T12:59:59.999000,0.07692307692307693
2013-09-11T13:59:59.999000,0.08333333333333333
2013-09-11T14:59:59.999000,0.05504587155963303
2013-09-11T15:59:59.999000,0.05084745762711865
2013-09-11T16:59:59.999000,0.06422018348623854
2013-09-11T17:59:59.999000,0.04807692307692308
2013-09-11T18:59:59.999000,0.06329113924050633
2013-09-11T19:59:59.999000,0.07142857142857142
2013-09-11T20:59:59.999000,0.05747126436781609
2013-09-11T21:59:59.999000,0.0449438202247191
2013-09-11T22:59:59.999000,0.07446808510638298
2013-09-11T23:59:59.999000,0.048
2013-09-12T00:59:59.999000,0.01538461538461539
2013-09-12T01:59:59.999000,0.01363636363636364
2013-09-12T02:59:59.999000,0.03139013452914798
2013-09-12T03:59:59.999000,0.06321839080459771
2013-09-12T04:59:59.999000,0.06211180124223602
2013-09-12T05:59:59.999000,0.04516129032258064
2013-09-12T06:59:59.999000,0.03496503496503497
2013-09-12T07:59:59.999000,0.05109489051094891
2013-09-12T08:59:59.999000,0.07964601769911504
2013-09-12T09:59:59.999000,0.09803921568627451
2013-09-12T10:59:59.999000,0.08247422680412371
2013-09-12T11:59:59.999000,0.1162790697674419
2013-09-12T12:59:59.999000,0.0989010989010989
2013-09-12T13:59:59.999000,0.09473684210526316
2013-09-12T14:59:59.999000,0.07407407407407407
2013-09-12T15:59:59.999000,0.07964601769911504
2013-09-12T16:59:59.999000,0.08571428571428572
2013-09-12T17:59:59.999000,0.07
2013-09-12T18:59:59.999000,0.07894736842105263
2013-09-12T19:59:59.999000,0.1975308641975309
2013-09-12T20:59:59.999000,0.154639175257732
2013-09-12T21:59:59.999000,0.1584158415841584
2013-09-12T22:59:59.999000,0.1869158878504673
2013-09-12T23:59:59.999000,0.1366906474820144
2013-09-13T00:59:59.999000,0.03980099502487562
2013-09-13T01:59:59.999000,0.08403361344537816
2013-09-13T02:59:59.999000,0.0995850622406639
2013-09-13T03:59:59.999000,0.1641025641025641
2013-09-13T04:59:59.999000,0.1602209944751381
2013-09-13T05:59:59.999000,0.1337209302325581
2013-09-13T06:59:59.999000,0.1265822784810127
2013-09-13T07:59:59.999000,0.1266666666666667
2013-09-13T08:59:59.999000,0.1811023622047244
2013-09-13T09:59:59.999000,0.1982758620689655
2013-09-13T10:59:59.999000,0.1981981981981982
2013-09-13T11:59:59.999000,0.2376237623762376
2013-09-13T12:59:59.999000,0.219047619047619
2013-09-13T13:59:59.999000,0.2110091743119266
2013-09-13T14:59:59.999000,0.1788617886178862
2013-09-13T15:59:59.999000,0.1666666666666667
2013-09-13T16:59:59.999000,0.1932773109243698
2013-09-13T17:59:59.999000,0.1545454545454545
2013-09-13T18:59:59.999000,0.1764705882352941
2013-09-13T19:59:59.999000,0.3465346534653465
2013-09-13T20:59:59.999000,0.2905982905982906
2013-09-13T21:59:59.999000,0.3064516129032258
2013-09-13T22:59:59.999000,0.3282442748091603
2013-09-13T23:59:59.999000,0.2710843373493976
2013-09-14T00:59:59.999000,0.1666666666666667
2013-09-14T01:59:59.999000,0.2050359712230216
2013-09-14T02:59:59.999000,0.2206405693950178
2013-09-14T03:59:59.999000,0.3008474576271186
2013-09-14T04:59:59.999000,0.2981651376146789
2013-09-14T05:59:59.999000,0.2647058823529412
2013-09-14T06:59:59.999000,0.2592592592592592
2013-09-14T07:59:59.999000,0.25
2013-09-14T08:59:59.999000,0.3161290322580645
2013-09-14T09:59:59.999000,0.3380281690140845
2013-09-14T10:59:59.999000,0.343065693430657
2013-09-14T11:59:59.999000,0.390625
2013-09-14T12:59:59.999000,0.366412213740458
2013-09-14T13:59:59.999000,0.3555555555555556
2013-09-14T14:59:59.999000,0.3245033112582781
2013-09-14T15:59:59.999000,0.3026315789473684
2013-09-14T16:59:59.999000,0.3310344827586207
2013-09-14T17:59:59.999000,0.2932330827067669
2013-09-14T18:59:59.999000,0.3106796116504854
2013-09-14T19:59:59.999000,0.3333333333333333
2013-09-14T20:59:59.999000,0.319672131147541
2013-09-14T21:59:59.999000,0.3145161290322581
2013-09-14T22:59:59.999000,0.3461538461538461
2013-09-14T23:59:59.999000,0.3037974683544304
2013-09-15T00:59:59.999000,0.1883408071748879
2013-09-15T01:59:59.999000,0.2574626865671642
2013-09-15T02:59:59.999000,0.25
2013-09-15T03:59:59.999000,0.3183673469387755
2013-09-15T04:59:59.999000,0.3171806167400881
2013-09-15T05:59:59.999000,0.3043478260869565
2013-09-15T06:59:59.999000,0.2962962962962963
2013-09-15T07:59:59.999000,0.3021978021978022
2013-09-15T08:59:59.999000,0.3333333333333333
2013-09-15T09:59:59.999000,0.3776223776223776
2013-09-15T10:59:59.999000,0.381294964028777
2013-09-15T11:59:59.999000,0.4341085271317829
2013-09-15T12:59:59.999000,0.3868613138686132
2013-09-15T13:59:59.999000,0.3661971830985916
2013-09-15T14:59:59.999000,0.3251533742331288
2013-09-15T15:59:59.999000,0.3125
2013-09-15T16:59:59.999000,0.3312101910828025
2013-09-15T17:59:59.999000,0.3188405797101449
2013-09-15T18:59:59.999000,0.3396226415094339
2013-09-15T19:59:59.999000,0.2666666666666667
2013-09-15T20:59:59.999000,0.2413793103448276
2013-09-15T21:59:59.999000,0.3619047619047619
2013-09-15T22:59:59.999000,0.3
2013-09-15T23:59:59.999000,0.2925170068027211
2013-09-16T00:59:59.999000,0.2790697674418605
2013-09-16T01:59:59.999000,0.2033898305084746
2013-09-16T02:59:59.999000,0.2071713147410359
2013-09-16T03:59:59.999000,0.3004694835680751
2013-09-16T04:59:59.999000,0.3138297872340425
2013-09-16T05:59:59.999000,0.2397959183673469
2013-09-16T06:59:59.999000,0.325
2013-09-16T07:59:59.999000,0.3116883116883117
2013-09-16T08:59:59.999000,0.3333333333333333
2013-09-16T09:59:59.999000,0.2026143790849673
2013-09-16T10:59:59.999000,0.2253521126760563
2013-09-16T11:59:59.999000,0.2635658914728682
2013-09-16T12:59:59.999000,0.3620689655172414
2013-09-16T13:59:59.999000,0.36
2013-09-16T14:59:59.999000,0.3538461538461539
2013-09-16T15:59:59.999000,0.3543307086614173
2013-09-16T16:59:59.999000,0.3284671532846715
2013-09-16T17:59:59.999000,0.319672131147541
2013-09-16T18:59:59.999000,0.3775510204081632
2013-09-16T19:59:59.999000,0.2244897959183673
2013-09-16T20:59:59.999000,0.1848739495798319
2013-09-16T21:59:59.999000,0.1615384615384615
2013-09-16T22:59:59.999000,0.1169590643274854
2013-09-16T23:59:59.999000,0.1467889908256881
2013-09-17T00:59:59.999000,0.1844262295081967
2013-09-17T01:59:59.999000,0.2055555555555555
2013-09-17T02:59:59.999000,0.1714285714285714
2013-09-17T03:59:59.999000,0.2608695652173913
2013-09-17T04:59:59.999000,0.2695035460992908
2013-09-17T05:59:59.999000,0.2394366197183098
2013-09-17T06:59:59.999000,0.2790697674418605
2013-09-17T07:59:59.999000,0.253968253968254
2013-09-17T08:59:59.999000,0.2719298245614035
2013-09-17T09:59:59.999000,0.3090909090909091
2013-09-17T10:59:59.999000,0.3055555555555556
2013-09-17T11:59:59.999000,0.330188679245283
2013-09-17T12:59:59.999000,0.3240740740740741
2013-09-17T13:59:59.999000,0.2941176470588235
2013-09-17T14:59:59.999000,0.2713178294573643
2013-09-17T15:59:59.999000,0.2769230769230769
2013-09-17T16:59:59.999000,0.2302158273381295
2013-09-17T17:59:59.999000,0.2377049180327869
2013-09-17T18:59:59.999000,0.2403846153846154
2013-09-17T19:59:59.999000,0.2159090909090909
2013-09-17T20:59:59.999000,0.1714285714285714
2013-09-17T21:59:59.999000,0.1743119266055046
2013-09-17T22:59:59.999000,0.2068965517241379
2013-09-17T23:59:59.999000,0.1643835616438356
2013-09-18T00:59:59.999000,0.06161137440758294
2013-09-18T01:59:59.999000,0.1065573770491803
2013-09-18T02:59:59.999000,0.1209677419354839
2013-09-18T03:59:59.999000,0.1979166666666667
2013-09-18T04:59:59.999000,0.1966292134831461
2013-09-18T05:59:59.999000,0.1715976331360947
2013-09-18T06:59:59.999000,0.1612903225806452
2013-09-18T07:59:59.999000,0.1621621621621622
2013-09-18T08:59:59.999000,0.2125984251968504
2013-09-18T09:59:59.999000,0.225
2013-09-18T10:59:59.999000,0.2222222222222222
2013-09-18T11:59:59.999000,0.2454545454545455
2013-09-18T12:59:59.999000,0.2389380530973451
2013-09-18T13:59:59.999000,0.2393162393162393
2013-09-18T14:59:59.999000,0.2045454545454546
2013-09-18T15:59:59.999000,0.1857142857142857
2013-09-18T16:59:59.999000,0.2061068702290076
2013-09-18T17:59:59.999000,0.1735537190082645
2013-09-18T18:59:59.999000,0.2021276595744681
2013-09-18T19:59:59.999000,0.1951219512195122
2013-09-18T20:59:59.999000,0.1616161616161616
2013-09-18T21:59:59.999000,0.1650485436893204
2013-09-18T22:59:59.999000,0.1851851851851852
2013-09-18T23:59:59.999000,0.1418439716312057
2013-09-19T00:59:59.999000,0.04411764705882353
2013-09-19T01:59:59.999000,0.09090909090909091
2013-09-19T02:59:59.999000,0.1061224489795918
2013-09-19T03:59:59.999000,0.1666666666666667
2013-09-19T04:59:59.999000,0.1639344262295082
2013-09-19T05:59:59.999000,0.1379310344827586
2013-09-19T06:59:59.999000,0.1304347826086956
2013-09-19T07:59:59.999000,0.131578947368421
2013-09-19T08:59:59.999000,0.1782945736434109
2013-09-19T09:59:59.999000,0.2051282051282051
2013-09-19T10:59:59.999000,0.2035398230088496
2013-09-19T11:59:59.999000,0.2427184466019418
2013-09-19T12:59:59.999000,0.2242990654205607
2013-09-19T13:59:59.999000,0.2162162162162162
2013-09-19T14:59:59.999000,0.184
2013-09-19T15:59:59.999000,0.171875
2013-09-19T16:59:59.999000,0.1983471074380165
2013-09-19T17:59:59.999000,0.1607142857142857
2013-09-19T18:59:59.999000,0.1839080459770115
2013-09-19T19:59:59.999000,0.35
2013-09-19T20:59:59.999000,0.293103448275862
2013-09-19T21:59:59.999000,0.3089430894308943
2013-09-19T22:59:59.999000,0.3307692307692308
2013-09-19T23:59:59.999000,0.2771084337349398
2013-09-20T00:59:59.999000,0.1709401709401709
2013-09-20T01:59:59.999000,0.2093862815884477
2013-09-20T02:59:59.999000,0.225
2013-09-20T03:59:59.999000,0.3021276595744681
2013-09-20T04:59:59.999000,0.2995391705069124
2013-09-20T05:59:59.999000,0.2696078431372549
2013-09-20T06:59:59.999000,0.2659574468085106
2013-09-20T07:59:59.999000,0.2556818181818182
2013-09-20T08:59:59.999000,0.3181818181818182
2013-09-20T09:59:59.999000,0.3404255319148936
2013-09-20T10:59:59.999000,0.3503649635036497
2013-09-20T11:59:59.999000,0.3937007874015748
2013-09-20T12:59:59.999000,0.3692307692307693
2013-09-20T13:59:59.999000,0.3582089552238806
2013-09-20T14:59:59.999000,0.3266666666666667
2013-09-20T15:59:59.999000,0.304635761589404
2013-09-20T16:59:59.999000,0.3379310344827586
2013-09-20T17:59:59.999000,0.2932330827067669
2013-09-20T18:59:59.999000,0.3137254901960784
2013-09-20T19:59:59.999000,0.4453781512605042
2013-09-20T20:59:59.999000,0.3941605839416059
2013-09-20T21:59:59.999000,0.4027777777777778
2013-09-20T22:59:59.999000,0.4248366013071895
2013-09-20T23:59:59.999000,0.3730569948186528
2013-09-21T00:59:59.999000,0.2669172932330827
2013-09-21T01:59:59.999000,0.3028391167192429
2013-09-21T02:59:59.999000,0.3177570093457944
2013-09-21T03:59:59.999000,0.4
2013-09-21T04:59:59.999000,0.3976377952755906
2013-09-21T05:59:59.999000,0.3670886075949367
2013-09-21T06:59:59.999000,0.3636363636363636
2013-09-21T07:59:59.999000,0.3560975609756097
2013-09-21T08:59:59.999000,0.4175824175824176
2013-09-21T09:59:59.999000,0.4404761904761905
2013-09-21T10:59:59.999000,0.4478527607361963
2013-09-21T11:59:59.999000,0.4935064935064935
2013-09-21T12:59:59.999000,0.4713375796178344
2013-09-21T13:59:59.999000,0.4596273291925466
2013-09-21T14:59:59.999000,0.423728813559322
2013-09-21T15:59:59.999000,0.4078212290502793
2013-09-21T16:59:59.999000,0.4327485380116959
2013-09-21T17:59:59.999000,0.3896103896103896
2013-09-21T18:59:59.999000,0.4180327868852459
2013-09-21T19:59:59.999000,0.4049586776859504
2013-09-21T20:59:59.999000,0.3851851851851852
2013-09-21T21:59:59.999000,0.3840579710144927
2013-09-21T22:59:59.999000,0.4097222222222222
2013-09-21T23:59:59.999000,0.375
2013-09-22T00:59:59.999000,0.2551440329218107
2013-09-22T01:59:59.999000,0.3208191126279863
2013-09-22T02:59:59.999000,0.3151125401929261
2013-09-22T03:59:59.999000,0.3860294117647059
2013-09-22T04:59:59.999000,0.3824701195219123
2013-09-22T05:59:59.999000,0.3739130434782609
2013-09-22T06:59:59.999000,0.3666666666666666
2013-09-22T07:59:59.999000,0.3712871287128713
2013-09-22T08:59:59.999000,0.4033149171270718
2013-09-22T09:59:59.999000,0.4506172839506173
2013-09-22T10:59:59.999000,0.4522292993630573
2013-09-22T11:59:59.999000,0.5034013605442177
2013-09-22T12:59:59.999000,0.4580645161290323
2013-09-22T13:59:59.999000,0.4375
2013-09-22T14:59:59.999000,0.3922651933701657
2013-09-22T15:59:59.999000,0.3820224719101123
2013-09-22T16:59:59.999000,0.396551724137931
2013-09-22T17:59:59.999000,0.3856209150326798
2013-09-22T18:59:59.999000,0.4117647058823529
2013-09-22T19:59:59.999000,0.3714285714285714
2013-09-22T20:59:59.999000,0.3576642335766423
2013-09-22T21:59:59.999000,0.464
2013-09-22T22:59:59.999000,0.4125874125874126
2013-09-22T23:59:59.999000,0.3988439306358382
2013-09-23T00:59:59.999000,0.3891625615763547
2013-09-23T01:59:59.999000,0.3138686131386861
2013-09-23T02:59:59.999000,0.3161512027491409
2013-09-23T03:59:59.999000,0.4087301587301587
2013-09-23T04:59:59.999000,0.4241071428571428
2013-09-23T05:59:59.999000,0.3493449781659388
2013-09-23T06:59:59.999000,0.4345549738219895
2013-09-23T07:59:59.999000,0.4207650273224044
2013-09-23T08:59:59.999000,0.4415584415584415
2013-09-23T09:59:59.999000,0.3107344632768362
2013-09-23T10:59:59.999000,0.3413173652694611
2013-09-23T11:59:59.999000,0.3831168831168831
2013-09-23T12:59:59.999000,0.4788732394366197
2013-09-23T13:59:59.999000,0.4736842105263158
2013-09-23T14:59:59.999000,0.464968152866242
2013-09-23T15:59:59.999000,0.4640522875816994
2013-09-23T16:59:59.999000,0.4355828220858896
2013-09-23T17:59:59.999000,0.4315068493150685
2013-09-23T18:59:59.999000,0.4830508474576271
2013-09-23T19:59:59.999000,0.40625
2013-09-23T20:59:59.999000,0.3660130718954248
2013-09-23T21:59:59.999000,0.3271604938271605
2013-09-23T22:59:59.999000,0.277511961722488
2013-09-23T23:59:59.999000,0.2981132075471698
2013-09-24T00:59:59.999000,0.3388704318936877
2013-09-24T01:59:59.999000,0.3672566371681416
2013-09-24T02:59:59.999000,0.3229571984435798
2013-09-24T03:59:59.999000,0.4223300970873786
2013-09-24T04:59:59.999000,0.4371584699453552
2013-09-24T05:59:59.999000,0.4033149171270718
2013-09-24T06:59:59.999000,0.4431137724550898
2013-09-24T07:59:59.999000,0.4197530864197531
2013-09-24T08:59:59.999000,0.4391891891891892
2013-09-24T09:59:59.999000,0.4758620689655172
2013-09-24T10:59:59.999000,0.4718309859154929
2013-09-24T11:59:59.999000,0.5034965034965035
2013-09-24T12:59:59.999000,0.5
2013-09-24T13:59:59.999000,0.464968152866242
2013-09-24T14:59:59.999000,0.4404761904761905
2013-09-24T15:59:59.999000,0.4470588235294118
2013-09-24T16:59:59.999000,0.3954802259887006
2013-09-24T17:59:59.999000,0.4150943396226415
2013-09-24T18:59:59.999000,0.4104477611940299
2013-09-24T19:59:59.999000,0.3428571428571429
2013-09-24T20:59:59.999000,0.2926829268292683
2013-09-24T21:59:59.999000,0.3076923076923077
2013-09-24T22:59:59.999000,0.3381294964028777
2013-09-24T23:59:59.999000,0.2906976744186047
2013-09-25T00:59:59.999000,0.1776859504132231
2013-09-25T01:59:59.999000,0.2206405693950178
2013-09-25T02:59:59.999000,0.2342657342657343
2013-09-25T03:59:59.999000,0.3245614035087719
2013-09-25T04:59:59.999000,0.3286384976525822
2013-09-25T05:59:59.999000,0.2964824120603015
2013-09-25T06:59:59.999000,0.2934782608695652
2013-09-25T07:59:59.999000,0.2790697674418605
2013-09-25T08:59:59.999000,0.3421052631578947
2013-09-25T09:59:59.999000,0.3496503496503496
2013-09-25T10:59:59.999000,0.3591549295774648
2013-09-25T11:59:59.999000,0.3759398496240601
2013-09-25T12:59:59.999000,0.3768115942028986
2013-09-25T13:59:59.999000,0.3732394366197183
2013-09-25T14:59:59.999000,0.3396226415094339
2013-09-25T15:59:59.999000,0.3090909090909091
2013-09-25T16:59:59.999000,0.3375796178343949
2013-09-25T17:59:59.999000,0.3006993006993007
2013-09-25T18:59:59.999000,0.3214285714285715
2013-09-25T19:59:59.999000,0.3195876288659794
2013-09-25T20:59:59.999000,0.2654867256637168
2013-09-25T21:59:59.999000,0.2773109243697479
2013-09-25T22:59:59.999000,0.3015873015873016
2013-09-25T23:59:59.999000,0.24375
2013-09-26T00:59:59.999000,0.1409691629955947
2013-09-26T01:59:59.999000,0.1814814814814815
2013-09-26T02:59:59.999000,0.1948529411764706
2013-09-26T03:59:59.999000,0.2731277533039648
2013-09-26T04:59:59.999000,0.2714285714285714
2013-09-26T05:59:59.999000,0.2385786802030457
2013-09-26T06:59:59.999000,0.2349726775956284
2013-09-26T07:59:59.999000,0.2235294117647059
2013-09-26T08:59:59.999000,0.2885906040268457
2013-09-26T09:59:59.999000,0.3088235294117647
2013-09-26T10:59:59.999000,0.3181818181818182
2013-09-26T11:59:59.999000,0.3658536585365854
2013-09-26T12:59:59.999000,0.3412698412698413
2013-09-26T13:59:59.999000,0.3307692307692308
2013-09-26T14:59:59.999000,0.296551724137931
2013-09-26T15:59:59.999000,0.2789115646258503
2013-09-26T16:59:59.999000,0.3071428571428572
2013-09-26T17:59:59.999000,0.265625
2013-09-26T18:59:59.999000,0.2828282828282828
2013-09-26T19:59:59.999000,0.3010752688172043
2013-09-26T20:59:59.999000,0.2545454545454545
2013-09-26T21:59:59.999000,0.2672413793103448
2013-09-26T22:59:59.999000,0.2868852459016393
2013-09-26T23:59:59.999000,0.2356687898089172
2013-09-27T00:59:59.999000,0.1345291479820628
2013-09-27T01:59:59.999000,0.1735849056603773
2013-09-27T02:59:59.999000,0.1902985074626866
2013-09-27T03:59:59.999000,0.2645739910313901
2013-09-27T04:59:59.999000,0.2621359223300971
2013-09-27T05:59:59.999000,0.2319587628865979
2013-09-27T06:59:59.999000,0.2247191011235955
2013-09-27T07:59:59.999000,0.2155688622754491
2013-09-27T08:59:59.999000,0.2808219178082192
2013-09-27T09:59:59.999000,0.3007518796992481
2013-09-27T10:59:59.999000,0.3046875
2013-09-27T11:59:59.999000,0.3529411764705883
2013-09-27T12:59:59.999000,0.3278688524590164
2013-09-27T13:59:59.999000,0.3174603174603174
2013-09-27T14:59:59.999000,0.2836879432624114
2013-09-27T15:59:59.999000,0.2657342657342657
2013-09-27T16:59:59.999000,0.2941176470588235
2013-09-27T17:59:59.999000,0.253968253968254
2013-09-27T18:59:59.999000,0.2783505154639175
2013-09-27T19:59:59.999000,0.3333333333333333
2013-09-27T20:59:59.999000,0.2844827586206897
2013-09-27T21:59:59.999000,0.2950819672131147
2013-09-27T22:59:59.999000,0.3178294573643411
2013-09-27T23:59:59.999000,0.2621951219512195
2013-09-28T00:59:59.999000,0.1594827586206897
2013-09-28T01:59:59.999000,0.1992753623188406
2013-09-28T02:59:59.999000,0.2150537634408602
2013-09-28T03:59:59.999000,0.2918454935622318
2013-09-28T04:59:59.999000,0.2883720930232558
2013-09-28T05:59:59.999000,0.2574257425742574
2013-09-28T06:59:59.999000,0.2513368983957219
2013-09-28T07:59:59.999000,0.2413793103448276
2013-09-28T08:59:59.999000,0.3071895424836601
2013-09-28T09:59:59.999000,0.3285714285714286
2013-09-28T10:59:59.999000,0.3333333333333333
2013-09-28T11:59:59.999000,0.3809523809523809
2013-09-28T12:59:59.999000,0.3565891472868217
2013-09-28T13:59:59.999000,0.3458646616541353
2013-09-28T14:59:59.999000,0.3154362416107382
2013-09-28T15:59:59.999000,0.2933333333333333
2013-09-28T16:59:59.999000,0.3216783216783217
2013-09-28T17:59:59.999000,0.2824427480916031
2013-09-28T18:59:59.999000,0.303921568627451
2013-09-28T19:59:59.999000,0.3207547169811321
2013-09-28T20:59:59.999000,0.3025210084033613
2013-09-28T21:59:59.999000,0.2975206611570248
2013-09-28T22:59:59.999000,0.3307086614173229
2013-09-28T23:59:59.999000,0.2903225806451613
2013-09-29T00:59:59.999000,0.1735159817351598
2013-09-29T01:59:59.999000,0.2433460076045627
2013-09-29T02:59:59.999000,0.2365591397849462
2013-09-29T03:59:59.999000,0.3041666666666666
2013-09-29T04:59:59.999000,0.3018018018018018
2013-09-29T05:59:59.999000,0.2906403940886699
2013-09-29T06:59:59.999000,0.2810810810810811
2013-09-29T07:59:59.999000,0.2905027932960894
2013-09-29T08:59:59.999000,0.3164556962025317
2013-09-29T09:59:59.999000,0.3642857142857143
2013-09-29T10:59:59.999000,0.362962962962963
2013-09-29T11:59:59.999000,0.4206349206349206
2013-09-29T12:59:59.999000,0.3684210526315789
2013-09-29T13:59:59.999000,0.3525179856115108
2013-09-29T14:59:59.999000,0.3081761006289308
2013-09-29T15:59:59.999000,0.2993630573248408
2013-09-29T16:59:59.999000,0.3137254901960784
2013-09-29T17:59:59.999000,0.3037037037037037
2013-09-29T18:59:59.999000,0.3269230769230769
2013-09-29T19:59:59.999000,0.3178294573643411
2013-09-29T20:59:59.999000,0.296
2013-09-29T21:59:59.999000,0.412280701754386
2013-09-29T22:59:59.999000,0.3538461538461539
2013-09-29T23:59:59.999000,0.3417721518987342
2013-09-30T00:59:59.999000,0.3297297297297297
2013-09-30T01:59:59.999000,0.2569169960474308
2013-09-30T02:59:59.999000,0.2602230483271376
2013-09-30T03:59:59.999000,0.3521739130434783
2013-09-30T04:59:59.999000,0.3676470588235294
2013-09-30T05:59:59.999000,0.2938388625592417
2013-09-30T06:59:59.999000,0.3793103448275862
2013-09-30T07:59:59.999000,0.3652694610778443
2013-09-30T08:59:59.999000,0.381294964028777
2013-09-30T09:59:59.999000,0.2560975609756098
2013-09-30T10:59:59.999000,0.2810457516339869
2013-09-30T11:59:59.999000,0.3214285714285715
2013-09-30T12:59:59.999000,0.4126984126984127
2013-09-30T13:59:59.999000,0.4117647058823529
2013-09-30T14:59:59.999000,0.4084507042253521
2013-09-30T15:59:59.999000,0.4057971014492754
2013-09-30T16:59:59.999000,0.3783783783783784
2013-09-30T17:59:59.999000,0.3712121212121212
2013-09-30T18:59:59.999000,0.4245283018867925
2013-09-30T19:59:59.999000,0.3870967741935484
2013-09-30T20:59:59.999000,0.3445945945945946
2013-09-30T21:59:59.999000,0.3144654088050314
2013-09-30T22:59:59.999000,0.2705314009661836
2013-09-30T23:59:59.999000,0.2927756653992395
2013-10-01T00:59:59.999000,0.3322147651006712
2013-10-01T01:59:59.999000,0.3558558558558558
2013-10-01T02:59:59.999000,0.3176470588235294
2013-10-01T03:59:59.999000,0.4137931034482759
2013-10-01T04:59:59.999000,0.4245810055865922
2013-10-01T05:59:59.999000,0.3898305084745763
2013-10-01T06:59:59.999000,0.4294478527607362
2013-10-01T07:59:59.999000,0.4050632911392405
2013-10-01T08:59:59.999000,0.4236111111111111
2013-10-01T09:59:59.999000,0.4609929078014184
2013-10-01T10:59:59.999000,0.4565217391304348
2013-10-01T11:59:59.999000,0.4855072463768116
2013-10-01T12:59:59.999000,0.4785714285714286
2013-10-01T13:59:59.999000,0.4473684210526316
2013-10-01T14:59:59.999000,0.4268292682926829
2013-10-01T15:59:59.999000,0.4303030303030303
2013-10-01T16:59:59.999000,0.3815028901734104
2013-10-01T17:59:59.999000,0.3961038961038961
2013-10-01T18:59:59.999000,0.3969465648854962
2013-10-01T19:59:59.999000,0.4152542372881356
2013-10-01T20:59:59.999000,0.3695652173913043
2013-10-01T21:59:59.999000,0.3793103448275862
2013-10-01T22:59:59.999000,0.4102564102564102
2013-10-01T23:59:59.999000,0.3612565445026178
2013-10-02T00:59:59.999000,0.2490566037735849
2013-10-02T01:59:59.999000,0.2912621359223301
2013-10-02T02:59:59.999000,0.3025477707006369
2013-10-02T03:59:59.999000,0.396078431372549
2013-10-02T04:59:59.999000,0.3991596638655462
2013-10-02T05:59:59.999000,0.3721973094170404
2013-10-02T06:59:59.999000,0.3658536585365854
2013-10-02T07:59:59.999000,0.3575129533678756
2013-10-02T08:59:59.999000,0.4152046783625731
2013-10-02T09:59:59.999000,0.4259259259259259
2013-10-02T10:59:59.999000,0.4347826086956522
2013-10-02T11:59:59.999000,0.4539473684210527
2013-10-02T12:59:59.999000,0.4487179487179487
2013-10-02T13:59:59.999000,0.4472049689440994
2013-10-02T14:59:59.999000,0.4134078212290503
2013-10-02T15:59:59.999000,0.3837837837837838
2013-10-02T16:59:59.999000,0.4057142857142857
2013-10-02T17:59:59.999000,0.3710691823899371
2013-10-02T18:59:59.999000,0.392
2013-10-02T19:59:59.999000,0.3944954128440367
2013-10-02T20:59:59.999000,0.3412698412698413
2013-10-02T21:59:59.999000,0.3533834586466165
2013-10-02T22:59:59.999000,0.375886524822695
2013-10-02T23:59:59.999000,0.3202247191011236
2013-10-03T00:59:59.999000,0.2168674698795181
2013-10-03T01:59:59.999000,0.2558922558922559
2013-10-03T02:59:59.999000,0.2724252491694352
2013-10-03T03:59:59.999000,0.3503937007874016
2013-10-03T04:59:59.999000,0.348936170212766
2013-10-03T05:59:59.999000,0.3150684931506849
2013-10-03T06:59:59.999000,0.3103448275862069
2013-10-03T07:59:59.999000,0.3015873015873016
2013-10-03T08:59:59.999000,0.3652694610778443
2013-10-03T09:59:59.999000,0.3856209150326798
2013-10-03T10:59:59.999000,0.3918918918918919
2013-10-03T11:59:59.999000,0.4388489208633093
2013-10-03T12:59:59.999000,0.4154929577464789
2013-10-03T13:59:59.999000,0.4041095890410959
2013-10-03T14:59:59.999000,0.3742331288343558
2013-10-03T15:59:59.999000,0.3536585365853658
2013-10-03T16:59:59.999000,0.3821656050955414
2013-10-03T17:59:59.999000,0.3426573426573427
2013-10-03T18:59:59.999000,0.3603603603603603
2013-10-03T19:59:59.999000,0.3434343434343434
2013-10-03T20:59:59.999000,0.293103448275862
2013-10-03T21:59:59.999000,0.3032786885245902
2013-10-03T22:59:59.999000,0.3255813953488372
2013-10-03T23:59:59.999000,0.2727272727272727
2013-10-04T00:59:59.999000,0.167381974248927
2013-10-04T01:59:59.999000,0.2065217391304348
2013-10-04T02:59:59.999000,0.2194244604316547
2013-10-04T03:59:59.999000,0.2991452991452991
2013-10-04T04:59:59.999000,0.2962962962962963
2013-10-04T05:59:59.999000,0.2660098522167488
2013-10-04T06:59:59.999000,0.2620320855614973
2013-10-04T07:59:59.999000,0.2514285714285714
2013-10-04T08:59:59.999000,0.3137254901960784
2013-10-04T09:59:59.999000,0.3357142857142857
2013-10-04T10:59:59.999000,0.3455882352941176
2013-10-04T11:59:59.999000,0.3888888888888889
2013-10-04T12:59:59.999000,0.3643410852713178
2013-10-04T13:59:59.999000,0.3533834586466165
2013-10-04T14:59:59.999000,0.3221476510067114
2013-10-04T15:59:59.999000,0.304635761589404
2013-10-04T16:59:59.999000,0.3333333333333333
2013-10-04T17:59:59.999000,0.2878787878787879
2013-10-04T18:59:59.999000,0.3137254901960784
2013-10-04T19:59:59.999000,0.3773584905660378
2013-10-04T20:59:59.999000,0.3252032520325203
2013-10-04T21:59:59.999000,0.3384615384615385
2013-10-04T22:59:59.999000,0.3576642335766423
2013-10-04T23:59:59.999000,0.3045977011494253
2013-10-05T00:59:59.999000,0.2008196721311475
2013-10-05T01:59:59.999000,0.2405498281786942
2013-10-05T02:59:59.999000,0.2551020408163265
2013-10-05T03:59:59.999000,0.3346774193548387
2013-10-05T04:59:59.999000,0.3318777292576419
2013-10-05T05:59:59.999000,0.2990654205607476
2013-10-05T06:59:59.999000,0.2964824120603015
2013-10-05T07:59:59.999000,0.2864864864864865
2013-10-05T08:59:59.999000,0.3496932515337423
2013-10-05T09:59:59.999000,0.3691275167785235
2013-10-05T10:59:59.999000,0.3793103448275862
2013-10-05T11:59:59.999000,0.4222222222222222
2013-10-05T12:59:59.999000,0.3985507246376812
2013-10-05T13:59:59.999000,0.3873239436619718
2013-10-05T14:59:59.999000,0.3584905660377358
2013-10-05T15:59:59.999000,0.3375
2013-10-05T16:59:59.999000,0.3660130718954248
2013-10-05T17:59:59.999000,0.3237410071942446
2013-10-05T18:59:59.999000,0.3486238532110092
2013-10-05T19:59:59.999000,0.3333333333333333
2013-10-05T20:59:59.999000,0.319672131147541
2013-10-05T21:59:59.999000,0.3145161290322581
2013-10-05T22:59:59.999000,0.3461538461538461
2013-10-05T23:59:59.999000,0.3081761006289308
2013-10-06T00:59:59.999000,0.1883408071748879
2013-10-06T01:59:59.999000,0.2574626865671642
2013-10-06T02:59:59.999000,0.2526315789473684
2013-10-06T03:59:59.999000,0.3211382113821138
2013-10-06T04:59:59.999000,0.3171806167400881
2013-10-06T05:59:59.999000,0.3043478260869565
2013-10-06T06:59:59.999000,0.2962962962962963
2013-10-06T07:59:59.999000,0.3060109289617486
2013-10-06T08:59:59.999000,0.3333333333333333
2013-10-06T09:59:59.999000,0.3776223776223776
2013-10-06T10:59:59.999000,0.381294964028777
2013-10-06T11:59:59.999000,0.4341085271317829
2013-10-06T12:59:59.999000,0.3868613138686132
2013-10-06T13:59:59.999000,0.3661971830985916
2013-10-06T14:59:59.999000,0.3251533742331288
2013-10-06T15:59:59.999000,0.3125
2013-10-06T16:59:59.999000,0.3312101910828025
2013-10-06T17:59:59.999000,0.3188405797101449
2013-10-06T18:59:59.999000,0.3396226415094339
2013-10-06T19:59:59.999000,0.2786885245901639
2013-10-06T20:59:59.999000,0.2605042016806723
2013-10-06T21:59:59.999000,0.3738317757009346
2013-10-06T22:59:59.999000,0.3114754098360656
2013-10-06T23:59:59.999000,0.3066666666666666
2013-10-07T00:59:59.999000,0.2914285714285714
2013-10-07T01:59:59.999000,0.2166666666666667
2013-10-07T02:59:59.999000,0.22265625
2013-10-07T03:59:59.999000,0.3165137614678899
2013-10-07T04:59:59.999000,0.328125
2013-10-07T05:59:59.999000,0.255
2013-10-07T06:59:59.999000,0.3414634146341464
2013-10-07T07:59:59.999000,0.3248407643312102
2013-10-07T08:59:59.999000,0.3435114503816794
2013-10-07T09:59:59.999000,0.217948717948718
2013-10-07T10:59:59.999000,0.2413793103448276
2013-10-07T11:59:59.999000,0.2803030303030303
2013-10-07T12:59:59.999000,0.3781512605042017
2013-10-07T13:59:59.999000,0.375
2013-10-07T14:59:59.999000,0.3684210526315789
2013-10-07T15:59:59.999000,0.3643410852713178
2013-10-07T16:59:59.999000,0.3381294964028777
2013-10-07T17:59:59.999000,0.336
2013-10-07T18:59:59.999000,0.39
2013-10-07T19:59:59.999000,0.4108527131782946
2013-10-07T20:59:59.999000,0.3701298701298701
2013-10-07T21:59:59.999000,0.3229813664596273
2013-10-07T22:59:59.999000,0.2705314009661836
2013-10-07T23:59:59.999000,0.2846153846153846
2013-10-08T00:59:59.999000,0.32996632996633
2013-10-08T01:59:59.999000,0.3644444444444445
2013-10-08T02:59:59.999000,0.3149606299212598
2013-10-08T03:59:59.999000,0.4166666666666667
2013-10-08T04:59:59.999000,0.4371584699453552
2013-10-08T05:59:59.999000,0.4033149171270718
2013-10-08T06:59:59.999000,0.4431137724550898
2013-10-08T07:59:59.999000,0.4197530864197531
2013-10-08T08:59:59.999000,0.4391891891891892
2013-10-08T09:59:59.999000,0.4794520547945205
2013-10-08T10:59:59.999000,0.4718309859154929
2013-10-08T11:59:59.999000,0.5069444444444444
2013-10-08T12:59:59.999000,0.5067567567567568
2013-10-08T13:59:59.999000,0.4683544303797468
2013-10-08T14:59:59.999000,0.4404761904761905
2013-10-08T15:59:59.999000,0.4502923976608187
2013-10-08T16:59:59.999000,0.3954802259887006
2013-10-08T17:59:59.999000,0.4150943396226415
2013-10-08T18:59:59.999000,0.4148148148148148
2013-10-08T19:59:59.999000,0.5140845070422535
2013-10-08T20:59:59.999000,0.462962962962963
2013-10-08T21:59:59.999000,0.4674556213017751
2013-10-08T22:59:59.999000,0.4917127071823205
2013-10-08T23:59:59.999000,0.4403669724770642
2013-10-09T00:59:59.999000,0.3161512027491409
2013-10-09T01:59:59.999000,0.3403614457831325
2013-10-09T02:59:59.999000,0.3596491228070176
2013-10-09T03:59:59.999000,0.4726027397260274
2013-10-09T04:59:59.999000,0.4761904761904762
2013-10-09T05:59:59.999000,0.4594594594594595
2013-10-09T06:59:59.999000,0.453781512605042
2013-10-09T07:59:59.999000,0.456140350877193
2013-10-09T08:59:59.999000,0.5121951219512195
2013-10-09T09:59:59.999000,0.5279187817258884
2013-10-09T10:59:59.999000,0.5333333333333333
2013-10-09T11:59:59.999000,0.5677083333333334
2013-10-09T12:59:59.999000,0.558974358974359
2013-10-09T13:59:59.999000,0.5572139303482587
2013-10-09T14:59:59.999000,0.5047169811320755
2013-10-09T15:59:59.999000,0.4746543778801843
2013-10-09T16:59:59.999000,0.4876847290640394
2013-10-09T17:59:59.999000,0.4475138121546962
2013-10-09T18:59:59.999000,0.4933333333333333
2013-10-09T19:59:59.999000,0.5448275862068965
2013-10-09T20:59:59.999000,0.4907975460122699
2013-10-09T21:59:59.999000,0.4941176470588236
2013-10-09T22:59:59.999000,0.5164835164835165
2013-10-09T23:59:59.999000,0.4573991031390134
2013-10-10T00:59:59.999000,0.3412162162162162
2013-10-10T01:59:59.999000,0.3594202898550725
2013-10-10T02:59:59.999000,0.3813559322033898
2013-10-10T03:59:59.999000,0.4827586206896552
2013-10-10T04:59:59.999000,0.4778156996587031
2013-10-10T05:59:59.999000,0.4565217391304348
2013-10-10T06:59:59.999000,0.4573643410852713
2013-10-10T07:59:59.999000,0.4567901234567901
2013-10-10T08:59:59.999000,0.5203619909502263
2013-10-10T09:59:59.999000,0.5523809523809524
2013-10-10T10:59:59.999000,0.5609756097560976
2013-10-10T11:59:59.999000,0.6020408163265306
2013-10-10T12:59:59.999000,0.5891089108910891
2013-10-10T13:59:59.999000,0.5693069306930693
2013-10-10T14:59:59.999000,0.5211267605633803
2013-10-10T15:59:59.999000,0.5069767441860465
2013-10-10T16:59:59.999000,0.5174129353233831
2013-10-10T17:59:59.999000,0.4719101123595505
2013-10-10T18:59:59.999000,0.5234899328859061
2013-10-10T19:59:59.999000,0.5833333333333334
2013-10-10T20:59:59.999000,0.5314285714285715
2013-10-10T21:59:59.999000,0.532967032967033
2013-10-10T22:59:59.999000,0.5538461538461539
2013-10-10T23:59:59.999000,0.4936708860759494
2013-10-11T00:59:59.999000,0.3762057877813505
2013-10-11T01:59:59.999000,0.3916666666666667
2013-10-11T02:59:59.999000,0.4166666666666667
2013-10-11T03:59:59.999000,0.5176470588235295
2013-10-11T04:59:59.999000,0.5128205128205128
2013-10-11T05:59:59.999000,0.4949152542372882
2013-10-11T06:59:59.999000,0.4963503649635037
2013-10-11T07:59:59.999000,0.4980842911877394
2013-10-11T08:59:59.999000,0.5588235294117647
2013-10-11T09:59:59.999000,0.5903083700440529
2013-10-11T10:59:59.999000,0.5990990990990991
2013-10-11T11:59:59.999000,0.6401869158878505
2013-10-11T12:59:59.999000,0.6272727272727273
2013-10-11T13:59:59.999000,0.6073059360730594
2013-10-11T14:59:59.999000,0.5589519650655022
2013-10-11T15:59:59.999000,0.5434782608695652
2013-10-11T16:59:59.999000,0.5534883720930233
2013-10-11T17:59:59.999000,0.5052631578947369
2013-10-11T18:59:59.999000,0.5625
2013-10-11T19:59:59.999000,0.5849056603773585
2013-10-11T20:59:59.999000,0.5310734463276836
2013-10-11T21:59:59.999000,0.532608695652174
2013-10-11T22:59:59.999000,0.5555555555555556
2013-10-11T23:59:59.999000,0.4958333333333333
2013-10-12T00:59:59.999000,0.3789808917197452
2013-10-12T01:59:59.999000,0.3928571428571428
2013-10-12T02:59:59.999000,0.4175531914893617
2013-10-12T03:59:59.999000,0.5203488372093024
2013-10-12T04:59:59.999000,0.5158227848101266
2013-10-12T05:59:59.999000,0.4966442953020134
2013-10-12T06:59:59.999000,0.4964028776978417
2013-10-12T07:59:59.999000,0.5
2013-10-12T08:59:59.999000,0.5601659751037344
2013-10-12T09:59:59.999000,0.591304347826087
2013-10-12T10:59:59.999000,0.6
2013-10-12T11:59:59.999000,0.6405529953917051
2013-10-12T12:59:59.999000,0.6278026905829597
2013-10-12T13:59:59.999000,0.6081081081081081
2013-10-12T14:59:59.999000,0.5603448275862069
2013-10-12T15:59:59.999000,0.5450643776824035
2013-10-12T16:59:59.999000,0.5529953917050692
2013-10-12T17:59:59.999000,0.5104166666666666
2013-10-12T18:59:59.999000,0.5644171779141104
2013-10-12T19:59:59.999000,0.52
2013-10-12T20:59:59.999000,0.4939024390243902
2013-10-12T21:59:59.999000,0.4940476190476191
2013-10-12T22:59:59.999000,0.519774011299435
2013-10-12T23:59:59.999000,0.4761904761904762
2013-10-13T00:59:59.999000,0.3512544802867383
2013-10-13T01:59:59.999000,0.4006024096385542
2013-10-13T02:59:59.999000,0.4
2013-10-13T03:59:59.999000,0.4877300613496933
2013-10-13T04:59:59.999000,0.4833333333333333
2013-10-13T05:59:59.999000,0.4838709677419355
2013-10-13T06:59:59.999000,0.4864864864864865
2013-10-13T07:59:59.999000,0.483739837398374
2013-10-13T08:59:59.999000,0.5221238938053098
2013-10-13T09:59:59.999000,0.5781990521327014
2013-10-13T10:59:59.999000,0.5825242718446602
2013-10-13T11:59:59.999000,0.6275510204081632
2013-10-13T12:59:59.999000,0.5902439024390244
2013-10-13T13:59:59.999000,0.569377990430622
2013-10-13T14:59:59.999000,0.5067264573991032
2013-10-13T15:59:59.999000,0.502262443438914
2013-10-13T16:59:59.999000,0.5
2013-10-13T17:59:59.999000,0.4835164835164835
2013-10-13T18:59:59.999000,0.5394736842105263
2013-10-13T19:59:59.999000,0.4430379746835443
2013-10-13T20:59:59.999000,0.45
2013-10-13T21:59:59.999000,0.541095890410959
2013-10-13T22:59:59.999000,0.5058823529411764
2013-10-13T23:59:59.999000,0.4851485148514851
2013-10-14T00:59:59.999000,0.4811715481171548
2013-10-14T01:59:59.999000,0.3974358974358974
2013-10-14T02:59:59.999000,0.3876923076923077
2013-10-14T03:59:59.999000,0.4826388888888889
2013-10-14T04:59:59.999000,0.5057471264367817
2013-10-14T05:59:59.999000,0.4269230769230769
2013-10-14T06:59:59.999000,0.5242290748898678
2013-10-14T07:59:59.999000,0.5092592592592593
2013-10-14T08:59:59.999000,0.5300546448087432
2013-10-14T09:59:59.999000,0.4019607843137255
2013-10-14T10:59:59.999000,0.4444444444444444
2013-10-14T11:59:59.999000,0.5052083333333334
2013-10-14T12:59:59.999000,0.5934065934065934
2013-10-14T13:59:59.999000,0.5833333333333334
2013-10-14T14:59:59.999000,0.5555555555555556
2013-10-14T15:59:59.999000,0.5684210526315789
2013-10-14T16:59:59.999000,0.518324607329843
2013-10-14T17:59:59.999000,0.5229885057471264
2013-10-14T18:59:59.999000,0.5704225352112676
2013-10-14T19:59:59.999000,0.5220125786163522
2013-10-14T20:59:59.999000,0.4947916666666667
2013-10-14T21:59:59.999000,0.4202127659574468
2013-10-14T22:59:59.999000,0.3547008547008547
2013-10-14T23:59:59.999000,0.3473684210526316
2013-10-15T00:59:59.999000,0.3987915407854985
2013-10-15T01:59:59.999000,0.460377358490566
2013-10-15T02:59:59.999000,0.3851590106007067
2013-10-15T03:59:59.999000,0.4978902953586498
2013-10-15T04:59:59.999000,0.5339366515837104
2013-10-15T05:59:59.999000,0.4953271028037383
2013-10-15T06:59:59.999000,0.5373134328358209
2013-10-15T07:59:59.999000,0.5154639175257731
2013-10-15T08:59:59.999000,0.5388888888888889
2013-10-15T09:59:59.999000,0.5777777777777777
2013-10-15T10:59:59.999000,0.5714285714285714
2013-10-15T11:59:59.999000,0.6077348066298343
2013-10-15T12:59:59.999000,0.6157894736842106
2013-10-15T13:59:59.999000,0.5757575757575758
2013-10-15T14:59:59.999000,0.5414634146341464
2013-10-15T15:59:59.999000,0.5545023696682464
2013-10-15T16:59:59.999000,0.4976525821596244
2013-10-15T17:59:59.999000,0.5230769230769231
2013-10-15T18:59:59.999000,0.5240963855421686
2013-10-15T19:59:59.999000,0.5632911392405063
2013-10-15T20:59:59.999000,0.5139664804469274
2013-10-15T21:59:59.999000,0.5161290322580645
2013-10-15T22:59:59.999000,0.54
2013-10-15T23:59:59.999000,0.4895397489539749
2013-10-16T00:59:59.999000,0.3642172523961661
2013-10-16T01:59:59.999000,0.3813559322033898
2013-10-16T02:59:59.999000,0.4032697547683924
2013-10-16T03:59:59.999000,0.5202492211838006
2013-10-16T04:59:59.999000,0.5217391304347826
2013-10-16T05:59:59.999000,0.5087719298245614
2013-10-16T06:59:59.999000,0.5038167938931297
2013-10-16T07:59:59.999000,0.5098814229249012
2013-10-16T08:59:59.999000,0.5614035087719298
2013-10-16T09:59:59.999000,0.579185520361991
2013-10-16T10:59:59.999000,0.5825688073394495
2013-10-16T11:59:59.999000,0.6192660550458715
2013-10-16T12:59:59.999000,0.6090909090909091
2013-10-16T13:59:59.999000,0.6061946902654868
2013-10-16T14:59:59.999000,0.5550847457627118
2013-10-16T15:59:59.999000,0.525
2013-10-16T16:59:59.999000,0.5336322869955157
2013-10-16T17:59:59.999000,0.494949494949495
2013-10-16T18:59:59.999000,0.5449101796407185
2013-10-16T19:59:59.999000,0.5849056603773585
2013-10-16T20:59:59.999000,0.5310734463276836
2013-10-16T21:59:59.999000,0.532608695652174
2013-10-16T22:59:59.999000,0.5532994923857868
2013-10-16T23:59:59.999000,0.4958333333333333
2013-10-17T00:59:59.999000,0.3769968051118211
2013-10-17T01:59:59.999000,0.3911845730027548
2013-10-17T02:59:59.999000,0.4144385026737968
2013-10-17T03:59:59.999000,0.5189504373177842
2013-10-17T04:59:59.999000,0.5142857142857142
2013-10-17T05:59:59.999000,0.494949494949495
2013-10-17T06:59:59.999000,0.4964028776978417
2013-10-17T07:59:59.999000,0.4980988593155893
2013-10-17T08:59:59.999000,0.5601659751037344
2013-10-17T09:59:59.999000,0.5930735930735931
2013-10-17T10:59:59.999000,0.6
2013-10-17T11:59:59.999000,0.6405529953917051
2013-10-17T12:59:59.999000,0.6278026905829597
2013-10-17T13:59:59.999000,0.6081081081081081
2013-10-17T14:59:59.999000,0.5603448275862069
2013-10-17T15:59:59.999000,0.5450643776824035
2013-10-17T16:59:59.999000,0.5529953917050692
2013-10-17T17:59:59.999000,0.5078534031413613
2013-10-17T18:59:59.999000,0.5644171779141104
2013-10-17T19:59:59.999000,0.5289855072463768
2013-10-17T20:59:59.999000,0.4709677419354839
2013-10-17T21:59:59.999000,0.4753086419753086
2013-10-17T22:59:59.999000,0.4971098265895953
2013-10-17T23:59:59.999000,0.4366197183098591
2013-10-18T00:59:59.999000,0.3192982456140351
2013-10-18T01:59:59.999000,0.338368580060423
2013-10-18T02:59:59.999000,0.3617647058823529
2013-10-18T03:59:59.999000,0.4622950819672131
2013-10-18T04:59:59.999000,0.4571428571428571
2013-10-18T05:59:59.999000,0.4356060606060606
2013-10-18T06:59:59.999000,0.436734693877551
2013-10-18T07:59:59.999000,0.4377682403433477
2013-10-18T08:59:59.999000,0.5
2013-10-18T09:59:59.999000,0.5326633165829145
2013-10-18T10:59:59.999000,0.5412371134020618
2013-10-18T11:59:59.999000,0.5860215053763441
2013-10-18T12:59:59.999000,0.5706806282722513
2013-10-18T13:59:59.999000,0.5497382198952879
2013-10-18T14:59:59.999000,0.5024630541871922
2013-10-18T15:59:59.999000,0.4852941176470588
2013-10-18T16:59:59.999000,0.4973821989528796
2013-10-18T17:59:59.999000,0.4502923976608187
2013-10-18T18:59:59.999000,0.5035460992907801
2013-10-18T19:59:59.999000,0.4
2013-10-18T20:59:59.999000,0.3464566929133858
2013-10-18T21:59:59.999000,0.3582089552238806
2013-10-18T22:59:59.999000,0.3802816901408451
2013-10-18T23:59:59.999000,0.3240223463687151
2013-10-19T00:59:59.999000,0.2168674698795181
2013-10-19T01:59:59.999000,0.2558922558922559
2013-10-19T02:59:59.999000,0.27
2013-10-19T03:59:59.999000,0.3529411764705883
2013-10-19T04:59:59.999000,0.3516949152542373
2013-10-19T05:59:59.999000,0.3212669683257919
2013-10-19T06:59:59.999000,0.3170731707317073
2013-10-19T07:59:59.999000,0.3089005235602094
2013-10-19T08:59:59.999000,0.3727810650887574
2013-10-19T09:59:59.999000,0.3935483870967742
2013-10-19T10:59:59.999000,0.4039735099337748
2013-10-19T11:59:59.999000,0.4468085106382979
2013-10-19T12:59:59.999000,0.4275862068965517
2013-10-19T13:59:59.999000,0.4161073825503356
2013-10-19T14:59:59.999000,0.3780487804878049
2013-10-19T15:59:59.999000,0.3614457831325301
2013-10-19T16:59:59.999000,0.3860759493670886
2013-10-19T17:59:59.999000,0.3426573426573427
2013-10-19T18:59:59.999000,0.3716814159292036
2013-10-19T19:59:59.999000,0.2653061224489796
2013-10-19T20:59:59.999000,0.2522522522522522
2013-10-19T21:59:59.999000,0.247787610619469
2013-10-19T22:59:59.999000,0.2735042735042735
2013-10-19T23:59:59.999000,0.2413793103448276
2013-10-20T00:59:59.999000,0.1262135922330097
2013-10-20T01:59:59.999000,0.1910569105691057
2013-10-20T02:59:59.999000,0.1908396946564886
2013-10-20T03:59:59.999000,0.2544642857142857
2013-10-20T04:59:59.999000,0.251207729468599
2013-10-20T05:59:59.999000,0.2380952380952381
2013-10-20T06:59:59.999000,0.2325581395348837
2013-10-20T07:59:59.999000,0.2409638554216867
2013-10-20T08:59:59.999000,0.2653061224489796
2013-10-20T09:59:59.999000,0.310077519379845
2013-10-20T10:59:59.999000,0.312
2013-10-20T11:59:59.999000,0.3596491228070176
2013-10-20T12:59:59.999000,0.3170731707317073
2013-10-20T13:59:59.999000,0.3023255813953488
2013-10-20T14:59:59.999000,0.2567567567567567
2013-10-20T15:59:59.999000,0.2482758620689655
2013-10-20T16:59:59.999000,0.2657342657342657
2013-10-20T17:59:59.999000,0.253968253968254
2013-10-20T18:59:59.999000,0.2783505154639175
2013-10-20T19:59:59.999000,0.1851851851851852
2013-10-20T20:59:59.999000,0.1792452830188679
2013-10-20T21:59:59.999000,0.2872340425531915
2013-10-20T22:59:59.999000,0.2293577981651376
2013-10-20T23:59:59.999000,0.2255639097744361
2013-10-21T00:59:59.999000,0.2101910828025478
2013-10-21T01:59:59.999000,0.1461187214611872
2013-10-21T02:59:59.999000,0.1495726495726496
2013-10-21T03:59:59.999000,0.2397959183673469
2013-10-21T04:59:59.999000,0.2543352601156069
2013-10-21T05:59:59.999000,0.1813186813186813
2013-10-21T06:59:59.999000,0.2602739726027397
2013-10-21T07:59:59.999000,0.2482269503546099
2013-10-21T08:59:59.999000,0.2711864406779661
2013-10-21T09:59:59.999000,0.1418439716312057
2013-10-21T10:59:59.999000,0.1666666666666667
2013-10-21T11:59:59.999000,0.2083333333333333
2013-10-21T12:59:59.999000,0.3018867924528302
2013-10-21T13:59:59.999000,0.2920353982300885
2013-10-21T14:59:59.999000,0.288135593220339
2013-10-21T15:59:59.999000,0.2869565217391304
2013-10-21T16:59:59.999000,0.2580645161290323
2013-10-21T17:59:59.999000,0.2522522522522522
2013-10-21T18:59:59.999000,0.3068181818181818
2013-10-21T19:59:59.999000,0.2475247524752475
2013-10-21T20:59:59.999000,0.2113821138211382
2013-10-21T21:59:59.999000,0.1865671641791045
2013-10-21T22:59:59.999000,0.1371428571428571
2013-10-21T23:59:59.999000,0.1621621621621622
2013-10-22T00:59:59.999000,0.2016129032258064
2013-10-22T01:59:59.999000,0.227027027027027
2013-10-22T02:59:59.999000,0.1869158878504673
2013-10-22T03:59:59.999000,0.2760736196319019
2013-10-22T04:59:59.999000,0.2896551724137931
2013-10-22T05:59:59.999000,0.2569444444444444
2013-10-22T06:59:59.999000,0.2977099236641221
2013-10-22T07:59:59.999000,0.2734375
2013-10-22T08:59:59.999000,0.2905982905982906
2013-10-22T09:59:59.999000,0.3274336283185841
2013-10-22T10:59:59.999000,0.3243243243243243
2013-10-22T11:59:59.999000,0.3518518518518519
2013-10-22T12:59:59.999000,0.3482142857142857
2013-10-22T13:59:59.999000,0.3114754098360656
2013-10-22T14:59:59.999000,0.2878787878787879
2013-10-22T15:59:59.999000,0.2985074626865671
2013-10-22T16:59:59.999000,0.2517482517482518
2013-10-22T17:59:59.999000,0.2619047619047619
2013-10-22T18:59:59.999000,0.2616822429906542
2013-10-22T19:59:59.999000,0.3490566037735849
2013-10-22T20:59:59.999000,0.2983870967741936
2013-10-22T21:59:59.999000,0.3076923076923077
2013-10-22T22:59:59.999000,0.3381294964028777
2013-10-22T23:59:59.999000,0.2906976744186047
2013-10-23T00:59:59.999000,0.175
2013-10-23T01:59:59.999000,0.2158273381294964
2013-10-23T02:59:59.999000,0.2296819787985866
2013-10-23T03:59:59.999000,0.3245614035087719
2013-10-23T04:59:59.999000,0.3254716981132075
2013-10-23T05:59:59.999000,0.3
2013-10-23T06:59:59.999000,0.2934782608695652
2013-10-23T07:59:59.999000,0.2914285714285714
2013-10-23T08:59:59.999000,0.3464052287581699
2013-10-23T09:59:59.999000,0.3586206896551724
2013-10-23T10:59:59.999000,0.3636363636363636
2013-10-23T11:59:59.999000,0.3897058823529412
2013-10-23T12:59:59.999000,0.3857142857142857
2013-10-23T13:59:59.999000,0.3819444444444444
2013-10-23T14:59:59.999000,0.34375
2013-10-23T15:59:59.999000,0.3132530120481928
2013-10-23T16:59:59.999000,0.3333333333333333
2013-10-23T17:59:59.999000,0.3006993006993007
2013-10-23T18:59:59.999000,0.3303571428571428
2013-10-23T19:59:59.999000,0.4358974358974359
2013-10-23T20:59:59.999000,0.3805970149253731
2013-10-23T21:59:59.999000,0.3900709219858156
2013-10-23T22:59:59.999000,0.4133333333333333
2013-10-23T23:59:59.999000,0.3529411764705883
2013-10-24T00:59:59.999000,0.2412451361867704
2013-10-24T01:59:59.999000,0.2730263157894737
2013-10-24T02:59:59.999000,0.2912621359223301
2013-10-24T03:59:59.999000,0.3820224719101123
2013-10-24T04:59:59.999000,0.3780487804878049
2013-10-24T05:59:59.999000,0.3506493506493507
2013-10-24T06:59:59.999000,0.3488372093023256
2013-10-24T07:59:59.999000,0.3432835820895522
2013-10-24T08:59:59.999000,0.4078212290502793
2013-10-24T09:59:59.999000,0.4337349397590362
2013-10-24T10:59:59.999000,0.4444444444444444
2013-10-24T11:59:59.999000,0.4901960784313725
2013-10-24T12:59:59.999000,0.4713375796178344
2013-10-24T13:59:59.999000,0.4528301886792453
2013-10-24T14:59:59.999000,0.4137931034482759
2013-10-24T15:59:59.999000,0.3942857142857143
2013-10-24T16:59:59.999000,0.4156626506024096
2013-10-24T17:59:59.999000,0.3733333333333334
2013-10-24T18:59:59.999000,0.4083333333333333
2013-10-24T19:59:59.999000,0.4921875
2013-10-24T20:59:59.999000,0.4383561643835616
2013-10-24T21:59:59.999000,0.4444444444444444
2013-10-24T22:59:59.999000,0.4662576687116564
2013-10-24T23:59:59.999000,0.405940594059406
2013-10-25T00:59:59.999000,0.291970802919708
2013-10-25T01:59:59.999000,0.3177570093457944
2013-10-25T02:59:59.999000,0.3384146341463415
2013-10-25T03:59:59.999000,0.4325259515570934
2013-10-25T04:59:59.999000,0.4285714285714285
2013-10-25T05:59:59.999000,0.404
2013-10-25T06:59:59.999000,0.4051724137931034
2013-10-25T07:59:59.999000,0.4018264840182648
2013-10-25T08:59:59.999000,0.4642857142857143
2013-10-25T09:59:59.999000,0.4945652173913043
2013-10-25T10:59:59.999000,0.5027932960893855
2013-10-25T11:59:59.999000,0.5470588235294118
2013-10-25T12:59:59.999000,0.5314285714285715
2013-10-25T13:59:59.999000,0.5113636363636364
2013-10-25T14:59:59.999000,0.468421052631579
2013-10-25T15:59:59.999000,0.450261780104712
2013-10-25T16:59:59.999000,0.4666666666666667
2013-10-25T17:59:59.999000,0.4197530864197531
2013-10-25T18:59:59.999000,0.4656488549618321
2013-10-25T19:59:59.999000,0.5319148936170213
2013-10-25T20:59:59.999000,0.4779874213836478
2013-10-25T21:59:59.999000,0.4819277108433735
2013-10-25T22:59:59.999000,0.5028248587570622
2013-10-25T23:59:59.999000,0.444954128440367
2013-10-26T00:59:59.999000,0.3298969072164948
2013-10-26T01:59:59.999000,0.3519061583577713
2013-10-26T02:59:59.999000,0.3724928366762177
2013-10-26T03:59:59.999000,0.4711538461538461
2013-10-26T04:59:59.999000,0.4668989547038327
2013-10-26T05:59:59.999000,0.4444444444444444
2013-10-26T06:59:59.998000,0.4422310756972112
2013-10-26T07:59:59.998000,0.4430379746835443
2013-10-26T08:59:59.998000,0.5046728971962616
2013-10-26T09:59:59.998000,0.5369458128078818
2013-10-26T10:59:59.998000,0.5431472081218274
2013-10-26T11:59:59.998000,0.5873015873015873
2013-10-26T12:59:59.998000,0.5721649484536082
2013-10-26T13:59:59.998000,0.5538461538461539
2013-10-26T14:59:59.998000,0.5072463768115942
2013-10-26T15:59:59.998000,0.4903846153846154
2013-10-26T16:59:59.998000,0.5051020408163265
2013-10-26T17:59:59.998000,0.4597701149425287
2013-10-26T18:59:59.998000,0.5069444444444444
2013-10-26T19:59:59.998000,0.5813953488372093
2013-10-26T20:59:59.998000,0.553763440860215
2013-10-26T21:59:59.998000,0.5572916666666666
2013-10-26T22:59:59.998000,0.5792079207920792
2013-10-26T23:59:59.998000,0.5397489539748954
2013-10-27T00:59:59.998000,0.4198717948717949
2013-10-27T01:59:59.998000,0.4621621621621622
2013-10-27T02:59:59.998000,0.4621212121212121
2013-10-27T03:59:59.998000,0.5486486486486486
2013-10-27T04:59:59.998000,0.5454545454545454
2013-10-27T05:59:59.998000,0.5457413249211357
2013-10-27T06:59:59.998000,0.5491525423728814
2013-10-27T07:59:59.998000,0.5464285714285714
2013-10-27T08:59:59.998000,0.5846153846153846
2013-10-27T09:59:59.998000,0.636734693877551
2013-10-27T10:59:59.998000,0.6416666666666667
2013-10-27T11:59:59.998000,0.6812227074235808
2013-10-27T12:59:59.998000,0.6470588235294118
2013-10-27T13:59:59.998000,0.6296296296296297
2013-10-27T14:59:59.998000,0.5686274509803921
2013-10-27T15:59:59.998000,0.5634920634920635
2013-10-27T16:59:59.998000,0.5606694560669456
2013-10-27T17:59:59.998000,0.5458937198067633
2013-10-27T18:59:59.998000,0.6
2013-10-27T19:59:59.998000,0.6123348017621145
2013-10-27T20:59:59.998000,0.6053811659192825
2013-10-27T21:59:59.998000,0.6912442396313364
2013-10-27T22:59:59.998000,0.65
2013-10-27T23:59:59.998000,0.6148148148148148
2013-10-28T00:59:59.998000,0.6219512195121951
2013-10-28T01:59:59.998000,0.5502392344497608
2013-10-28T02:59:59.998000,0.5295508274231678
2013-10-28T03:59:59.998000,0.6109660574412533
2013-10-28T04:59:59.998000,0.6335227272727273
2013-10-28T05:59:59.998000,0.5779036827195467
2013-10-28T06:59:59.998000,0.6614420062695925
2013-10-28T07:59:59.998000,0.6442953020134228
2013-10-28T08:59:59.998000,0.6826568265682657
2013-10-28T09:59:59.998000,0.5778546712802768
2013-10-28T10:59:59.998000,0.6126760563380281
2013-10-28T11:59:59.998000,0.6619217081850534
2013-10-28T12:59:59.998000,0.7289377289377289
2013-10-28T13:59:59.998000,0.7111913357400722
2013-10-28T14:59:59.998000,0.6911764705882353
2013-10-28T15:59:59.998000,0.690566037735849
2013-10-28T16:59:59.998000,0.6592592592592592
2013-10-28T17:59:59.998000,0.6541666666666667
2013-10-28T18:59:59.998000,0.7067307692307693
2013-10-28T19:59:59.998000,0.6972111553784861
2013-10-28T20:59:59.998000,0.6433823529411765
2013-10-28T21:59:59.998000,0.605072463768116
2013-10-28T22:59:59.998000,0.5424242424242425
2013-10-28T23:59:59.998000,0.5361596009975063
2013-10-29T00:59:59.998000,0.5711206896551724
2013-10-29T01:59:59.998000,0.6342710997442456
2013-10-29T02:59:59.998000,0.5724815724815725
2013-10-29T03:59:59.998000,0.6766304347826086
2013-10-29T04:59:59.998000,0.7005813953488372
2013-10-29T05:59:59.998000,0.6766467065868264
2013-10-29T06:59:59.998000,0.7111801242236024
2013-10-29T07:59:59.998000,0.6948051948051948
2013-10-29T08:59:59.998000,0.7186440677966102
2013-10-29T09:59:59.998000,0.7432432432432432
2013-10-29T10:59:59.998000,0.75
2013-10-29T11:59:59.998000,0.7593220338983051
2013-10-29T12:59:59.998000,0.7660256410256411
2013-10-29T13:59:59.998000,0.7391304347826086
2013-10-29T14:59:59.998000,0.7080745341614907
2013-10-29T15:59:59.998000,0.7080745341614907
2013-10-29T16:59:59.998000,0.6687306501547987
2013-10-29T17:59:59.998000,0.6713780918727915
2013-10-29T18:59:59.998000,0.7018867924528301
2013-10-29T19:59:59.998000,0.7294117647058823
2013-10-29T20:59:59.998000,0.6836363636363636
2013-10-29T21:59:59.998000,0.6830985915492958
2013-10-29T22:59:59.998000,0.6963696369636964
2013-10-29T23:59:59.998000,0.6443148688046647
2013-10-30T00:59:59.998000,0.5567928730512249
2013-10-30T01:59:59.998000,0.5697445972495089
2013-10-30T02:59:59.998000,0.5796545105566219
2013-10-30T03:59:59.998000,0.6744186046511628
2013-10-30T04:59:59.998000,0.6829268292682927
2013-10-30T05:59:59.998000,0.6759259259259259
2013-10-30T06:59:59.998000,0.6798029556650246
2013-10-30T07:59:59.998000,0.6787564766839378
2013-10-30T08:59:59.998000,0.726027397260274
2013-10-30T09:59:59.998000,0.7380281690140845
2013-10-30T10:59:59.998000,0.7429378531073446
2013-10-30T11:59:59.998000,0.7621776504297995
2013-10-30T12:59:59.998000,0.7591036414565826
2013-10-30T13:59:59.998000,0.7507002801120448
2013-10-30T14:59:59.998000,0.7091412742382271
2013-10-30T15:59:59.998000,0.6761363636363636
2013-10-30T16:59:59.998000,0.6867469879518072
2013-10-30T17:59:59.998000,0.6655518394648829
2013-10-30T18:59:59.998000,0.7099236641221374
2013-10-30T19:59:59.998000,0.717948717948718
2013-10-30T20:59:59.998000,0.6745098039215687
2013-10-30T21:59:59.998000,0.6730038022813688
2013-10-30T22:59:59.998000,0.6845878136200717
2013-10-30T23:59:59.998000,0.621875
2013-10-31T00:59:59.998000,0.5323741007194245
2013-10-31T01:59:59.998000,0.5376569037656904
2013-10-31T02:59:59.998000,0.5557809330628803
2013-10-31T03:59:59.998000,0.6365638766519823
2013-10-31T04:59:59.998000,0.6433566433566433
2013-10-31T05:59:59.998000,0.6332518337408313
2013-10-31T06:59:59.998000,0.6363636363636364
2013-10-31T07:59:59.998000,0.639344262295082
2013-10-31T08:59:59.998000,0.6900584795321637
2013-10-31T09:59:59.998000,0.7151515151515152
2013-10-31T10:59:59.998000,0.725609756097561
2013-10-31T11:59:59.998000,0.7577639751552795
2013-10-31T12:59:59.998000,0.7438271604938271
2013-10-31T13:59:59.998000,0.7272727272727273
2013-10-31T14:59:59.998000,0.6851851851851852
2013-10-31T15:59:59.998000,0.6718266253869969
2013-10-31T16:59:59.998000,0.6766666666666666
2013-10-31T17:59:59.998000,0.6505576208178439
2013-10-31T18:59:59.998000,0.6991525423728814
2013-10-31T19:59:59.998000,0.6889952153110048
2013-10-31T20:59:59.998000,0.6419213973799127
2013-10-31T21:59:59.998000,0.6413502109704642
2013-10-31T22:59:59.998000,0.6561264822134387
2013-10-31T23:59:59.998000,0.5932203389830508
2013-11-01T00:59:59.998000,0.4947916666666667
2013-11-01T01:59:59.998000,0.5034013605442177
2013-11-01T02:59:59.998000,0.5230769230769231
2013-11-01T03:59:59.998000,0.6085918854415274
2013-11-01T04:59:59.998000,0.6122448979591837
2013-11-01T05:59:59.998000,0.6005361930294906
2013-11-01T06:59:59.998000,0.6045845272206304
2013-11-01T07:59:59.998000,0.6066066066066066
2013-11-01T08:59:59.998000,0.6601941747572816
2013-11-01T09:59:59.998000,0.6868686868686869
2013-11-01T10:59:59.998000,0.6983050847457627
2013-11-01T11:59:59.998000,0.7335640138408305
2013-11-01T12:59:59.998000,0.718213058419244
2013-11-01T13:59:59.998000,0.7013888888888888
2013-11-01T14:59:59.998000,0.6564625850340136
2013-11-01T15:59:59.998000,0.6428571428571429
2013-11-01T16:59:59.998000,0.6483516483516484
2013-11-01T17:59:59.998000,0.6163265306122448
2013-11-01T18:59:59.998000,0.6698113207547169
2013-11-01T19:59:59.998000,0.6526315789473685
2013-11-01T20:59:59.998000,0.6047619047619047
2013-11-01T21:59:59.998000,0.6036866359447005
2013-11-01T22:59:59.998000,0.6223175965665236
2013-11-01T23:59:59.998000,0.5631768953068592
2013-11-02T00:59:59.998000,0.4568245125348189
2013-11-02T01:59:59.998000,0.4674698795180723
2013-11-02T02:59:59.998000,0.4895104895104895
2013-11-02T03:59:59.998000,0.5822784810126582
2013-11-02T04:59:59.998000,0.5819672131147541
2013-11-02T05:59:59.998000,0.5677233429394812
2013-11-02T06:59:59.998000,0.5679012345679012
2013-11-02T07:59:59.998000,0.5714285714285714
2013-11-02T08:59:59.998000,0.6267605633802817
2013-11-02T09:59:59.998000,0.6556776556776557
2013-11-02T10:59:59.998000,0.6654275092936803
2013-11-02T11:59:59.998000,0.7022900763358778
2013-11-02T12:59:59.998000,0.6879699248120301
2013-11-02T13:59:59.998000,0.6704545454545454
2013-11-02T14:59:59.998000,0.625
2013-11-02T15:59:59.998000,0.6117216117216118
2013-11-02T16:59:59.998000,0.6181102362204725
2013-11-02T17:59:59.998000,0.5822222222222222
2013-11-02T18:59:59.998000,0.634020618556701
2013-11-02T19:59:59.998000,0.5885714285714285
2013-11-02T20:59:59.998000,0.5631578947368421
2013-11-02T21:59:59.998000,0.5663265306122449
2013-11-02T22:59:59.998000,0.587378640776699
2013-11-02T23:59:59.998000,0.5473251028806584
2013-11-03T00:59:59.998000,0.4290220820189274
2013-11-03T01:59:59.998000,0.4707446808510639
2013-11-03T02:59:59.998000,0.4714640198511166
2013-11-03T03:59:59.998000,0.5558510638297872
2013-11-03T04:59:59.998000,0.553314121037464
2013-11-03T05:59:59.998000,0.5541795665634675
2013-11-03T06:59:59.998000,0.5581395348837209
2013-11-03T07:59:59.998000,0.5543859649122806
2013-11-03T08:59:59.998000,0.5909090909090909
2013-11-03T09:59:59.998000,0.644
2013-11-03T10:59:59.998000,0.6489795918367347
2013-11-03T11:59:59.998000,0.6893617021276596
2013-11-03T12:59:59.998000,0.654320987654321
2013-11-03T13:59:59.998000,0.6370967741935484
2013-11-03T14:59:59.998000,0.5769230769230769
2013-11-03T15:59:59.998000,0.5719844357976653
2013-11-03T16:59:59.998000,0.569672131147541
2013-11-03T17:59:59.998000,0.5523809523809524
2013-11-03T18:59:59.998000,0.6089385474860335
2013-11-03T19:59:59.998000,0.5028248587570622
2013-11-03T20:59:59.998000,0.5111111111111111
2013-11-03T21:59:59.998000,0.5963855421686747
2013-11-03T22:59:59.998000,0.5647668393782384
2013-11-03T23:59:59.998000,0.543859649122807
2013-11-04T00:59:59.998000,0.5407407407407407
2013-11-04T01:59:59.998000,0.4613180515759313
2013-11-04T02:59:59.998000,0.4517906336088154
2013-11-04T03:59:59.998000,0.5415384615384615
2013-11-04T04:59:59.998000,0.5627118644067797
2013-11-04T05:59:59.998000,0.4897260273972603
2013-11-04T06:59:59.998000,0.5797665369649806
2013-11-04T07:59:59.998000,0.5673469387755102
2013-11-04T08:59:59.998000,0.5865384615384616
2013-11-04T09:59:59.998000,0.4649122807017544
2013-11-04T10:59:59.998000,0.5067264573991032
2013-11-04T11:59:59.998000,0.5642201834862385
2013-11-04T12:59:59.998000,0.645933014354067
2013-11-04T13:59:59.998000,0.634703196347032
2013-11-04T14:59:59.998000,0.6093023255813953
2013-11-04T15:59:59.998000,0.6203703703703703
2013-11-04T16:59:59.998000,0.576036866359447
2013-11-04T17:59:59.998000,0.5808080808080808
2013-11-04T18:59:59.998000,0.6234567901234568
2013-11-04T19:59:59.998000,0.5706214689265536
2013-11-04T20:59:59.998000,0.5424528301886793
2013-11-04T21:59:59.998000,0.4734299516908212
2013-11-04T22:59:59.998000,0.407843137254902
2013-11-04T23:59:59.998000,0.4019292604501608
2013-11-05T00:59:59.998000,0.4517906336088154
2013-11-05T01:59:59.998000,0.5085910652920962
2013-11-05T02:59:59.998000,0.4368932038834951
2013-11-05T03:59:59.998000,0.5458015267175572
2013-11-05T04:59:59.998000,0.5795918367346938
2013-11-05T05:59:59.998000,0.5443037974683544
2013-11-05T06:59:59.998000,0.5829596412556054
2013-11-05T07:59:59.998000,0.5627906976744186
2013-11-05T08:59:59.998000,0.585
2013-11-05T09:59:59.998000,0.6218905472636815
2013-11-05T10:59:59.998000,0.6134020618556701
2013-11-05T11:59:59.998000,0.6502463054187192
2013-11-05T12:59:59.998000,0.6556603773584906
2013-11-05T13:59:59.998000,0.6181818181818182
2013-11-05T14:59:59.998000,0.5859030837004405
2013-11-05T15:59:59.998000,0.6
2013-11-05T16:59:59.998000,0.5446808510638298
2013-11-05T17:59:59.998000,0.5694444444444444
2013-11-05T18:59:59.998000,0.5706521739130435
2013-11-05T19:59:59.998000,0.603448275862069
2013-11-05T20:59:59.998000,0.5561224489795918
2013-11-05T21:59:59.998000,0.5566502463054187
2013-11-05T22:59:59.998000,0.5799086757990868
2013-11-05T23:59:59.998000,0.5325670498084292
2013-11-06T00:59:59.998000,0.4112426035502958
2013-11-06T01:59:59.998000,0.4281984334203655
2013-11-06T02:59:59.998000,0.449748743718593
2013-11-06T03:59:59.998000,0.5612535612535613
2013-11-06T04:59:59.998000,0.5640243902439024
2013-11-06T05:59:59.998000,0.5498392282958199
2013-11-06T06:59:59.998000,0.5454545454545454
2013-11-06T07:59:59.998000,0.5507246376811594
2013-11-06T08:59:59.998000,0.601593625498008
2013-11-06T09:59:59.998000,0.6172839506172839
2013-11-06T10:59:59.998000,0.6208333333333333
2013-11-06T11:59:59.998000,0.6541666666666667
2013-11-06T12:59:59.998000,0.6460905349794238
2013-11-06T13:59:59.998000,0.644
2013-11-06T14:59:59.998000,0.5945945945945946
2013-11-06T15:59:59.998000,0.5665399239543726
2013-11-06T16:59:59.998000,0.5737704918032787
2013-11-06T17:59:59.998000,0.5391705069124424
2013-11-06T18:59:59.998000,0.5846994535519126
2013-11-06T19:59:59.998000,0.6451612903225806
2013-11-06T20:59:59.998000,0.5970873786407767
2013-11-06T21:59:59.998000,0.596244131455399
2013-11-06T22:59:59.998000,0.6157205240174672
2013-11-06T23:59:59.998000,0.56
2013-11-07T00:59:59.998000,0.4522471910112359
2013-11-07T01:59:59.998000,0.4635922330097088
2013-11-07T02:59:59.998000,0.4859154929577465
2013-11-07T03:59:59.998000,0.5812182741116751
2013-11-07T04:59:59.998000,0.5785123966942148
2013-11-07T05:59:59.998000,0.5626822157434402
2013-11-07T06:59:59.998000,0.5625
2013-11-07T07:59:59.998000,0.5657894736842105
2013-11-07T08:59:59.998000,0.6214285714285714
2013-11-07T09:59:59.998000,0.6505576208178439
2013-11-07T10:59:59.998000,0.6590909090909091
2013-11-07T11:59:59.998000,0.6953125
2013-11-07T12:59:59.998000,0.683206106870229
2013-11-07T13:59:59.998000,0.6653846153846154
2013-11-07T14:59:59.998000,0.620817843866171
2013-11-07T15:59:59.998000,0.6074074074074074
2013-11-07T16:59:59.998000,0.6135458167330677
2013-11-07T17:59:59.998000,0.5746606334841629
2013-11-07T18:59:59.998000,0.6263157894736842
2013-11-07T19:59:59.998000,0.6285714285714286
2013-11-07T20:59:59.998000,0.5773195876288659
2013-11-07T21:59:59.998000,0.5771144278606966
2013-11-07T22:59:59.998000,0.5972222222222222
2013-11-07T23:59:59.998000,0.5384615384615384
2013-11-08T00:59:59.998000,0.4260355029585799
2013-11-08T01:59:59.998000,0.4384615384615385
2013-11-08T02:59:59.998000,0.4615384615384616
2013-11-08T03:59:59.998000,0.5591397849462365
2013-11-08T04:59:59.998000,0.5568513119533528
2013-11-08T05:59:59.998000,0.5401234567901234
2013-11-08T06:59:59.998000,0.543046357615894
2013-11-08T07:59:59.998000,0.5435540069686411
2013-11-08T08:59:59.998000,0.6022727272727273
2013-11-08T09:59:59.998000,0.6324110671936759
2013-11-08T10:59:59.998000,0.6411290322580645
2013-11-08T11:59:59.998000,0.6791666666666667
2013-11-08T12:59:59.998000,0.6666666666666666
2013-11-08T13:59:59.998000,0.6475409836065574
2013-11-08T14:59:59.998000,0.6023622047244095
2013-11-08T15:59:59.998000,0.5866141732283464
2013-11-08T16:59:59.998000,0.5949367088607594
2013-11-08T17:59:59.998000,0.5523809523809524
2013-11-08T18:59:59.998000,0.6089385474860335
2013-11-08T19:59:59.998000,0.6140350877192983
2013-11-08T20:59:59.998000,0.5631578947368421
2013-11-08T21:59:59.998000,0.5634517766497462
2013-11-08T22:59:59.998000,0.5829383886255924
2013-11-08T23:59:59.998000,0.5236220472440944
2013-11-09T00:59:59.998000,0.4108761329305136
2013-11-09T01:59:59.998000,0.422976501305483
2013-11-09T02:59:59.998000,0.446969696969697
2013-11-09T03:59:59.998000,0.5454545454545454
2013-11-09T04:59:59.998000,0.5432835820895522
2013-11-09T05:59:59.998000,0.526813880126183
2013-11-09T06:59:59.998000,0.527027027027027
2013-11-09T07:59:59.998000,0.5302491103202847
2013-11-09T08:59:59.998000,0.5891472868217055
2013-11-09T09:59:59.998000,0.6194331983805668
2013-11-09T10:59:59.998000,0.628099173553719
2013-11-09T11:59:59.998000,0.6680851063829787
2013-11-09T12:59:59.998000,0.6541666666666667
2013-11-09T13:59:59.998000,0.634453781512605
2013-11-09T14:59:59.998000,0.5887096774193549
2013-11-09T15:59:59.998000,0.5742971887550201
2013-11-09T16:59:59.998000,0.5818965517241379
2013-11-09T17:59:59.998000,0.5392156862745098
2013-11-09T18:59:59.998000,0.5942857142857143
2013-11-09T19:59:59.998000,0.5714285714285714
2013-11-09T20:59:59.998000,0.546448087431694
2013-11-09T21:59:59.998000,0.5478723404255319
2013-11-09T22:59:59.998000,0.5707070707070707
2013-11-09T23:59:59.998000,0.5278969957081545
2013-11-10T00:59:59.998000,0.4065573770491803
2013-11-10T01:59:59.998000,0.4502762430939227
2013-11-10T02:59:59.998000,0.4496124031007752
2013-11-10T03:59:59.998000,0.5361111111111111
2013-11-10T04:59:59.998000,0.5331325301204819
2013-11-10T05:59:59.998000,0.5339805825242718
2013-11-10T06:59:59.998000,0.5381944444444444
2013-11-10T07:59:59.998000,0.5347985347985348
2013-11-10T08:59:59.998000,0.5731225296442688
2013-11-10T09:59:59.998000,0.6276150627615062
2013-11-10T10:59:59.998000,0.6324786324786325
2013-11-10T11:59:59.998000,0.6741071428571429
2013-11-10T12:59:59.998000,0.6394849785407726
2013-11-10T13:59:59.998000,0.620253164556962
2013-11-10T14:59:59.998000,0.5582329317269076
2013-11-10T15:59:59.998000,0.5528455284552846
2013-11-10T16:59:59.998000,0.5493562231759657
2013-11-10T17:59:59.998000,0.5346534653465347
2013-11-10T18:59:59.998000,0.5906432748538012
2013-11-10T19:59:59.998000,0.4792899408284024
2013-11-10T20:59:59.998000,0.4853801169590643
2013-11-10T21:59:59.998000,0.5759493670886076
2013-11-10T22:59:59.998000,0.5434782608695652
2013-11-10T23:59:59.998000,0.5207373271889401
2013-11-11T00:59:59.998000,0.5175097276264592
2013-11-11T01:59:59.998000,0.4354354354354354
2013-11-11T02:59:59.998000,0.4248554913294798
2013-11-11T03:59:59.998000,0.517799352750809
2013-11-11T04:59:59.998000,0.5392857142857143
2013-11-11T05:59:59.998000,0.4640287769784173
2013-11-11T06:59:59.998000,0.5573770491803278
2013-11-11T07:59:59.998000,0.5450643776824035
2013-11-11T08:59:59.998000,0.5656565656565656
2013-11-11T09:59:59.998000,0.4403669724770642
2013-11-11T10:59:59.998000,0.4835680751173709
2013-11-11T11:59:59.998000,0.5410628019323671
2013-11-11T12:59:59.998000,0.6262626262626263
2013-11-11T13:59:59.998000,0.6153846153846154
2013-11-11T14:59:59.998000,0.5882352941176471
2013-11-11T15:59:59.998000,0.6
2013-11-11T16:59:59.998000,0.5533980582524272
2013-11-11T17:59:59.998000,0.5585106382978723
2013-11-11T18:59:59.998000,0.6038961038961039
2013-11-11T19:59:59.998000,0.5449101796407185
2013-11-11T20:59:59.998000,0.5174129353233831
2013-11-11T21:59:59.998000,0.4438775510204082
2013-11-11T22:59:59.998000,0.3786008230452675
2013-11-11T23:59:59.998000,0.3716216216216216
2013-11-12T00:59:59.998000,0.4215116279069768
2013-11-12T01:59:59.998000,0.4818840579710145
2013-11-12T02:59:59.998000,0.4081632653061225
2013-11-12T03:59:59.998000,0.5201612903225806
2013-11-12T04:59:59.998000,0.5560344827586207
2013-11-12T05:59:59.998000,0.5178571428571429
2013-11-12T06:59:59.998000,0.5592417061611374
2013-11-12T07:59:59.998000,0.5369458128078818
2013-11-12T08:59:59.998000,0.5608465608465608
2013-11-12T09:59:59.998000,0.6
2013-11-12T10:59:59.998000,0.5901639344262295
2013-11-12T11:59:59.998000,0.6282722513089005
2013-11-12T12:59:59.998000,0.635
2013-11-12T13:59:59.998000,0.5961538461538461
2013-11-12T14:59:59.998000,0.5627906976744186
2013-11-12T15:59:59.998000,0.5765765765765766
2013-11-12T16:59:59.998000,0.5201793721973094
2013-11-12T17:59:59.998000,0.5441176470588235
2013-11-12T18:59:59.998000,0.5459770114942529
2013-11-12T19:59:59.998000,0.6011560693641619
2013-11-12T20:59:59.998000,0.5561224489795918
2013-11-12T21:59:59.998000,0.5566502463054187
2013-11-12T22:59:59.998000,0.5779816513761468
2013-11-12T23:59:59.998000,0.5307692307692308
2013-11-13T00:59:59.998000,0.4094955489614243
2013-11-13T01:59:59.998000,0.4281984334203655
2013-11-13T02:59:59.998000,0.4483627204030227
2013-11-13T03:59:59.998000,0.56
2013-11-13T04:59:59.998000,0.5626911314984709
2013-11-13T05:59:59.998000,0.5483870967741935
2013-11-13T06:59:59.998000,0.543859649122807
2013-11-13T07:59:59.998000,0.5507246376811594
2013-11-13T08:59:59.998000,0.6
2013-11-13T09:59:59.998000,0.6157024793388429
2013-11-13T10:59:59.998000,0.6192468619246861
2013-11-13T11:59:59.998000,0.6541666666666667
2013-11-13T12:59:59.998000,0.6460905349794238
2013-11-13T13:59:59.998000,0.642570281124498
2013-11-13T14:59:59.998000,0.5930232558139535
2013-11-13T15:59:59.998000,0.5648854961832062
2013-11-13T16:59:59.998000,0.5720164609053497
2013-11-13T17:59:59.998000,0.5370370370370371
2013-11-13T18:59:59.998000,0.5846994535519126
2013-11-13T19:59:59.998000,0.65625
2013-11-13T20:59:59.998000,0.6084905660377359
2013-11-13T21:59:59.998000,0.6090909090909091
2013-11-13T22:59:59.998000,0.625531914893617
2013-11-13T23:59:59.998000,0.5663082437275986
2013-11-14T00:59:59.998000,0.4613259668508287
2013-11-14T01:59:59.998000,0.4712918660287082
2013-11-14T02:59:59.998000,0.4930555555555556
2013-11-14T03:59:59.998000,0.5843828715365239
2013-11-14T04:59:59.998000,0.5853658536585366
2013-11-14T05:59:59.998000,0.5714285714285714
2013-11-14T06:59:59.998000,0.5718654434250765
2013-11-14T07:59:59.998000,0.5755627009646302
2013-11-14T08:59:59.998000,0.6306620209059234
2013-11-14T09:59:59.998000,0.6594202898550725
2013-11-14T10:59:59.998000,0.6691176470588235
2013-11-14T11:59:59.998000,0.7056603773584905
2013-11-14T12:59:59.998000,0.6914498141263941
2013-11-14T13:59:59.998000,0.6741573033707865
2013-11-14T14:59:59.998000,0.6290909090909091
2013-11-14T15:59:59.998000,0.6145454545454545
2013-11-14T16:59:59.998000,0.62109375
2013-11-14T17:59:59.998000,0.5859030837004405
2013-11-14T18:59:59.998000,0.6377551020408163
2013-11-14T19:59:59.998000,0.6813725490196079
2013-11-14T20:59:59.998000,0.6339285714285714
2013-11-14T21:59:59.998000,0.6336206896551724
2013-11-14T22:59:59.998000,0.6477732793522267
2013-11-14T23:59:59.998000,0.5862068965517241
2013-11-15T00:59:59.998000,0.4867724867724867
2013-11-15T01:59:59.998000,0.4953917050691244
2013-11-15T02:59:59.998000,0.5145413870246085
2013-11-15T03:59:59.998000,0.6019417475728155
2013-11-15T04:59:59.998000,0.6051948051948052
2013-11-15T05:59:59.998000,0.592896174863388
2013-11-15T06:59:59.998000,0.5964912280701754
2013-11-15T07:59:59.998000,0.598159509202454
2013-11-15T08:59:59.998000,0.652317880794702
2013-11-15T09:59:59.998000,0.6804123711340206
2013-11-15T10:59:59.998000,0.6909722222222222
2013-11-15T11:59:59.998000,0.7269503546099291
2013-11-15T12:59:59.998000,0.7112676056338029
2013-11-15T13:59:59.998000,0.693950177935943
2013-11-15T14:59:59.998000,0.6493055555555556
2013-11-15T15:59:59.998000,0.6354166666666666
2013-11-15T16:59:59.998000,0.6417910447761194
2013-11-15T17:59:59.998000,0.606694560669456
2013-11-15T18:59:59.998000,0.6618357487922706
2013-11-15T19:59:59.998000,0.7105263157894737
2013-11-15T20:59:59.998000,0.668
2013-11-15T21:59:59.998000,0.6653696498054474
2013-11-15T22:59:59.998000,0.6776556776556777
2013-11-15T23:59:59.998000,0.6146496815286624
2013-11-16T00:59:59.998000,0.524390243902439
2013-11-16T01:59:59.998000,0.5287846481876333
2013-11-16T02:59:59.998000,0.5475206611570248
2013-11-16T03:59:59.998000,0.6283783783783784
2013-11-16T04:59:59.998000,0.6357142857142857
2013-11-16T05:59:59.998000,0.625
2013-11-16T06:59:59.998000,0.6276595744680851
2013-11-16T07:59:59.998000,0.6312849162011173
2013-11-16T08:59:59.998000,0.6826347305389222
2013-11-16T09:59:59.998000,0.7080745341614907
2013-11-16T10:59:59.998000,0.719626168224299
2013-11-16T11:59:59.998000,0.7523809523809524
2013-11-16T12:59:59.998000,0.7373417721518988
2013-11-16T13:59:59.998000,0.7211538461538461
2013-11-16T14:59:59.998000,0.6782334384858044
2013-11-16T15:59:59.998000,0.6645569620253164
2013-11-16T16:59:59.998000,0.6700680272108843
2013-11-16T17:59:59.998000,0.6425855513307985
2013-11-16T18:59:59.998000,0.691304347826087
2013-11-16T19:59:59.998000,0.6974789915966386
2013-11-16T20:59:59.998000,0.6745098039215687
2013-11-16T21:59:59.998000,0.6768060836501901
2013-11-16T22:59:59.998000,0.6875
2013-11-16T23:59:59.998000,0.6416938110749185
2013-11-17T00:59:59.998000,0.5508684863523573
2013-11-17T01:59:59.998000,0.5783898305084746
2013-11-17T02:59:59.998000,0.5731462925851704
2013-11-17T03:59:59.998000,0.6377440347071583
2013-11-17T04:59:59.998000,0.6444954128440367
2013-11-17T05:59:59.998000,0.6513317191283293
2013-11-17T06:59:59.998000,0.6572164948453608
2013-11-17T07:59:59.998000,0.6539509536784741
2013-11-17T08:59:59.998000,0.6878612716763006
2013-11-17T09:59:59.998000,0.729483282674772
2013-11-17T10:59:59.998000,0.7386018237082067
2013-11-17T11:59:59.998000,0.7739938080495357
2013-11-17T12:59:59.998000,0.7431192660550459
2013-11-17T13:59:59.998000,0.7247706422018348
2013-11-17T14:59:59.998000,0.6726190476190477
2013-11-17T15:59:59.998000,0.6656534954407295
2013-11-17T16:59:59.998000,0.662379421221865
2013-11-17T17:59:59.998000,0.6581818181818182
2013-11-17T18:59:59.998000,0.7046413502109705
2013-11-17T19:59:59.998000,0.6408163265306123
2013-11-17T20:59:59.998000,0.6333333333333333
2013-11-17T21:59:59.998000,0.7148936170212766
2013-11-17T22:59:59.998000,0.6756756756756757
2013-11-17T23:59:59.998000,0.6413793103448275
2013-11-18T00:59:59.998000,0.6487252124645893
2013-11-18T01:59:59.998000,0.5803571428571429
2013-11-18T02:59:59.998000,0.5597345132743363
2013-11-18T03:59:59.998000,0.6374695863746959
2013-11-18T04:59:59.998000,0.6596306068601583
2013-11-18T05:59:59.998000,0.6068601583113457
2013-11-18T06:59:59.998000,0.686046511627907
2013-11-18T07:59:59.998000,0.6697819314641744
2013-11-18T08:59:59.998000,0.7064846416382252
2013-11-18T09:59:59.998000,0.6089743589743589
2013-11-18T10:59:59.998000,0.6405228758169934
2013-11-18T11:59:59.998000,0.6875
2013-11-18T12:59:59.998000,0.75
2013-11-18T13:59:59.998000,0.7333333333333333
2013-11-18T14:59:59.998000,0.7142857142857143
2013-11-18T15:59:59.998000,0.7132867132867133
2013-11-18T16:59:59.998000,0.6838487972508591
2013-11-18T17:59:59.998000,0.6795366795366795
2013-11-18T18:59:59.998000,0.7288888888888889
2013-11-18T19:59:59.998000,0.6622222222222223
2013-11-18T20:59:59.998000,0.612
2013-11-18T21:59:59.998000,0.5657370517928287
2013-11-18T22:59:59.998000,0.5016501650165016
2013-11-18T23:59:59.998000,0.4972972972972973
2013-11-19T00:59:59.998000,0.5350467289719626
2013-11-19T01:59:59.998000,0.5971830985915493
2013-11-19T02:59:59.998000,0.532258064516129
2013-11-19T03:59:59.998000,0.6404833836858006
2013-11-19T04:59:59.998000,0.6666666666666666
2013-11-19T05:59:59.998000,0.6387959866220736
2013-11-19T06:59:59.998000,0.6748251748251748
2013-11-19T07:59:59.998000,0.6581818181818182
2013-11-19T08:59:59.998000,0.6819923371647509
2013-11-19T09:59:59.998000,0.7099236641221374
2013-11-19T10:59:59.998000,0.714828897338403
2013-11-19T11:59:59.998000,0.7290076335877863
2013-11-19T12:59:59.998000,0.7364620938628159
2013-11-19T13:59:59.998000,0.7073170731707317
2013-11-19T14:59:59.998000,0.6747404844290658
2013-11-19T15:59:59.998000,0.6769759450171822
2013-11-19T16:59:59.998000,0.6335616438356164
2013-11-19T17:59:59.998000,0.640926640926641
2013-11-19T18:59:59.998000,0.6666666666666666
2013-11-19T19:59:59.998000,0.6698564593301436
2013-11-19T20:59:59.998000,0.6217391304347826
2013-11-19T21:59:59.998000,0.620253164556962
2013-11-19T22:59:59.998000,0.6392156862745098
2013-11-19T23:59:59.998000,0.5878378378378378
2013-11-20T00:59:59.998000,0.4844559585492228
2013-11-20T01:59:59.998000,0.4988558352402746
2013-11-20T02:59:59.998000,0.5133333333333333
2013-11-20T03:59:59.998000,0.6169154228855721
2013-11-20T04:59:59.998000,0.6226912928759895
2013-11-20T05:59:59.998000,0.6143250688705234
2013-11-20T06:59:59.998000,0.6142433234421365
2013-11-20T07:59:59.998000,0.6149068322981367
2013-11-20T08:59:59.998000,0.6666666666666666
2013-11-20T09:59:59.998000,0.6804123711340206
2013-11-20T10:59:59.998000,0.6862068965517242
2013-11-20T11:59:59.998000,0.7118055555555556
2013-11-20T12:59:59.998000,0.7064846416382252
2013-11-20T13:59:59.998000,0.6993243243243243
2013-11-20T14:59:59.998000,0.652317880794702
2013-11-20T15:59:59.998000,0.6212624584717608
2013-11-20T16:59:59.998000,0.6312056737588653
2013-11-20T17:59:59.998000,0.601593625498008
2013-11-20T18:59:59.998000,0.6497695852534562
2013-11-20T19:59:59.998000,0.6842105263157895
2013-11-20T20:59:59.998000,0.6391304347826087
2013-11-20T21:59:59.998000,0.6371308016877637
2013-11-20T22:59:59.998000,0.6507936507936508
2013-11-20T23:59:59.998000,0.5898305084745763
2013-11-21T00:59:59.998000,0.4921875
2013-11-21T01:59:59.998000,0.4988662131519274
2013-11-21T02:59:59.998000,0.5186813186813187
2013-11-21T03:59:59.998000,0.6052631578947368
2013-11-21T04:59:59.998000,0.6096938775510204
2013-11-21T05:59:59.998000,0.5978552278820375
2013-11-21T06:59:59.998000,0.5988538681948424
2013-11-21T07:59:59.998000,0.6024096385542169
2013-11-21T08:59:59.998000,0.656957928802589
2013-11-21T09:59:59.998000,0.6835016835016835
2013-11-21T10:59:59.998000,0.6938775510204082
2013-11-21T11:59:59.998000,0.7291666666666666
2013-11-21T12:59:59.998000,0.7147766323024055
2013-11-21T13:59:59.998000,0.6968641114982579
2013-11-21T14:59:59.998000,0.6530612244897959
2013-11-21T15:59:59.998000,0.6394557823129252
2013-11-21T16:59:59.998000,0.6446886446886447
2013-11-21T17:59:59.998000,0.6131687242798354
2013-11-21T18:59:59.998000,0.6650943396226415
2013-11-21T19:59:59.998000,0.6844660194174758
2013-11-21T20:59:59.998000,0.6387665198237885
2013-11-21T21:59:59.998000,0.6382978723404256
2013-11-21T22:59:59.998000,0.6533864541832669
2013-11-21T23:59:59.998000,0.5918367346938775
2013-11-22T00:59:59.998000,0.4921465968586388
2013-11-22T01:59:59.998000,0.5011389521640092
2013-11-22T02:59:59.998000,0.5209713024282561
2013-11-22T03:59:59.998000,0.6076555023923444
2013-11-22T04:59:59.998000,0.6102564102564103
2013-11-22T05:59:59.998000,0.5983827493261455
2013-11-22T06:59:59.998000,0.6011560693641619
2013-11-22T07:59:59.998000,0.603030303030303
2013-11-22T08:59:59.998000,0.6568627450980392
2013-11-22T09:59:59.998000,0.6847457627118644
2013-11-22T10:59:59.998000,0.6952054794520548
2013-11-22T11:59:59.998000,0.7298245614035088
2013-11-22T12:59:59.998000,0.7152777777777778
2013-11-22T13:59:59.998000,0.6982456140350877
2013-11-22T14:59:59.998000,0.6541095890410958
2013-11-22T15:59:59.998000,0.6404109589041096
2013-11-22T16:59:59.998000,0.6470588235294118
2013-11-22T17:59:59.998000,0.6115702479338843
2013-11-22T18:59:59.998000,0.6650717703349283
2013-11-22T19:59:59.998000,0.6649746192893401
2013-11-22T20:59:59.998000,0.6175115207373272
2013-11-22T21:59:59.998000,0.6160714285714286
2013-11-22T22:59:59.998000,0.6317991631799164
2013-11-22T23:59:59.998000,0.5724381625441696
2013-11-23T00:59:59.998000,0.4686648501362398
2013-11-23T01:59:59.998000,0.4775413711583925
2013-11-23T02:59:59.998000,0.4988558352402746
2013-11-23T03:59:59.998000,0.5895522388059702
2013-11-23T04:59:59.998000,0.5909090909090909
2013-11-23T05:59:59.998000,0.5774647887323944
2013-11-23T06:59:59.998000,0.5795795795795796
2013-11-23T07:59:59.998000,0.5822784810126582
2013-11-23T08:59:59.998000,0.636986301369863
2013-11-23T09:59:59.998000,0.6654804270462633
2013-11-23T10:59:59.998000,0.6762589928057554
2013-11-23T11:59:59.998000,0.7121771217712177
2013-11-23T12:59:59.998000,0.6981818181818182
2013-11-23T13:59:59.998000,0.6801470588235294
2013-11-23T14:59:59.998000,0.6344086021505376
2013-11-23T15:59:59.998000,0.6214285714285714
2013-11-23T16:59:59.998000,0.6269230769230769
2013-11-23T17:59:59.998000,0.5930735930735931
2013-11-23T18:59:59.998000,0.645
2013-11-23T19:59:59.998000,0.6269430051813472
2013-11-23T20:59:59.998000,0.6009615384615384
2013-11-23T21:59:59.998000,0.6046511627906976
2013-11-23T22:59:59.998000,0.6222222222222222
2013-11-23T23:59:59.998000,0.5769230769230769
2013-11-24T00:59:59.998000,0.469208211143695
2013-11-24T01:59:59.998000,0.5049751243781094
2013-11-24T02:59:59.998000,0.5034965034965035
2013-11-24T03:59:59.998000,0.5793450881612091
2013-11-24T04:59:59.998000,0.581081081081081
2013-11-24T05:59:59.998000,0.5850144092219021
2013-11-24T06:59:59.998000,0.5895061728395061
2013-11-24T07:59:59.998000,0.5863192182410424
2013-11-24T08:59:59.998000,0.6236933797909407
2013-11-24T09:59:59.998000,0.6715867158671587
2013-11-24T10:59:59.998000,0.6791044776119403
2013-11-24T11:59:59.998000,0.7181467181467182
2013-11-24T12:59:59.998000,0.6853932584269663
2013-11-24T13:59:59.998000,0.6654275092936803
2013-11-24T14:59:59.998000,0.6071428571428571
2013-11-24T15:59:59.998000,0.6028880866425993
2013-11-24T16:59:59.998000,0.5992366412213741
2013-11-24T17:59:59.998000,0.5877192982456141
2013-11-24T18:59:59.998000,0.6410256410256411
2013-11-24T19:59:59.998000,0.5416666666666666
2013-11-24T20:59:59.998000,0.5440414507772021
2013-11-24T21:59:59.998000,0.6298342541436464
2013-11-24T22:59:59.998000,0.5942028985507246
2013-11-24T23:59:59.998000,0.5702479338842975
2013-11-25T00:59:59.998000,0.5694444444444444
2013-11-25T01:59:59.998000,0.4918918918918919
2013-11-25T02:59:59.998000,0.4804177545691906
2013-11-25T03:59:59.998000,0.5668604651162791
2013-11-25T04:59:59.998000,0.5878594249201278
2013-11-25T05:59:59.998000,0.5209003215434084
2013-11-25T06:59:59.998000,0.6086956521739131
2013-11-25T07:59:59.998000,0.5954198473282443
2013-11-25T08:59:59.998000,0.6194690265486725
2013-11-25T09:59:59.998000,0.5040650406504065
2013-11-25T10:59:59.998000,0.5435684647302904
2013-11-25T11:59:59.998000,0.597457627118644
2013-11-25T12:59:59.998000,0.6754385964912281
2013-11-25T13:59:59.998000,0.6624472573839663
2013-11-25T14:59:59.998000,0.6379310344827587
2013-11-25T15:59:59.998000,0.646551724137931
2013-11-25T16:59:59.998000,0.6051502145922747
2013-11-25T17:59:59.998000,0.6066350710900474
2013-11-25T18:59:59.998000,0.6534090909090909
2013-11-25T19:59:59.998000,0.5632183908045977
2013-11-25T20:59:59.998000,0.5336538461538461
2013-11-25T21:59:59.998000,0.4630541871921182
2013-11-25T22:59:59.998000,0.398406374501992
2013-11-25T23:59:59.998000,0.3901639344262295
2013-11-26T00:59:59.998000,0.4410112359550562
2013-11-26T01:59:59.998000,0.5
2013-11-26T02:59:59.998000,0.4257425742574257
2013-11-26T03:59:59.998000,0.5369649805447471
2013-11-26T04:59:59.998000,0.5726141078838174
2013-11-26T05:59:59.998000,0.5344827586206896
2013-11-26T06:59:59.998000,0.5753424657534246
2013-11-26T07:59:59.998000,0.5545023696682464
2013-11-26T08:59:59.998000,0.5786802030456852
2013-11-26T09:59:59.998000,0.6142131979695431
2013-11-26T10:59:59.998000,0.6073298429319371
2013-11-26T11:59:59.998000,0.6432160804020101
2013-11-26T12:59:59.998000,0.6490384615384616
2013-11-26T13:59:59.998000,0.6111111111111112
2013-11-26T14:59:59.998000,0.57847533632287
2013-11-26T15:59:59.998000,0.591304347826087
2013-11-26T16:59:59.998000,0.5367965367965368
2013-11-26T17:59:59.998000,0.5613207547169812
2013-11-26T18:59:59.998000,0.56353591160221
2013-11-26T19:59:59.998000,0.5941176470588235
2013-11-26T20:59:59.998000,0.546875
2013-11-26T21:59:59.998000,0.5477386934673367
2013-11-26T22:59:59.998000,0.5700934579439252
2013-11-26T23:59:59.998000,0.5215686274509804
2013-11-27T00:59:59.998000,0.4006024096385542
2013-11-27T01:59:59.998000,0.4175531914893617
2013-11-27T02:59:59.998000,0.4384615384615385
2013-11-27T03:59:59.998000,0.5510204081632653
2013-11-27T04:59:59.998000,0.553125
2013-11-27T05:59:59.998000,0.5394736842105263
2013-11-27T06:59:59.998000,0.5357142857142857
2013-11-27T07:59:59.998000,0.5407407407407407
2013-11-27T08:59:59.998000,0.5918367346938775
2013-11-27T09:59:59.998000,0.6075949367088608
2013-11-27T10:59:59.998000,0.6111111111111112
2013-11-27T11:59:59.998000,0.6468085106382979
2013-11-27T12:59:59.998000,0.6371308016877637
2013-11-27T13:59:59.998000,0.6352459016393442
2013-11-27T14:59:59.998000,0.5849802371541502
2013-11-27T15:59:59.998000,0.556420233463035
2013-11-27T16:59:59.998000,0.5648535564853556
2013-11-27T17:59:59.998000,0.5283018867924528
2013-11-27T18:59:59.998000,0.5754189944134078
2013-11-27T19:59:59.998000,0.611764705882353
2013-11-27T20:59:59.998000,0.5608465608465608
2013-11-27T21:59:59.998000,0.5612244897959183
2013-11-27T22:59:59.998000,0.5829383886255924
2013-11-27T23:59:59.998000,0.5254901960784314
2013-11-28T00:59:59.998000,0.4126506024096386
2013-11-28T01:59:59.998000,0.4244791666666667
2013-11-28T02:59:59.998000,0.4483627204030227
2013-11-28T03:59:59.998000,0.5491803278688525
2013-11-28T04:59:59.998000,0.5446428571428571
2013-11-28T05:59:59.998000,0.526813880126183
2013-11-28T06:59:59.998000,0.527027027027027
2013-11-28T07:59:59.998000,0.5302491103202847
2013-11-28T08:59:59.998000,0.5891472868217055
2013-11-28T09:59:59.998000,0.6194331983805668
2013-11-28T10:59:59.998000,0.6265560165975104
2013-11-28T11:59:59.998000,0.6666666666666666
2013-11-28T12:59:59.998000,0.6541666666666667
2013-11-28T13:59:59.998000,0.634453781512605
2013-11-28T14:59:59.998000,0.5887096774193549
2013-11-28T15:59:59.998000,0.5742971887550201
2013-11-28T16:59:59.998000,0.5818965517241379
2013-11-28T17:59:59.998000,0.5392156862745098
2013-11-28T18:59:59.998000,0.5919540229885057
2013-11-28T19:59:59.998000,0.644808743169399
2013-11-28T20:59:59.998000,0.5960591133004927
2013-11-28T21:59:59.998000,0.5952380952380952
2013-11-28T22:59:59.998000,0.6167400881057269
2013-11-28T23:59:59.998000,0.5588235294117647
2013-11-29T00:59:59.998000,0.4488636363636364
2013-11-29T01:59:59.998000,0.4619164619164619
2013-11-29T02:59:59.998000,0.485781990521327
2013-11-29T03:59:59.998000,0.5805626598465473
2013-11-29T04:59:59.998000,0.5766016713091922
2013-11-29T05:59:59.998000,0.56047197640118
2013-11-29T06:59:59.998000,0.5632911392405063
2013-11-29T07:59:59.998000,0.5647840531561462
2013-11-29T08:59:59.998000,0.6195652173913043
2013-11-29T09:59:59.998000,0.650375939849624
2013-11-29T10:59:59.998000,0.6576923076923077
2013-11-29T11:59:59.998000,0.6944444444444444
2013-11-29T12:59:59.998000,0.6821705426356589
2013-11-29T13:59:59.998000,0.6640625
2013-11-29T14:59:59.998000,0.6203007518796992
2013-11-29T15:59:59.998000,0.6067415730337079
2013-11-29T16:59:59.998000,0.6144578313253012
2013-11-29T17:59:59.998000,0.5707762557077626
2013-11-29T18:59:59.998000,0.6256684491978609
2013-11-29T19:59:59.998000,0.695852534562212
2013-11-29T20:59:59.998000,0.6512605042016807
2013-11-29T21:59:59.998000,0.6489795918367347
2013-11-29T22:59:59.998000,0.6615384615384615
2013-11-29T23:59:59.998000,0.5966666666666667
2013-11-30T00:59:59.998000,0.5038167938931297
2013-11-30T01:59:59.998000,0.5088888888888888
2013-11-30T02:59:59.998000,0.5269978401727862
2013-11-30T03:59:59.998000,0.6099290780141844
2013-11-30T04:59:59.998000,0.6175
2013-11-30T05:59:59.998000,0.6073298429319371
2013-11-30T06:59:59.998000,0.6100278551532033
2013-11-30T07:59:59.998000,0.6129032258064516
2013-11-30T08:59:59.998000,0.6666666666666666
2013-11-30T09:59:59.998000,0.6928104575163399
2013-11-30T10:59:59.998000,0.7049180327868853
2013-11-30T11:59:59.998000,0.74
2013-11-30T12:59:59.998000,0.7233333333333334
2013-11-30T13:59:59.998000,0.7070707070707071
2013-11-30T14:59:59.998000,0.6611295681063123
2013-11-30T15:59:59.998000,0.6478405315614618
2013-11-30T16:59:59.998000,0.6535714285714286
2013-11-30T17:59:59.998000,0.6254980079681275
2013-11-30T18:59:59.998000,0.6757990867579908
2013-11-30T19:59:59.998000,0.7
2013-11-30T20:59:59.998000,0.6770428015564203
2013-11-30T21:59:59.998000,0.6804511278195489
2013-11-30T22:59:59.998000,0.6909090909090909
2013-11-30T23:59:59.998000,0.6451612903225806
2013-12-01T00:59:59.998000,0.5552825552825553
2013-12-01T01:59:59.998000,0.5828092243186582
2013-12-01T02:59:59.998000,0.5773809523809523
2013-12-01T03:59:59.998000,0.6408602150537634
2013-12-01T04:59:59.998000,0.6477272727272727
2013-12-01T05:59:59.998000,0.6546762589928058
2013-12-01T06:59:59.998000,0.6607142857142857
2013-12-01T07:59:59.998000,0.6576819407008087
2013-12-01T08:59:59.998000,0.6905444126074498
2013-12-01T09:59:59.998000,0.7327327327327328
2013-12-01T10:59:59.998000,0.7409638554216867
2013-12-01T11:59:59.998000,0.7760736196319018
2013-12-01T12:59:59.998000,0.7454545454545455
2013-12-01T13:59:59.998000,0.7272727272727273
2013-12-01T14:59:59.998000,0.6755162241887905
2013-12-01T15:59:59.998000,0.6686746987951807
2013-12-01T16:59:59.998000,0.6656050955414012
2013-12-01T17:59:59.998000,0.6606498194945848
2013-12-01T18:59:59.998000,0.7083333333333334
2013-12-01T19:59:59.998000,0.6716417910447762
2013-12-01T20:59:59.998000,0.6691729323308271
2013-12-01T21:59:59.998000,0.7403100775193798
2013-12-01T22:59:59.998000,0.7021276595744681
2013-12-01T23:59:59.998000,0.6677316293929713
2013-12-02T00:59:59.998000,0.6770833333333334
2013-12-02T01:59:59.998000,0.6099585062240664
2013-12-02T02:59:59.998000,0.5938775510204082
2013-12-02T03:59:59.998000,0.6651685393258427
2013-12-02T04:59:59.998000,0.6884057971014492
2013-12-02T05:59:59.998000,0.6383495145631068
2013-12-02T06:59:59.998000,0.713527851458886
2013-12-02T07:59:59.998000,0.702247191011236
2013-12-02T08:59:59.998000,0.7386018237082067
2013-12-02T09:59:59.998000,0.6484149855907781
2013-12-02T10:59:59.998000,0.6726190476190477
2013-12-02T11:59:59.998000,0.7147147147147147
2013-12-02T12:59:59.998000,0.7723076923076924
2013-12-02T13:59:59.998000,0.7553516819571865
2013-12-02T14:59:59.998000,0.7391304347826086
2013-12-02T15:59:59.998000,0.7388535031847133
2013-12-02T16:59:59.998000,0.707936507936508
2013-12-02T17:59:59.998000,0.7077464788732394
2013-12-02T18:59:59.998000,0.7550200803212851
2013-12-02T19:59:59.998000,0.7226277372262774
2013-12-02T20:59:59.998000,0.6722972972972973
2013-12-02T21:59:59.998000,0.6378737541528239
2013-12-02T22:59:59.998000,0.5734463276836158
2013-12-02T23:59:59.998000,0.5528846153846154
2013-12-03T00:59:59.998000,0.5955284552845529
2013-12-03T01:59:59.998000,0.6619385342789598
2013-12-03T02:59:59.998000,0.6054421768707483
2013-12-03T03:59:59.998000,0.7032418952618454
2013-12-03T04:59:59.998000,0.7253333333333334
2013-12-03T05:59:59.998000,0.7041095890410959
2013-12-03T06:59:59.998000,0.7372881355932204
2013-12-03T07:59:59.998000,0.7227138643067846
2013-12-03T08:59:59.998000,0.745398773006135
2013-12-03T09:59:59.998000,0.7639751552795031
2013-12-03T10:59:59.998000,0.7713414634146342
2013-12-03T11:59:59.998000,0.7815384615384615
2013-12-03T12:59:59.998000,0.7859237536656891
2013-12-03T13:59:59.998000,0.7579250720461095
2013-12-03T14:59:59.998000,0.7298850574712644
2013-12-03T15:59:59.998000,0.7283236994219653
2013-12-03T16:59:59.998000,0.6925287356321839
2013-12-03T17:59:59.998000,0.698051948051948
2013-12-03T18:59:59.998000,0.721830985915493
2013-12-03T19:59:59.998000,0.7434944237918215
2013-12-03T20:59:59.998000,0.7
2013-12-03T21:59:59.998000,0.697986577181208
2013-12-03T22:59:59.998000,0.710691823899371
2013-12-03T23:59:59.998000,0.6573033707865169
2013-12-04T00:59:59.998000,0.5747863247863247
2013-12-04T01:59:59.998000,0.5867924528301887
2013-12-04T02:59:59.998000,0.5981651376146789
2013-12-04T03:59:59.998000,0.6901408450704225
2013-12-04T04:59:59.998000,0.6989473684210527
2013-12-04T05:59:59.998000,0.6909492273730684
2013-12-04T06:59:59.998000,0.6955503512880562
2013-12-04T07:59:59.998000,0.6953316953316954
2013-12-04T08:59:59.998000,0.7402597402597403
2013-12-04T09:59:59.998000,0.7506702412868632
2013-12-04T10:59:59.998000,0.7547169811320755
2013-12-04T11:59:59.998000,0.773224043715847
2013-12-04T12:59:59.998000,0.7706666666666667
2013-12-04T13:59:59.998000,0.7626666666666667
2013-12-04T14:59:59.998000,0.7229551451187335
2013-12-04T15:59:59.998000,0.6910569105691057
2013-12-04T16:59:59.998000,0.7011494252873564
2013-12-04T17:59:59.998000,0.6825396825396826
2013-12-04T18:59:59.998000,0.7256317689530686
2013-12-04T19:59:59.998000,0.7391304347826086
2013-12-04T20:59:59.998000,0.6981818181818182
2013-12-04T21:59:59.998000,0.696113074204947
2013-12-04T22:59:59.998000,0.7066666666666667
2013-12-04T23:59:59.998000,0.6451612903225806
2013-12-05T00:59:59.998000,0.5608108108108109
2013-12-05T01:59:59.998000,0.5658153241650294
2013-12-05T02:59:59.998000,0.5828571428571429
2013-12-05T03:59:59.998000,0.6597938144329897
2013-12-05T04:59:59.998000,0.6666666666666666
2013-12-05T05:59:59.998000,0.6575342465753424
2013-12-05T06:59:59.998000,0.6610169491525424
2013-12-05T07:59:59.998000,0.6641221374045801
2013-12-05T08:59:59.998000,0.7119565217391305
2013-12-05T09:59:59.998000,0.7359550561797753
2013-12-05T10:59:59.998000,0.7464788732394366
2013-12-05T11:59:59.998000,0.7765042979942693
2013-12-05T12:59:59.998000,0.7628571428571429
2013-12-05T13:59:59.998000,0.7478260869565218
2013-12-05T14:59:59.998000,0.7068965517241379
2013-12-05T15:59:59.998000,0.6936416184971098
2013-12-05T16:59:59.998000,0.6987577639751553
2013-12-05T17:59:59.998000,0.6747404844290658
2013-12-05T18:59:59.998000,0.7215686274509804
2013-12-05T19:59:59.998000,0.748062015503876
2013-12-05T20:59:59.998000,0.7071428571428572
2013-12-05T21:59:59.998000,0.7048611111111112
2013-12-05T22:59:59.998000,0.7147540983606557
2013-12-05T23:59:59.998000,0.653179190751445
2013-12-06T00:59:59.998000,0.5698447893569845
2013-12-06T01:59:59.998000,0.5764023210831721
2013-12-06T02:59:59.998000,0.5928705440900562
2013-12-06T03:59:59.998000,0.6693548387096774
2013-12-06T04:59:59.998000,0.6752136752136753
2013-12-06T05:59:59.998000,0.6659192825112108
2013-12-06T06:59:59.998000,0.672209026128266
2013-12-06T07:59:59.998000,0.6733167082294265
2013-12-06T08:59:59.998000,0.7207446808510638
2013-12-06T09:59:59.998000,0.743801652892562
2013-12-06T10:59:59.998000,0.7541436464088398
2013-12-06T11:59:59.998000,0.7830985915492957
2013-12-06T12:59:59.998000,0.7703081232492998
2013-12-06T13:59:59.998000,0.7556818181818182
2013-12-06T14:59:59.998000,0.7162921348314607
2013-12-06T15:59:59.998000,0.7017045454545454
2013-12-06T16:59:59.998000,0.7064220183486238
2013-12-06T17:59:59.998000,0.6824324324324325
2013-12-06T18:59:59.998000,0.7307692307692307
2013-12-06T19:59:59.998000,0.7617328519855595
2013-12-06T20:59:59.998000,0.7233333333333334
2013-12-06T21:59:59.998000,0.7198697068403909
2013-12-06T22:59:59.998000,0.7292307692307692
2013-12-06T23:59:59.998000,0.6666666666666666
2013-12-07T00:59:59.998000,0.5903361344537815
2013-12-07T01:59:59.998000,0.5967153284671532
2013-12-07T02:59:59.998000,0.6123893805309735
2013-12-07T03:59:59.998000,0.6898496240601504
2013-12-07T04:59:59.998000,0.694
2013-12-07T05:59:59.998000,0.6842105263157895
2013-12-07T06:59:59.998000,0.6902654867256637
2013-12-07T07:59:59.998000,0.6930232558139535
2013-12-07T08:59:59.998000,0.736318407960199
2013-12-07T09:59:59.998000,0.7589743589743589
2013-12-07T10:59:59.998000,0.7686375321336761
2013-12-07T11:59:59.998000,0.7941952506596306
2013-12-07T12:59:59.998000,0.783289817232376
2013-12-07T13:59:59.998000,0.7692307692307693
2013-12-07T14:59:59.998000,0.7329842931937173
2013-12-07T15:59:59.998000,0.7173333333333334
2013-12-07T16:59:59.998000,0.7204610951008645
2013-12-07T17:59:59.998000,0.7025316455696202
2013-12-07T18:59:59.998000,0.7473309608540926
2013-12-07T19:59:59.998000,0.7551020408163265
2013-12-07T20:59:59.998000,0.7287581699346405
2013-12-07T21:59:59.998000,0.7301587301587301
2013-12-07T22:59:59.998000,0.7408536585365854
2013-12-07T23:59:59.998000,0.6910112359550562
2013-12-08T00:59:59.998000,0.6148936170212767
2013-12-08T01:59:59.998000,0.6420863309352518
2013-12-08T02:59:59.998000,0.634020618556701
2013-12-08T03:59:59.998000,0.7007168458781362
2013-12-08T04:59:59.998000,0.7036328871892925
2013-12-08T05:59:59.998000,0.7079107505070994
2013-12-08T06:59:59.998000,0.7176220806794055
2013-12-08T07:59:59.998000,0.7171492204899778
2013-12-08T08:59:59.998000,0.7440758293838863
2013-12-08T09:59:59.998000,0.7813267813267813
2013-12-08T10:59:59.998000,0.7876543209876543
2013-12-08T11:59:59.998000,0.8137755102040817
2013-12-08T12:59:59.998000,0.7889447236180904
2013-12-08T13:59:59.998000,0.7755610972568578
2013-12-08T14:59:59.998000,0.7297297297297297
2013-12-08T15:59:59.998000,0.7193877551020408
2013-12-08T16:59:59.998000,0.7138964577656676
2013-12-08T17:59:59.998000,0.718562874251497
2013-12-08T18:59:59.998000,0.7643097643097643
2013-12-08T19:59:59.998000,0.7258566978193146
2013-12-08T20:59:59.998000,0.7283950617283951
2013-12-08T21:59:59.998000,0.7831715210355987
2013-12-08T22:59:59.998000,0.7477477477477478
2013-12-08T23:59:59.998000,0.7103064066852368
2013-12-09T00:59:59.998000,0.7232142857142857
2013-12-09T01:59:59.998000,0.6630824372759857
2013-12-09T02:59:59.998000,0.6471631205673759
2013-12-09T03:59:59.998000,0.7095516569200779
2013-12-09T04:59:59.998000,0.7334710743801653
2013-12-09T05:59:59.998000,0.6869747899159664
2013-12-09T06:59:59.998000,0.7562076749435666
2013-12-09T07:59:59.998000,0.7505882352941177
2013-12-09T08:59:59.998000,0.7844611528822055
2013-12-09T09:59:59.998000,0.7074340527577938
2013-12-09T10:59:59.998000,0.7263681592039801
2013-12-09T11:59:59.998000,0.7588832487309645
2013-12-09T12:59:59.998000,0.8072916666666666
2013-12-09T13:59:59.998000,0.7916666666666666
2013-12-09T14:59:59.998000,0.78125
2013-12-09T15:59:59.998000,0.7824933687002652
2013-12-09T16:59:59.998000,0.7526881720430108
2013-12-09T17:59:59.998000,0.7614942528735632
2013-12-09T18:59:59.998000,0.801948051948052
2013-12-09T19:59:59.998000,0.7571884984025559
2013-12-09T20:59:59.998000,0.7113095238095238
2013-12-09T21:59:59.998000,0.6812865497076024
2013-12-09T22:59:59.998000,0.6138107416879796
2013-12-09T23:59:59.998000,0.5753424657534246
2013-12-10T00:59:59.998000,0.6252354048964218
2013-12-10T01:59:59.998000,0.6963906581740976
2013-12-10T02:59:59.998000,0.6463414634146342
2013-12-10T03:59:59.998000,0.734375
2013-12-10T04:59:59.998000,0.7541766109785203
2013-12-10T05:59:59.998000,0.7359413202933985
2013-12-10T06:59:59.998000,0.7686567164179104
2013-12-10T07:59:59.998000,0.7558441558441559
2013-12-10T08:59:59.998000,0.7768817204301075
2013-12-10T09:59:59.998000,0.790633608815427
2013-12-10T10:59:59.998000,0.7972972972972973
2013-12-10T11:59:59.998000,0.8081081081081081
2013-12-10T12:59:59.998000,0.8093994778067886
2013-12-10T13:59:59.998000,0.7829457364341085
2013-12-10T14:59:59.998000,0.7583547557840618
2013-12-10T15:59:59.998000,0.7558441558441559
2013-12-10T16:59:59.998000,0.7256410256410256
2013-12-10T17:59:59.998000,0.7350427350427351
2013-12-10T18:59:59.998000,0.7515723270440252
2013-12-10T19:59:59.998000,0.7561837455830389
2013-12-10T20:59:59.998000,0.7156862745098039
2013-12-10T21:59:59.998000,0.7124600638977636
2013-12-10T22:59:59.998000,0.7228915662650602
2013-12-10T23:59:59.998000,0.6693766937669376
2013-12-11T00:59:59.998000,0.5896907216494846
2013-12-11T01:59:59.998000,0.6025408348457351
2013-12-11T02:59:59.998000,0.6151142355008787
2013-12-11T03:59:59.998000,0.7044145873320538
2013-12-11T04:59:59.998000,0.7134268537074149
2013-12-11T05:59:59.998000,0.7052631578947368
2013-12-11T06:59:59.998000,0.7098214285714286
2013-12-11T07:59:59.998000,0.7116279069767442
2013-12-11T08:59:59.998000,0.7536945812807881
2013-12-11T09:59:59.998000,0.7627551020408163
2013-12-11T10:59:59.998000,0.7648578811369509
2013-12-11T11:59:59.998000,0.7827225130890052
2013-12-11T12:59:59.998000,0.7811704834605598
2013-12-11T13:59:59.998000,0.7729591836734694
2013-12-11T14:59:59.998000,0.7355163727959698
2013-12-11T15:59:59.998000,0.703125
2013-12-11T16:59:59.998000,0.7134986225895317
2013-12-11T17:59:59.998000,0.6987951807228916
2013-12-11T18:59:59.998000,0.7397260273972602
2013-12-11T19:59:59.998000,0.7716262975778547
2013-12-11T20:59:59.998000,0.7331189710610932
2013-12-11T21:59:59.998000,0.7304075235109718
2013-12-11T22:59:59.998000,0.7388724035608308
2013-12-11T23:59:59.998000,0.6747311827956989
2013-12-12T00:59:59.998000,0.6028513238289206
2013-12-12T01:59:59.998000,0.6095406360424028
2013-12-12T02:59:59.998000,0.625
2013-12-12T03:59:59.998000,0.7027027027027027
2013-12-12T04:59:59.998000,0.7052023121387283
2013-12-12T05:59:59.998000,0.6951219512195121
2013-12-12T06:59:59.998000,0.7021276595744681
2013-12-12T07:59:59.998000,0.7053571428571429
2013-12-12T08:59:59.998000,0.747016706443914
2013-12-12T09:59:59.998000,0.7684729064039408
2013-12-12T10:59:59.998000,0.7777777777777778
2013-12-12T11:59:59.998000,0.8015267175572519
2013-12-12T12:59:59.998000,0.7919799498746867
2013-12-12T13:59:59.998000,0.7786259541984732
2013-12-12T14:59:59.998000,0.7443609022556391
2013-12-12T15:59:59.998000,0.7268041237113402
2013-12-12T16:59:59.998000,0.7298050139275766
2013-12-12T17:59:59.998000,0.7134146341463414
2013-12-12T18:59:59.998000,0.7585034013605442
2013-12-12T19:59:59.998000,0.7847682119205298
2013-12-12T20:59:59.998000,0.7461300309597523
2013-12-12T21:59:59.998000,0.743202416918429
2013-12-12T22:59:59.998000,0.7521367521367521
2013-12-12T23:59:59.998000,0.6883116883116883
2013-12-13T00:59:59.998000,0.6158415841584158
2013-12-13T01:59:59.998000,0.6243567753001715
2013-12-13T02:59:59.998000,0.6383333333333333
2013-12-13T03:59:59.998000,0.712280701754386
2013-12-13T04:59:59.998000,0.7137476459510358
2013-12-13T05:59:59.998000,0.7049504950495049
2013-12-13T06:59:59.998000,0.7142857142857143
2013-12-13T07:59:59.998000,0.7158351409978309
2013-12-13T08:59:59.998000,0.7563805104408353
2013-12-13T09:59:59.998000,0.7780429594272077
2013-12-13T10:59:59.998000,0.7875894988066826
2013-12-13T11:59:59.998000,0.8098765432098766
2013-12-13T12:59:59.998000,0.801452784503632
2013-12-13T13:59:59.998000,0.7876543209876543
2013-12-13T14:59:59.998000,0.7548543689320388
2013-12-13T15:59:59.998000,0.7381546134663342
2013-12-13T16:59:59.998000,0.7419354838709677
2013-12-13T17:59:59.998000,0.7283236994219653
2013-12-13T18:59:59.998000,0.7734627831715211
2013-12-13T19:59:59.998000,0.7904761904761904
2013-12-13T20:59:59.998000,0.7522388059701492
2013-12-13T21:59:59.998000,0.749271137026239
2013-12-13T22:59:59.998000,0.7575757575757576
2013-12-13T23:59:59.998000,0.6944444444444444
2013-12-14T00:59:59.998000,0.6235521235521235
2013-12-14T01:59:59.998000,0.6316666666666667
2013-12-14T02:59:59.998000,0.6444805194805194
2013-12-14T03:59:59.998000,0.7189097103918228
2013-12-14T04:59:59.998000,0.720292504570384
2013-12-14T05:59:59.998000,0.7109826589595376
2013-12-14T06:59:59.998000,0.7194388777555111
2013-12-14T07:59:59.998000,0.7221052631578947
2013-12-14T08:59:59.998000,0.7612612612612613
2013-12-14T09:59:59.998000,0.7829099307159353
2013-12-14T10:59:59.998000,0.792147806004619
2013-12-14T11:59:59.998000,0.8138424821002387
2013-12-14T12:59:59.998000,0.8056206088992974
2013-12-14T13:59:59.998000,0.7923627684964201
2013-12-14T14:59:59.998000,0.7605633802816901
2013-12-14T15:59:59.998000,0.7439613526570048
2013-12-14T16:59:59.998000,0.7480519480519481
2013-12-14T17:59:59.998000,0.7381615598885793
2013-12-14T18:59:59.998000,0.7795031055900621
2013-12-14T19:59:59.998000,0.7491289198606271
2013-12-14T20:59:59.998000,0.7233333333333334
2013-12-14T21:59:59.998000,0.7249190938511327
2013-12-14T22:59:59.998000,0.735202492211838
2013-12-14T23:59:59.998000,0.6857142857142857
2013-12-15T00:59:59.998000,0.6082251082251082
2013-12-15T01:59:59.998000,0.6355311355311355
2013-12-15T02:59:59.998000,0.6282722513089005
2013-12-15T03:59:59.998000,0.6946983546617916
2013-12-15T04:59:59.998000,0.6978557504873294
2013-12-15T05:59:59.998000,0.7024793388429752
2013-12-15T06:59:59.998000,0.7114967462039046
2013-12-15T07:59:59.998000,0.7107061503416856
2013-12-15T08:59:59.998000,0.738498789346247
2013-12-15T09:59:59.998000,0.7763819095477387
2013-12-15T10:59:59.998000,0.7828282828282829
2013-12-15T11:59:59.998000,0.8098958333333334
2013-12-15T12:59:59.998000,0.7846153846153846
2013-12-15T13:59:59.998000,0.7704081632653061
2013-12-15T14:59:59.998000,0.7236180904522613
2013-12-15T15:59:59.998000,0.7135416666666666
2013-12-15T16:59:59.998000,0.7083333333333334
2013-12-15T17:59:59.998000,0.7116564417177914
2013-12-15T18:59:59.998000,0.7577854671280276
2013-12-15T19:59:59.998000,0.648
2013-12-15T20:59:59.998000,0.6437246963562753
2013-12-15T21:59:59.998000,0.7208333333333333
2013-12-15T22:59:59.998000,0.6818181818181818
2013-12-15T23:59:59.998000,0.6474576271186441
2013-12-16T00:59:59.998000,0.6555555555555556
2013-12-16T01:59:59.998000,0.5868131868131868
2013-12-16T02:59:59.998000,0.5692640692640693
2013-12-16T03:59:59.998000,0.6443914081145584
2013-12-16T04:59:59.998000,0.6675257731958762
2013-12-16T05:59:59.998000,0.6149870801033591
2013-12-16T06:59:59.998000,0.6931818181818182
2013-12-16T07:59:59.998000,0.6807228915662651
2013-12-16T08:59:59.998000,0.7161716171617162
2013-12-16T09:59:59.998000,0.6199376947040498
2013-12-16T10:59:59.998000,0.6485623003194888
2013-12-16T11:59:59.998000,0.6935483870967742
2013-12-16T12:59:59.998000,0.7549668874172185
2013-12-16T13:59:59.998000,0.7377049180327869
2013-12-16T14:59:59.998000,0.72
2013-12-16T15:59:59.998000,0.7201365187713311
2013-12-16T16:59:59.998000,0.6891891891891891
2013-12-16T17:59:59.998000,0.6867924528301886
2013-12-16T18:59:59.998000,0.7359307359307359
2013-12-16T19:59:59.998000,0.6607142857142857
2013-12-16T20:59:59.998000,0.612
2013-12-16T21:59:59.998000,0.564
2013-12-16T22:59:59.998000,0.5
2013-12-16T23:59:59.998000,0.4945652173913043
2013-12-17T00:59:59.998000,0.5339578454332553
2013-12-17T01:59:59.998000,0.596045197740113
2013-12-17T02:59:59.998000,0.5309973045822103
2013-12-17T03:59:59.998000,0.6382978723404256
2013-12-17T04:59:59.998000,0.6655844155844156
2013-12-17T05:59:59.998000,0.6375838926174496
2013-12-17T06:59:59.998000,0.6736842105263158
2013-12-17T07:59:59.998000,0.656934306569343
2013-12-17T08:59:59.998000,0.6807692307692308
2013-12-17T09:59:59.998000,0.7088122605363985
2013-12-17T10:59:59.998000,0.7137404580152672
2013-12-17T11:59:59.998000,0.7279693486590039
2013-12-17T12:59:59.998000,0.7355072463768116
2013-12-17T13:59:59.998000,0.7052631578947368
2013-12-17T14:59:59.998000,0.6736111111111112
2013-12-17T15:59:59.998000,0.6758620689655173
2013-12-17T16:59:59.998000,0.6323024054982818
2013-12-17T17:59:59.998000,0.640926640926641
2013-12-17T18:59:59.998000,0.6652542372881356
2013-12-17T19:59:59.998000,0.6682692307692307
2013-12-17T20:59:59.998000,0.6200873362445415
2013-12-17T21:59:59.998000,0.620253164556962
2013-12-17T22:59:59.998000,0.6377952755905512
2013-12-17T23:59:59.998000,0.5864406779661017
2013-12-18T00:59:59.998000,0.4831168831168831
2013-12-18T01:59:59.998000,0.4977064220183486
2013-12-18T02:59:59.998000,0.512249443207127
2013-12-18T03:59:59.998000,0.6159600997506235
2013-12-18T04:59:59.998000,0.6216931216931217
2013-12-18T05:59:59.998000,0.6132596685082873
2013-12-18T06:59:59.998000,0.6142433234421365
2013-12-18T07:59:59.998000,0.6149068322981367
2013-12-18T08:59:59.998000,0.6655518394648829
2013-12-18T09:59:59.998000,0.6804123711340206
2013-12-18T10:59:59.998000,0.6851211072664359
2013-12-18T11:59:59.998000,0.710801393728223
2013-12-18T12:59:59.998000,0.7054794520547946
2013-12-18T13:59:59.998000,0.6983050847457627
2013-12-18T14:59:59.998000,0.652317880794702
2013-12-18T15:59:59.998000,0.62
2013-12-18T16:59:59.998000,0.6298932384341637
2013-12-18T17:59:59.998000,0.601593625498008
2013-12-18T18:59:59.998000,0.6481481481481481
2013-12-18T19:59:59.998000,0.6872037914691943
2013-12-18T20:59:59.998000,0.6422413793103449
2013-12-18T21:59:59.998000,0.6401673640167364
2013-12-18T22:59:59.998000,0.6549019607843137
2013-12-18T23:59:59.998000,0.5939597315436241
2013-12-19T00:59:59.998000,0.4961240310077519
2013-12-19T01:59:59.998000,0.503370786516854
2013-12-19T02:59:59.998000,0.5228758169934641
2013-12-19T03:59:59.998000,0.6090047393364929
2013-12-19T04:59:59.998000,0.6136363636363636
2013-12-19T05:59:59.998000,0.6021220159151194
2013-12-19T06:59:59.998000,0.603399433427762
2013-12-19T07:59:59.998000,0.6059701492537314
2013-12-19T08:59:59.998000,0.6602564102564102
2013-12-19T09:59:59.998000,0.6866666666666666
2013-12-19T10:59:59.998000,0.697986577181208
2013-12-19T11:59:59.998000,0.7328767123287672
2013-12-19T12:59:59.998000,0.717687074829932
2013-12-19T13:59:59.998000,0.7010309278350515
2013-12-19T14:59:59.998000,0.6565656565656566
2013-12-19T15:59:59.998000,0.6430976430976431
2013-12-19T16:59:59.998000,0.6485507246376812
2013-12-19T17:59:59.998000,0.6178861788617886
2013-12-19T18:59:59.998000,0.6682242990654206
2013-12-19T19:59:59.998000,0.7058823529411765
2013-12-19T20:59:59.998000,0.6611570247933884
2013-12-19T21:59:59.998000,0.66
2013-12-19T22:59:59.998000,0.6729323308270677
2013-12-19T23:59:59.998000,0.6091205211726385
2013-12-20T00:59:59.998000,0.516209476309227
2013-12-20T01:59:59.998000,0.5228758169934641
2013-12-20T02:59:59.998000,0.5412262156448203
2013-12-20T03:59:59.998000,0.6221198156682027
2013-12-20T04:59:59.998000,0.628361858190709
2013-12-20T05:59:59.998000,0.618925831202046
2013-12-20T06:59:59.998000,0.6229508196721312
2013-12-20T07:59:59.998000,0.6246418338108882
2013-12-20T08:59:59.998000,0.676923076923077
2013-12-20T09:59:59.998000,0.7028753993610224
2013-12-20T10:59:59.998000,0.7147435897435898
2013-12-20T11:59:59.998000,0.7483660130718954
2013-12-20T12:59:59.998000,0.7328990228013029
2013-12-20T13:59:59.998000,0.7161716171617162
2013-12-20T14:59:59.998000,0.6731391585760518
2013-12-20T15:59:59.998000,0.6590909090909091
2013-12-20T16:59:59.998000,0.6643356643356644
2013-12-20T17:59:59.998000,0.6342412451361867
2013-12-20T18:59:59.998000,0.6875
2013-12-20T19:59:59.998000,0.7272727272727273
2013-12-20T20:59:59.998000,0.6867924528301886
2013-12-20T21:59:59.998000,0.6838235294117647
2013-12-20T22:59:59.998000,0.6944444444444444
2013-12-20T23:59:59.998000,0.6333333333333333
2013-12-21T00:59:59.998000,0.5465116279069767
2013-12-21T01:59:59.998000,0.5508130081300813
2013-12-21T02:59:59.998000,0.5680473372781065
2013-12-21T03:59:59.998000,0.6459227467811158
2013-12-21T04:59:59.998000,0.6538461538461539
2013-12-21T05:59:59.998000,0.6445497630331753
2013-12-21T06:59:59.998000,0.6473551637279596
2013-12-21T07:59:59.998000,0.649867374005305
2013-12-21T08:59:59.998000,0.6997167138810199
2013-12-21T09:59:59.998000,0.7243401759530792
2013-12-21T10:59:59.998000,0.7352941176470589
2013-12-21T11:59:59.998000,0.7671641791044777
2013-12-21T12:59:59.998000,0.7522388059701492
2013-12-21T13:59:59.998000,0.7371601208459214
2013-12-21T14:59:59.998000,0.6946107784431138
2013-12-21T15:59:59.998000,0.6816816816816816
2013-12-21T16:59:59.998000,0.6870967741935484
2013-12-21T17:59:59.998000,0.6618705035971223
2013-12-21T18:59:59.998000,0.7090163934426229
2013-12-21T19:59:59.998000,0.7073170731707317
2013-12-21T20:59:59.998000,0.683206106870229
2013-12-21T21:59:59.998000,0.6863468634686347
2013-12-21T22:59:59.998000,0.697508896797153
2013-12-21T23:59:59.998000,0.6507936507936508
2013-12-22T00:59:59.998000,0.5628019323671497
2013-12-22T01:59:59.998000,0.5896907216494846
2013-12-22T02:59:59.998000,0.583984375
2013-12-22T03:59:59.998000,0.6491596638655462
2013-12-22T04:59:59.998000,0.6555555555555556
2013-12-22T05:59:59.998000,0.6619718309859155
2013-12-22T06:59:59.998000,0.6683291770573566
2013-12-22T07:59:59.998000,0.6657894736842105
2013-12-22T08:59:59.998000,0.6983240223463687
2013-12-22T09:59:59.998000,0.7390029325513197
2013-12-22T10:59:59.998000,0.7470588235294118
2013-12-22T11:59:59.998000,0.781437125748503
2013-12-22T12:59:59.998000,0.7514792899408284
2013-12-22T13:59:59.998000,0.7345132743362832
2013-12-22T14:59:59.998000,0.6829971181556196
2013-12-22T15:59:59.998000,0.6755162241887905
2013-12-22T16:59:59.998000,0.671875
2013-12-22T17:59:59.998000,0.6678445229681979
2013-12-22T18:59:59.998000,0.7154471544715447
2013-12-22T19:59:59.998000,0.6437246963562753
2013-12-22T20:59:59.998000,0.6422764227642277
2013-12-22T21:59:59.998000,0.7184873949579832
2013-12-22T22:59:59.998000,0.6793893129770993
2013-12-22T23:59:59.998000,0.6450511945392492
2013-12-23T00:59:59.998000,0.6526610644257703
2013-12-23T01:59:59.998000,0.5831485587583148
2013-12-23T02:59:59.998000,0.5673913043478261
2013-12-23T03:59:59.998000,0.6426858513189448
2013-12-23T04:59:59.998000,0.6658031088082902
2013-12-23T05:59:59.998000,0.6119791666666666
2013-12-23T06:59:59.998000,0.6905444126074498
2013-12-23T07:59:59.998000,0.6787878787878788
2013-12-23T08:59:59.998000,0.7142857142857143
2013-12-23T09:59:59.998000,0.6175548589341693
2013-12-23T10:59:59.998000,0.6451612903225806
2013-12-23T11:59:59.998000,0.6905537459283387
2013-12-23T12:59:59.998000,0.7525083612040134
2013-12-23T13:59:59.998000,0.7350993377483444
2013-12-23T14:59:59.998000,0.7181208053691275
2013-12-23T15:59:59.998000,0.718213058419244
2013-12-23T16:59:59.998000,0.6860068259385665
2013-12-23T17:59:59.998000,0.6856060606060606
2013-12-23T18:59:59.998000,0.7336244541484717
2013-12-23T19:59:59.998000,0.638095238095238
2013-12-23T20:59:59.998000,0.5958333333333333
2013-12-23T21:59:59.998000,0.5439330543933054
2013-12-23T22:59:59.998000,0.4756944444444444
2013-12-23T23:59:59.998000,0.4639769452449568
2013-12-24T00:59:59.998000,0.5098522167487685
2013-12-24T01:59:59.998000,0.5744047619047619
2013-12-24T02:59:59.998000,0.5070821529745042
2013-12-24T03:59:59.998000,0.6148867313915858
2013-12-24T04:59:59.998000,0.6448275862068965
2013-12-24T05:59:59.998000,0.6156583629893239
2013-12-24T06:59:59.998000,0.6529850746268657
2013-12-24T07:59:59.998000,0.6342412451361867
2013-12-24T08:59:59.998000,0.6584362139917695
2013-12-24T09:59:59.998000,0.6872427983539094
2013-12-24T10:59:59.998000,0.6887966804979253
2013-12-24T11:59:59.998000,0.7090163934426229
2013-12-24T12:59:59.998000,0.7159533073929961
2013-12-24T13:59:59.998000,0.6830188679245283
2013-12-24T14:59:59.998000,0.6505576208178439
2013-12-24T15:59:59.998000,0.6556776556776557
2013-12-24T16:59:59.998000,0.6094890510948905
2013-12-24T17:59:59.998000,0.6234817813765182
2013-12-24T18:59:59.998000,0.639269406392694
2013-12-24T19:59:59.998000,0.603448275862069
2013-12-24T20:59:59.998000,0.5538461538461539
2013-12-24T21:59:59.998000,0.5544554455445545
2013-12-24T22:59:59.998000,0.576036866359447
2013-12-24T23:59:59.998000,0.5234375
2013-12-25T00:59:59.998000,0.4077380952380952
2013-12-25T01:59:59.998000,0.4267015706806283
2013-12-25T02:59:59.998000,0.4427480916030535
2013-12-25T03:59:59.998000,0.553623188405797
2013-12-25T04:59:59.998000,0.558641975308642
2013-12-25T05:59:59.998000,0.5469255663430421
2013-12-25T06:59:59.998000,0.5454545454545454
2013-12-25T07:59:59.998000,0.5474452554744526
2013-12-25T08:59:59.998000,0.601593625498008
2013-12-25T09:59:59.998000,0.6172839506172839
2013-12-25T10:59:59.998000,0.6224066390041494
2013-12-25T11:59:59.998000,0.6541666666666667
2013-12-25T12:59:59.998000,0.6460905349794238
2013-12-25T13:59:59.998000,0.6411290322580645
2013-12-25T14:59:59.998000,0.58984375
2013-12-25T15:59:59.998000,0.5581395348837209
2013-12-25T16:59:59.998000,0.5684647302904564
2013-12-25T17:59:59.998000,0.5348837209302325
2013-12-25T18:59:59.998000,0.5846994535519126
2013-12-25T19:59:59.998000,0.5849056603773585
2013-12-25T20:59:59.998000,0.5310734463276836
2013-12-25T21:59:59.998000,0.532608695652174
2013-12-25T22:59:59.998000,0.5532994923857868
2013-12-25T23:59:59.998000,0.4937238493723849
2013-12-26T00:59:59.998000,0.3789808917197452
2013-12-26T01:59:59.998000,0.3928571428571428
2013-12-26T02:59:59.998000,0.416
2013-12-26T03:59:59.998000,0.5175438596491229
2013-12-26T04:59:59.998000,0.5142857142857142
2013-12-26T05:59:59.998000,0.494949494949495
2013-12-26T06:59:59.998000,0.4964028776978417
2013-12-26T07:59:59.998000,0.4980988593155893
2013-12-26T08:59:59.998000,0.5583333333333333
2013-12-26T09:59:59.998000,0.591304347826087
2013-12-26T10:59:59.998000,0.5982142857142857
2013-12-26T11:59:59.998000,0.6405529953917051
2013-12-26T12:59:59.998000,0.6261261261261262
2013-12-26T13:59:59.998000,0.6063348416289592
2013-12-26T14:59:59.998000,0.5584415584415584
2013-12-26T15:59:59.998000,0.5431034482758621
2013-12-26T16:59:59.998000,0.5529953917050692
2013-12-26T17:59:59.998000,0.5104166666666666
2013-12-26T18:59:59.998000,0.5644171779141104
2013-12-26T19:59:59.998000,0.6012269938650306
2013-12-26T20:59:59.998000,0.5494505494505495
2013-12-26T21:59:59.998000,0.5502645502645502
2013-12-26T22:59:59.998000,0.5714285714285714
2013-12-26T23:59:59.998000,0.5121951219512195
2013-12-27T00:59:59.998000,0.3956386292834891
2013-12-27T01:59:59.998000,0.4097035040431267
2013-12-27T02:59:59.998000,0.433420365535248
2013-12-27T03:59:59.998000,0.5340909090909091
2013-12-27T04:59:59.998000,0.5294117647058824
2013-12-27T05:59:59.998000,0.5114754098360655
2013-12-27T06:59:59.998000,0.5140845070422535
2013-12-27T07:59:59.998000,0.5166051660516605
2013-12-27T08:59:59.998000,0.5748987854251012
2013-12-27T09:59:59.998000,0.6075949367088608
2013-12-27T10:59:59.998000,0.6163793103448276
2013-12-27T11:59:59.998000,0.65625
2013-12-27T12:59:59.998000,0.6434782608695652
2013-12-27T13:59:59.998000,0.6228070175438597
2013-12-27T14:59:59.998000,0.5756302521008403
2013-12-27T15:59:59.998000,0.5606694560669456
2013-12-27T16:59:59.998000,0.5695067264573991
2013-12-27T17:59:59.998000,0.5228426395939086
2013-12-27T18:59:59.998000,0.5808383233532934
2013-12-27T19:59:59.998000,0.6162790697674418
2013-12-27T20:59:59.998000,0.5654450261780105
2013-12-27T21:59:59.998000,0.5656565656565656
2013-12-27T22:59:59.998000,0.5868544600938967
2013-12-27T23:59:59.998000,0.5310077519379846
2013-12-28T00:59:59.998000,0.417910447761194
2013-12-28T01:59:59.998000,0.4289405684754522
2013-12-28T02:59:59.998000,0.4525
2013-12-28T03:59:59.998000,0.5528455284552846
2013-12-28T04:59:59.998000,0.5486725663716814
2013-12-28T05:59:59.998000,0.53125
2013-12-28T06:59:59.998000,0.5317725752508361
2013-12-28T07:59:59.998000,0.5352112676056338
2013-12-28T08:59:59.998000,0.5938697318007663
2013-12-28T09:59:59.998000,0.624
2013-12-28T10:59:59.998000,0.6311475409836066
2013-12-28T11:59:59.998000,0.6708860759493671
2013-12-28T12:59:59.998000,0.6584362139917695
2013-12-28T13:59:59.998000,0.6390041493775933
2013-12-28T14:59:59.998000,0.5936254980079682
2013-12-28T15:59:59.998000,0.5793650793650794
2013-12-28T16:59:59.998000,0.5854700854700855
2013-12-28T17:59:59.998000,0.5436893203883495
2013-12-28T18:59:59.998000,0.5965909090909091
2013-12-28T19:59:59.998000,0.6435643564356436
2013-12-28T20:59:59.998000,0.6192660550458715
2013-12-28T21:59:59.998000,0.6222222222222222
2013-12-28T22:59:59.998000,0.6382978723404256
2013-12-28T23:59:59.998000,0.5940959409594095
2013-12-29T00:59:59.998000,0.4887005649717514
2013-12-29T01:59:59.998000,0.5227817745803357
2013-12-29T02:59:59.998000,0.5202702702702703
2013-12-29T03:59:59.998000,0.5936739659367397
2013-12-29T04:59:59.998000,0.5974025974025974
2013-12-29T05:59:59.998000,0.6011080332409973
2013-12-29T06:59:59.998000,0.606508875739645
2013-12-29T07:59:59.998000,0.603125
2013-12-29T08:59:59.998000,0.6387959866220736
2013-12-29T09:59:59.998000,0.6866197183098591
2013-12-29T10:59:59.998000,0.693950177935943
2013-12-29T11:59:59.998000,0.7326007326007326
2013-12-29T12:59:59.998000,0.6989247311827957
2013-12-29T13:59:59.998000,0.6808510638297872
2013-12-29T14:59:59.998000,0.6232876712328768
2013-12-29T15:59:59.998000,0.6180555555555556
2013-12-29T16:59:59.998000,0.6153846153846154
2013-12-29T17:59:59.998000,0.6050420168067226
2013-12-29T18:59:59.998000,0.6568627450980392
2013-12-29T19:59:59.998000,0.5577889447236181
2013-12-29T20:59:59.998000,0.5577889447236181
2013-12-29T21:59:59.998000,0.6436170212765957
2013-12-29T22:59:59.998000,0.6074766355140186
2013-12-29T23:59:59.998000,0.5789473684210527
2013-12-30T00:59:59.998000,0.581081081081081
2013-12-30T01:59:59.998000,0.503957783641161
2013-12-30T02:59:59.998000,0.4897435897435897
2013-12-30T03:59:59.998000,0.5754985754985755
2013-12-30T04:59:59.998000,0.596875
2013-12-30T05:59:59.998000,0.5329153605015674
2013-12-30T06:59:59.998000,0.6197183098591549
2013-12-30T07:59:59.998000,0.6059479553903345
2013-12-30T08:59:59.998000,0.635593220338983
2013-12-30T09:59:59.998000,0.5215686274509804
2013-12-30T10:59:59.998000,0.5582329317269076
2013-12-30T11:59:59.998000,0.6122448979591837
2013-12-30T12:59:59.998000,0.6877637130801688
2013-12-30T13:59:59.998000,0.6721311475409836
2013-12-30T14:59:59.998000,0.65
2013-12-30T15:59:59.998000,0.6554621848739496
2013-12-30T16:59:59.998000,0.6166666666666667
2013-12-30T17:59:59.998000,0.6175115207373272
2013-12-30T18:59:59.998000,0.6648351648351648
2013-12-30T19:59:59.998000,0.6122448979591837
2013-12-30T20:59:59.998000,0.5745614035087719
2013-12-30T21:59:59.998000,0.5133928571428571
2013-12-30T22:59:59.998000,0.4489051094890511
2013-12-30T23:59:59.998000,0.4431137724550898
2013-12-31T00:59:59.998000,0.4884318766066838
2013-12-31T01:59:59.998000,0.5488958990536278
2013-12-31T02:59:59.998000,0.4790419161676647
2013-12-31T03:59:59.998000,0.5868055555555556
2013-12-31T04:59:59.998000,0.6185185185185185
2013-12-31T05:59:59.998000,0.5862068965517241
2013-12-31T06:59:59.998000,0.625
2013-12-31T07:59:59.998000,0.6050420168067226
2013-12-31T08:59:59.998000,0.6294642857142857
2013-12-31T09:59:59.998000,0.6622222222222223
2013-12-31T10:59:59.998000,0.6606334841628959
2013-12-31T11:59:59.998000,0.6858407079646017
2013-12-31T12:59:59.998000,0.6932773109243697
2013-12-31T13:59:59.998000,0.6585365853658537
2013-12-31T14:59:59.998000,0.6254980079681275
2013-12-31T15:59:59.998000,0.6342412451361867
2013-12-31T16:59:59.998000,0.5852713178294574
2013-12-31T17:59:59.998000,0.6025641025641025
2013-12-31T18:59:59.998000,0.6146341463414634
2013-12-31T19:59:59.998000,0.625
2013-12-31T20:59:59.998000,0.5756097560975609
2013-12-31T21:59:59.998000,0.5754716981132075
2013-12-31T22:59:59.998000,0.5964912280701754
